Ticker,SOL-USD,SOL-USD,SOL-USD,SOL-USD,SOL-USD,ETH-USD,ETH-USD,ETH-USD,ETH-USD,ETH-USD,BTC-USD,BTC-USD,BTC-USD,BTC-USD,BTC-USD
Price,Open,High,Low,Close,Volume,Open,High,Low,Close,Volume,Open,High,Low,Close,Volume
Date,,,,,,,,,,,,,,,
2017-01-01,,,,,,,,,,,963.6580200195312,1003.0800170898438,958.698974609375,998.3250122070312,147775008
2017-01-02,,,,,,,,,,,998.6170043945312,1031.3900146484375,996.7020263671875,1021.75,222184992
2017-01-03,,,,,,,,,,,1021.5999755859375,1044.0799560546875,1021.5999755859375,1043.8399658203125,185168000
2017-01-04,,,,,,,,,,,1044.4000244140625,1159.4200439453125,1044.4000244140625,1154.72998046875,344945984
2017-01-05,,,,,,,,,,,1156.72998046875,1191.0999755859375,910.4169921875,1013.3800048828125,510199008
2017-01-06,,,,,,,,,,,1014.239990234375,1046.81005859375,883.9439697265625,902.2009887695312,351876000
2017-01-07,,,,,,,,,,,903.4869995117188,908.5850219726562,823.5560302734375,908.5850219726562,279550016
2017-01-08,,,,,,,,,,,908.1749877929688,942.7239990234375,887.2490234375,911.198974609375,158715008
2017-01-09,,,,,,,,,,,913.2440185546875,913.6859741210938,879.8070068359375,902.8280029296875,141876992
2017-01-10,,,,,,,,,,,902.4400024414062,914.8729858398438,901.0599975585938,907.6790161132812,115808000
2017-01-11,,,,,,,,,,,908.114990234375,919.447998046875,762.7650146484375,777.7570190429688,310928992
2017-01-12,,,,,,,,,,,775.177978515625,826.2459716796875,755.7559814453125,804.833984375,222326000
2017-01-13,,,,,,,,,,,803.7369995117188,829.0009765625,780.0029907226562,823.9840087890625,168968000
2017-01-14,,,,,,,,,,,825.1420288085938,835.0850219726562,812.4559936523438,818.4119873046875,93063296
2017-01-15,,,,,,,,,,,818.1420288085938,823.3070068359375,812.8709716796875,821.7979736328125,71013600
2017-01-16,,,,,,,,,,,821.7830200195312,834.530029296875,820.27099609375,831.5339965820312,82755200
2017-01-17,,,,,,,,,,,830.9459838867188,910.5609741210938,830.7960205078125,907.93798828125,155095008
2017-01-18,,,,,,,,,,,909.3729858398438,917.4990234375,858.3040161132812,886.6179809570312,225676992
2017-01-19,,,,,,,,,,,888.3350219726562,904.614013671875,884.3380126953125,899.072998046875,105625000
2017-01-20,,,,,,,,,,,898.1719970703125,899.3980102539062,887.0079956054688,895.0260009765625,86728400
2017-01-21,,,,,,,,,,,895.5490112304688,927.3670043945312,895.5349731445312,921.7890014648438,111158000
2017-01-22,,,,,,,,,,,922.2050170898438,937.5250244140625,897.5640258789062,924.6729736328125,116573000
2017-01-23,,,,,,,,,,,925.4990234375,928.2659912109375,916.7379760742188,921.0120239257812,73588600
2017-01-24,,,,,,,,,,,910.677001953125,924.14501953125,892.2860107421875,892.68701171875,111349000
2017-01-25,,,,,,,,,,,891.9240112304688,903.2520141601562,891.68701171875,901.5419921875,120831000
2017-01-26,,,,,,,,,,,902.39501953125,919.3259887695312,902.2239990234375,917.5859985351562,131958000
2017-01-27,,,,,,,,,,,918.3590087890625,923.2230224609375,915.8460083007812,919.75,125594000
2017-01-28,,,,,,,,,,,919.8109741210938,923.9110107421875,919.8109741210938,921.5900268554688,68979600
2017-01-29,,,,,,,,,,,922.0670166015625,923.4180297851562,919.1480102539062,919.4959716796875,60851700
2017-01-30,,,,,,,,,,,920.1510009765625,923.0479736328125,919.4739990234375,920.3820190429688,78227296
2017-01-31,,,,,,,,,,,920.958984375,972.0189819335938,920.958984375,970.4030151367188,164582000
2017-02-01,,,,,,,,,,,970.9409790039062,989.114013671875,970.7420043945312,989.0230102539062,150110000
2017-02-02,,,,,,,,,,,990.0009765625,1013.52001953125,983.2210083007812,1011.7999877929688,145820992
2017-02-03,,,,,,,,,,,1011.4600219726562,1033.8699951171875,1008.7899780273438,1029.9100341796875,201278000
2017-02-04,,,,,,,,,,,1031.3299560546875,1045.9000244140625,1015.1599731445312,1042.9000244140625,155064000
2017-02-05,,,,,,,,,,,1043.52001953125,1043.6300048828125,1022.3699951171875,1027.3399658203125,114208000
2017-02-06,,,,,,,,,,,1028.4000244140625,1044.6400146484375,1028.1600341796875,1038.1500244140625,111762000
2017-02-07,,,,,,,,,,,1040.1400146484375,1061.9300537109375,1040.1400146484375,1061.3499755859375,146007008
2017-02-08,,,,,,,,,,,1062.3199462890625,1078.969970703125,1037.489990234375,1063.0699462890625,201855008
2017-02-09,,,,,,,,,,,1064.699951171875,1088.989990234375,953.343994140625,994.3829956054688,407220000
2017-02-10,,,,,,,,,,,995.6320190429688,998.905029296875,946.6909790039062,988.6740112304688,190452000
2017-02-11,,,,,,,,,,,988.8980102539062,1009.2899780273438,982.8300170898438,1004.4500122070312,102261000
2017-02-12,,,,,,,,,,,1003.52001953125,1004.760009765625,996.9210205078125,999.1810302734375,67530000
2017-02-13,,,,,,,,,,,998.885009765625,1002.0999755859375,976.0020141601562,990.6420288085938,100607000
2017-02-14,,,,,,,,,,,991.7349853515625,1011.510009765625,986.4710083007812,1004.5499877929688,137946000
2017-02-15,,,,,,,,,,,1006.2100219726562,1008.8400268554688,1001.5800170898438,1007.47998046875,89759400
2017-02-16,,,,,,,,,,,1007.6500244140625,1033.3699951171875,1007.6500244140625,1027.43994140625,122277000
2017-02-17,,,,,,,,,,,1026.1199951171875,1053.1700439453125,1025.6400146484375,1046.2099609375,136474000
2017-02-18,,,,,,,,,,,1049.2099609375,1061.0999755859375,1046.9599609375,1054.4200439453125,99073504
2017-02-19,,,,,,,,,,,1054.760009765625,1056.81005859375,1043.4599609375,1047.8699951171875,77423296
2017-02-20,,,,,,,,,,,1048.68994140625,1080.489990234375,1041.68994140625,1079.97998046875,109478000
2017-02-21,,,,,,,,,,,1079.280029296875,1117.25,1076.9300537109375,1115.300048828125,186868992
2017-02-22,,,,,,,,,,,1114.800048828125,1125.3900146484375,1100.550048828125,1117.43994140625,136100000
2017-02-23,,,,,,,,,,,1117.27001953125,1176.6199951171875,1116.9599609375,1166.719970703125,189454000
2017-02-24,,,,,,,,,,,1172.7099609375,1200.3900146484375,1131.9599609375,1173.6800537109375,330759008
2017-02-25,,,,,,,,,,,1170.4100341796875,1174.8499755859375,1124.5899658203125,1143.8399658203125,139960992
2017-02-26,,,,,,,,,,,1144.27001953125,1167.469970703125,1130.199951171875,1165.199951171875,116486000
2017-02-27,,,,,,,,,,,1163.780029296875,1181.97998046875,1163.3800048828125,1179.969970703125,131570000
2017-02-28,,,,,,,,,,,1180.719970703125,1193.25,1171.8199462890625,1179.969970703125,184956000
2017-03-01,,,,,,,,,,,1180.0400390625,1222.5,1179.68994140625,1222.5,229056992
2017-03-02,,,,,,,,,,,1224.6800537109375,1262.1300048828125,1215.6199951171875,1251.010009765625,368275008
2017-03-03,,,,,,,,,,,1250.7099609375,1280.31005859375,1250.7099609375,1274.989990234375,315739008
2017-03-04,,,,,,,,,,,1277.4300537109375,1279.4000244140625,1230.510009765625,1255.1500244140625,183270000
2017-03-05,,,,,,,,,,,1254.2900390625,1267.2900390625,1238.06005859375,1267.1199951171875,134127000
2017-03-06,,,,,,,,,,,1267.469970703125,1276.0,1264.5999755859375,1272.8299560546875,153656992
2017-03-07,,,,,,,,,,,1273.2099609375,1275.550048828125,1204.800048828125,1223.5400390625,291256000
2017-03-08,,,,,,,,,,,1223.22998046875,1232.1600341796875,1148.0799560546875,1150.0,332603008
2017-03-09,,,,,,,,,,,1150.3499755859375,1197.4599609375,1141.22998046875,1188.489990234375,212283008
2017-03-10,,,,,,,,,,,1189.3599853515625,1270.469970703125,1077.25,1116.719970703125,563795968
2017-03-11,,,,,,,,,,,1116.3199462890625,1193.8299560546875,1116.3199462890625,1175.8299560546875,283320000
2017-03-12,,,,,,,,,,,1176.6199951171875,1226.97998046875,1175.3599853515625,1221.3800048828125,227176000
2017-03-13,,,,,,,,,,,1221.780029296875,1237.3699951171875,1217.030029296875,1231.9200439453125,380276992
2017-03-14,,,,,,,,,,,1232.1600341796875,1244.81005859375,1220.719970703125,1240.0,245306000
2017-03-15,,,,,,,,,,,1240.1600341796875,1251.6099853515625,1239.75,1249.6099853515625,297804992
2017-03-16,,,,,,,,,,,1251.3299560546875,1257.97998046875,1152.43994140625,1187.81005859375,638568000
2017-03-17,,,,,,,,,,,1180.1600341796875,1180.1600341796875,1099.5699462890625,1100.22998046875,706598976
2017-03-18,,,,,,,,,,,1099.68994140625,1114.0699462890625,957.655029296875,973.8179931640625,621302016
2017-03-19,,,,,,,,,,,976.72998046875,1069.9100341796875,976.72998046875,1036.739990234375,406648000
2017-03-20,,,,,,,,,,,1037.239990234375,1063.030029296875,1036.6800537109375,1054.22998046875,286529984
2017-03-21,,,,,,,,,,,1055.3599853515625,1122.4300537109375,1055.3599853515625,1120.5400390625,337391008
2017-03-22,,,,,,,,,,,1120.6500244140625,1120.6500244140625,1014.2100219726562,1049.1400146484375,380840992
2017-03-23,,,,,,,,,,,1050.050048828125,1058.010009765625,1028.9300537109375,1038.5899658203125,248540000
2017-03-24,,,,,,,,,,,1038.449951171875,1040.469970703125,934.3579711914062,937.52001953125,491038016
2017-03-25,,,,,,,,,,,936.5399780273438,975.760986328125,903.7130126953125,972.7789916992188,435803008
2017-03-26,,,,,,,,,,,974.0150146484375,1007.9600219726562,954.1859741210938,966.7249755859375,303668000
2017-03-27,,,,,,,,,,,972.0549926757812,1046.4000244140625,971.9840087890625,1045.77001953125,372535008
2017-03-28,,,,,,,,,,,1044.5799560546875,1064.6500244140625,1027.72998046875,1047.1500244140625,326332000
2017-03-29,,,,,,,,,,,1046.0799560546875,1055.1300048828125,1015.8800048828125,1039.969970703125,298457984
2017-03-30,,,,,,,,,,,1042.2099609375,1049.2900390625,1020.0399780273438,1026.4300537109375,352968992
2017-03-31,,,,,,,,,,,1026.6400146484375,1074.9200439453125,1026.6400146484375,1071.7900390625,447287008
2017-04-01,,,,,,,,,,,1071.7099609375,1091.719970703125,1061.0899658203125,1080.5,289633984
2017-04-02,,,,,,,,,,,1080.6099853515625,1107.5899658203125,1075.449951171875,1102.1700439453125,514187008
2017-04-03,,,,,,,,,,,1102.949951171875,1151.739990234375,1102.949951171875,1143.81005859375,580444032
2017-04-04,,,,,,,,,,,1145.52001953125,1156.43994140625,1120.52001953125,1133.25,436310016
2017-04-05,,,,,,,,,,,1134.1400146484375,1135.0899658203125,1113.6300048828125,1124.780029296875,414784000
2017-04-06,,,,,,,,,,,1125.81005859375,1188.3699951171875,1125.81005859375,1182.6800537109375,511222016
2017-04-07,,,,,,,,,,,1178.93994140625,1186.5799560546875,1163.3900146484375,1176.9000244140625,317022016
2017-04-08,,,,,,,,,,,1172.6500244140625,1184.97998046875,1162.5799560546875,1175.949951171875,209312000
2017-04-09,,,,,,,,,,,1176.5699462890625,1197.2099609375,1171.8599853515625,1187.8699951171875,242343008
2017-04-10,,,,,,,,,,,1187.300048828125,1190.3399658203125,1179.0400390625,1187.1300048828125,215883008
2017-04-11,,,,,,,,,,,1187.4599609375,1208.0699462890625,1187.4599609375,1205.010009765625,216182000
2017-04-12,,,,,,,,,,,1204.81005859375,1207.1400146484375,1196.760009765625,1200.3699951171875,288702016
2017-04-13,,,,,,,,,,,1201.02001953125,1205.8900146484375,1156.43994140625,1169.280029296875,351968992
2017-04-14,,,,,,,,,,,1170.3299560546875,1190.800048828125,1159.7900390625,1167.5400390625,254827008
2017-04-15,,,,,,,,,,,1167.300048828125,1188.0,1164.9599609375,1172.52001953125,203559008
2017-04-16,,,,,,,,,,,1172.6099853515625,1187.219970703125,1172.6099853515625,1182.93994140625,183231008
2017-04-17,,,,,,,,,,,1183.25,1194.9000244140625,1172.6500244140625,1193.9100341796875,253206000
2017-04-18,,,,,,,,,,,1193.77001953125,1217.5699462890625,1193.77001953125,1211.6700439453125,270524000
2017-04-19,,,,,,,,,,,1212.1300048828125,1215.510009765625,1205.0799560546875,1210.2900390625,288060992
2017-04-20,,,,,,,,,,,1211.0799560546875,1240.7900390625,1208.4100341796875,1229.0799560546875,315108000
2017-04-21,,,,,,,,,,,1229.4200439453125,1235.93994140625,1215.56005859375,1222.050048828125,272167008
2017-04-22,,,,,,,,,,,1222.7099609375,1235.56005859375,1208.469970703125,1231.7099609375,249320000
2017-04-23,,,,,,,,,,,1231.9200439453125,1232.199951171875,1203.93994140625,1207.2099609375,258951008
2017-04-24,,,,,,,,,,,1209.6300048828125,1250.93994140625,1209.6300048828125,1250.1500244140625,235806000
2017-04-25,,,,,,,,,,,1250.449951171875,1267.5799560546875,1249.969970703125,1265.489990234375,242556000
2017-04-26,,,,,,,,,,,1265.989990234375,1294.8299560546875,1265.9300537109375,1281.0799560546875,329631008
2017-04-27,,,,,,,,,,,1281.8800048828125,1319.699951171875,1281.300048828125,1317.72998046875,449196992
2017-04-28,,,,,,,,,,,1317.739990234375,1331.280029296875,1292.3699951171875,1316.47998046875,527488992
2017-04-29,,,,,,,,,,,1317.8399658203125,1327.199951171875,1315.2099609375,1321.7900390625,422705984
2017-04-30,,,,,,,,,,,1321.8699951171875,1347.9100341796875,1314.9200439453125,1347.8900146484375,413115008
2017-05-01,,,,,,,,,,,1348.300048828125,1434.3199462890625,1348.300048828125,1421.5999755859375,713624000
2017-05-02,,,,,,,,,,,1421.030029296875,1473.9000244140625,1415.68994140625,1452.8199462890625,477337984
2017-05-03,,,,,,,,,,,1453.780029296875,1492.77001953125,1447.489990234375,1490.0899658203125,583795968
2017-05-04,,,,,,,,,,,1490.719970703125,1608.9100341796875,1490.719970703125,1537.6700439453125,933548992
2017-05-05,,,,,,,,,,,1540.8699951171875,1618.030029296875,1530.31005859375,1555.449951171875,946035968
2017-05-06,,,,,,,,,,,1556.81005859375,1578.800048828125,1542.5,1578.800048828125,582529984
2017-05-07,,,,,,,,,,,1579.469970703125,1596.719970703125,1559.760009765625,1596.7099609375,1080029952
2017-05-08,,,,,,,,,,,1596.9200439453125,1723.3499755859375,1596.9200439453125,1723.3499755859375,1340320000
2017-05-09,,,,,,,,,,,1723.8900146484375,1833.489990234375,1716.300048828125,1755.3599853515625,1167920000
2017-05-10,,,,,,,,,,,1756.52001953125,1788.43994140625,1719.0999755859375,1787.1300048828125,915723008
2017-05-11,,,,,,,,,,,1780.3699951171875,1873.9300537109375,1755.3499755859375,1848.5699462890625,799489984
2017-05-12,,,,,,,,,,,1845.760009765625,1856.1500244140625,1694.010009765625,1724.239990234375,740984000
2017-05-13,,,,,,,,,,,1723.1199951171875,1812.989990234375,1651.0799560546875,1804.9100341796875,579635008
2017-05-14,,,,,,,,,,,1800.8599853515625,1831.4200439453125,1776.6199951171875,1808.9100341796875,437196000
2017-05-15,,,,,,,,,,,1808.43994140625,1812.800048828125,1708.5400390625,1738.4300537109375,731529024
2017-05-16,,,,,,,,,,,1741.699951171875,1785.93994140625,1686.5400390625,1734.449951171875,959044992
2017-05-17,,,,,,,,,,,1726.72998046875,1864.050048828125,1661.9100341796875,1839.0899658203125,1064729984
2017-05-18,,,,,,,,,,,1818.699951171875,1904.47998046875,1807.1199951171875,1888.6500244140625,894321024
2017-05-19,,,,,,,,,,,1897.3699951171875,2004.52001953125,1890.25,1987.7099609375,1157289984
2017-05-20,,,,,,,,,,,1984.239990234375,2084.72998046875,1974.9200439453125,2084.72998046875,961336000
2017-05-21,,,,,,,,,,,2067.030029296875,2119.080078125,2037.5,2041.199951171875,1147859968
2017-05-22,,,,,,,,,,,2043.18994140625,2303.89990234375,2017.8699951171875,2173.39990234375,1942220032
2017-05-23,,,,,,,,,,,2191.56005859375,2320.820068359375,2178.5,2320.419921875,1378749952
2017-05-24,,,,,,,,,,,2321.3701171875,2523.719970703125,2321.3701171875,2443.639892578125,1725379968
2017-05-25,,,,,,,,,,,2446.239990234375,2763.7099609375,2285.300048828125,2304.97998046875,2406700032
2017-05-26,,,,,,,,,,,2320.889892578125,2573.7900390625,2071.989990234375,2202.419921875,1763480064
2017-05-27,,,,,,,,,,,2196.27001953125,2260.199951171875,1855.8299560546875,2038.8699951171875,1700480000
2017-05-28,,,,,,,,,,,2054.080078125,2267.340087890625,2054.080078125,2155.800048828125,1147139968
2017-05-29,,,,,,,,,,,2159.429931640625,2307.050048828125,2107.169921875,2255.610107421875,994625024
2017-05-30,,,,,,,,,,,2255.360107421875,2301.9599609375,2124.570068359375,2175.469970703125,1443970048
2017-05-31,,,,,,,,,,,2187.18994140625,2311.080078125,2145.570068359375,2286.409912109375,1544829952
2017-06-01,,,,,,,,,,,2288.330078125,2448.389892578125,2288.330078125,2407.8798828125,1653180032
2017-06-02,,,,,,,,,,,2404.030029296875,2488.550048828125,2373.320068359375,2488.550048828125,1317030016
2017-06-03,,,,,,,,,,,2493.719970703125,2581.909912109375,2423.570068359375,2515.35009765625,1514950016
2017-06-04,,,,,,,,,,,2547.7900390625,2585.889892578125,2452.5400390625,2511.81005859375,1355120000
2017-06-05,,,,,,,,,,,2512.39990234375,2686.81005859375,2510.219970703125,2686.81005859375,1369309952
2017-06-06,,,,,,,,,,,2690.840087890625,2999.909912109375,2690.840087890625,2863.199951171875,2089609984
2017-06-07,,,,,,,,,,,2869.3798828125,2869.3798828125,2700.56005859375,2732.159912109375,1517709952
2017-06-08,,,,,,,,,,,2720.489990234375,2815.300048828125,2670.949951171875,2805.6201171875,1281170048
2017-06-09,,,,,,,,,,,2807.43994140625,2901.7099609375,2795.6201171875,2823.81005859375,1348950016
2017-06-10,,,,,,,,,,,2828.139892578125,2950.989990234375,2746.550048828125,2947.7099609375,2018889984
2017-06-11,,,,,,,,,,,2942.409912109375,2996.60009765625,2840.530029296875,2958.110107421875,1752400000
2017-06-12,,,,,,,,,,,2953.219970703125,2997.260009765625,2518.56005859375,2659.6298828125,2569530112
2017-06-13,,,,,,,,,,,2680.909912109375,2789.0400390625,2650.3798828125,2717.02001953125,1781200000
2017-06-14,,,,,,,,,,,2716.8798828125,2786.830078125,2412.93994140625,2506.3701171875,1696560000
2017-06-15,,,,,,,,,,,2499.580078125,2534.7099609375,2212.9599609375,2464.580078125,2026259968
2017-06-16,,,,,,,,,,,2469.570068359375,2539.919921875,2385.14990234375,2518.56005859375,1195190016
2017-06-17,,,,,,,,,,,2514.010009765625,2685.18994140625,2484.9599609375,2655.8798828125,1534509952
2017-06-18,,,,,,,,,,,2655.35009765625,2662.10009765625,2516.330078125,2548.2900390625,1178659968
2017-06-19,,,,,,,,,,,2549.030029296875,2662.85009765625,2549.030029296875,2589.60009765625,1446840064
2017-06-20,,,,,,,,,,,2591.260009765625,2763.449951171875,2589.820068359375,2721.7900390625,1854189952
2017-06-21,,,,,,,,,,,2709.429931640625,2772.010009765625,2660.39990234375,2689.10009765625,1626579968
2017-06-22,,,,,,,,,,,2691.030029296875,2723.739990234375,2642.360107421875,2705.409912109375,1097939968
2017-06-23,,,,,,,,,,,2707.340087890625,2765.169921875,2706.3701171875,2744.909912109375,961318976
2017-06-24,,,,,,,,,,,2738.52001953125,2757.93994140625,2583.18994140625,2608.719970703125,982750016
2017-06-25,,,,,,,,,,,2607.25,2682.260009765625,2552.1201171875,2589.409912109375,1161100032
2017-06-26,,,,,,,,,,,2590.570068359375,2615.25,2376.2900390625,2478.449951171875,1663280000
2017-06-27,,,,,,,,,,,2478.449951171875,2552.449951171875,2332.989990234375,2552.449951171875,1489789952
2017-06-28,,,,,,,,,,,2553.030029296875,2603.97998046875,2484.419921875,2574.7900390625,1183869952
2017-06-29,,,,,,,,,,,2567.56005859375,2588.830078125,2510.47998046875,2539.320068359375,949979008
2017-06-30,,,,,,,,,,,2539.239990234375,2559.25,2478.429931640625,2480.840087890625,860273024
2017-07-01,,,,,,,,,,,2492.60009765625,2515.27001953125,2419.22998046875,2434.550048828125,779913984
2017-07-02,,,,,,,,,,,2436.39990234375,2514.280029296875,2394.840087890625,2506.469970703125,803747008
2017-07-03,,,,,,,,,,,2498.56005859375,2595.0,2480.469970703125,2564.06005859375,964112000
2017-07-04,,,,,,,,,,,2561.0,2631.590087890625,2559.35009765625,2601.639892578125,985516032
2017-07-05,,,,,,,,,,,2602.8701171875,2622.64990234375,2538.550048828125,2601.989990234375,941566016
2017-07-06,,,,,,,,,,,2608.10009765625,2616.719970703125,2581.68994140625,2608.56005859375,761956992
2017-07-07,,,,,,,,,,,2608.590087890625,2916.139892578125,2498.8701171875,2518.659912109375,917411968
2017-07-08,,,,,,,,,,,2520.27001953125,2571.340087890625,2492.31005859375,2571.340087890625,733329984
2017-07-09,,,,,,,,,,,2572.610107421875,2635.489990234375,2517.590087890625,2518.43994140625,527856000
2017-07-10,,,,,,,,,,,2525.25,2537.159912109375,2321.1298828125,2372.56005859375,1111200000
2017-07-11,,,,,,,,,,,2385.889892578125,2413.469970703125,2296.81005859375,2337.7900390625,1329760000
2017-07-12,,,,,,,,,,,2332.77001953125,2423.7099609375,2275.139892578125,2398.840087890625,1117410048
2017-07-13,,,,,,,,,,,2402.699951171875,2425.219970703125,2340.830078125,2357.89990234375,835769984
2017-07-14,,,,,,,,,,,2360.590087890625,2363.25,2183.219970703125,2233.340087890625,882502976
2017-07-15,,,,,,,,,,,2230.1201171875,2231.139892578125,1990.4100341796875,1998.8599853515625,993608000
2017-07-16,,,,,,,,,,,1991.97998046875,2058.77001953125,1843.030029296875,1929.8199462890625,1182870016
2017-07-17,,,,,,,,,,,1932.6199951171875,2230.489990234375,1932.6199951171875,2228.409912109375,1201760000
2017-07-18,,,,,,,,,,,2233.52001953125,2387.610107421875,2164.77001953125,2318.8798828125,1512450048
2017-07-19,,,,,,,,,,,2323.080078125,2397.169921875,2260.22998046875,2273.429931640625,1245100032
2017-07-20,,,,,,,,,,,2269.889892578125,2900.699951171875,2269.889892578125,2817.60009765625,2249260032
2017-07-21,,,,,,,,,,,2838.409912109375,2838.409912109375,2621.85009765625,2667.760009765625,1489449984
2017-07-22,,,,,,,,,,,2668.6298828125,2862.419921875,2657.7099609375,2810.1201171875,1177129984
2017-07-23,,,,,,,,,,,2808.10009765625,2832.179931640625,2653.93994140625,2730.39990234375,1072840000
2017-07-24,,,,,,,,,,,2732.699951171875,2777.260009765625,2699.18994140625,2754.860107421875,866473984
2017-07-25,,,,,,,,,,,2757.5,2768.080078125,2480.9599609375,2576.47998046875,1460089984
2017-07-26,,,,,,,,,,,2577.77001953125,2610.760009765625,2450.800048828125,2529.449951171875,937404032
2017-07-27,,,,,,,,,,,2538.7099609375,2693.320068359375,2529.340087890625,2671.780029296875,789104000
2017-07-28,,,,,,,,,,,2679.72998046875,2897.449951171875,2679.72998046875,2809.010009765625,1380099968
2017-07-29,,,,,,,,,,,2807.02001953125,2808.760009765625,2692.800048828125,2726.449951171875,803745984
2017-07-30,,,,,,,,,,,2724.389892578125,2758.530029296875,2644.85009765625,2757.179931640625,705942976
2017-07-31,,,,,,,,,,,2763.239990234375,2889.6201171875,2720.610107421875,2875.340087890625,860574976
2017-08-01,,,,,,,,,,,2871.300048828125,2921.35009765625,2685.610107421875,2718.260009765625,1324669952
2017-08-02,,,,,,,,,,,2727.1298828125,2762.530029296875,2668.590087890625,2710.669921875,1094950016
2017-08-03,,,,,,,,,,,2709.56005859375,2813.31005859375,2685.139892578125,2804.72998046875,804796992
2017-08-04,,,,,,,,,,,2806.929931640625,2899.330078125,2743.719970703125,2895.889892578125,1002120000
2017-08-05,,,,,,,,,,,2897.6298828125,3290.010009765625,2874.830078125,3252.909912109375,1945699968
2017-08-06,,,,,,,,,,,3257.610107421875,3293.2900390625,3155.60009765625,3213.93994140625,1105030016
2017-08-07,,,,,,,,,,,3212.780029296875,3397.679931640625,3180.889892578125,3378.93994140625,1482279936
2017-08-08,,,,,,,,,,,3370.219970703125,3484.85009765625,3345.830078125,3419.93994140625,1752760064
2017-08-09,,,,,,,,,,,3420.39990234375,3422.760009765625,3247.669921875,3342.469970703125,1468960000
2017-08-10,,,,,,,,,,,3341.840087890625,3453.449951171875,3319.469970703125,3381.280029296875,1515110016
2017-08-11,,,,,,,,,,,3373.820068359375,3679.719970703125,3372.1201171875,3650.6201171875,2021190016
2017-08-12,,,,,,,,,,,3650.6298828125,3949.919921875,3613.699951171875,3884.7099609375,2219589888
2017-08-13,,,,,,,,,,,3880.0400390625,4208.39013671875,3857.800048828125,4073.260009765625,3159089920
2017-08-14,,,,,,,,,,,4066.10009765625,4325.1298828125,3989.159912109375,4325.1298828125,2463089920
2017-08-15,,,,,,,,,,,4326.990234375,4455.97021484375,3906.179931640625,4181.93017578125,3258050048
2017-08-16,,,,,,,,,,,4200.33984375,4381.22998046875,3994.419921875,4376.6298828125,2272039936
2017-08-17,,,,,,,,,,,4384.43994140625,4484.7001953125,4243.7099609375,4331.68994140625,2553359872
2017-08-18,,,,,,,,,,,4324.33984375,4370.1298828125,4015.39990234375,4160.6201171875,2941710080
2017-08-19,,,,,,,,,,,4137.75,4243.259765625,3970.550048828125,4193.7001953125,2975820032
2017-08-20,,,,,,,,,,,4189.31005859375,4196.2900390625,4069.8798828125,4087.659912109375,2109769984
2017-08-21,,,,,,,,,,,4090.47998046875,4109.14013671875,3988.60009765625,4001.739990234375,2800890112
2017-08-22,,,,,,,,,,,3998.35009765625,4128.759765625,3674.580078125,4100.52001953125,3764239872
2017-08-23,,,,,,,,,,,4089.010009765625,4255.77978515625,4078.409912109375,4151.52001953125,2369819904
2017-08-24,,,,,,,,,,,4137.60009765625,4376.39013671875,4130.259765625,4334.68017578125,2037750016
2017-08-25,,,,,,,,,,,4332.81982421875,4455.7001953125,4307.35009765625,4371.60009765625,1727970048
2017-08-26,,,,,,,,,,,4372.06005859375,4379.27978515625,4269.52001953125,4352.39990234375,1511609984
2017-08-27,,,,,,,,,,,4345.10009765625,4416.58984375,4317.2900390625,4382.8798828125,1537459968
2017-08-28,,,,,,,,,,,4384.4501953125,4403.93017578125,4224.64013671875,4382.66015625,1959330048
2017-08-29,,,,,,,,,,,4389.2099609375,4625.68017578125,4352.1298828125,4579.02001953125,2486080000
2017-08-30,,,,,,,,,,,4570.35986328125,4626.52001953125,4471.41015625,4565.2998046875,1937849984
2017-08-31,,,,,,,,,,,4555.58984375,4736.0498046875,4549.39990234375,4703.39013671875,1944930048
2017-09-01,,,,,,,,,,,4701.759765625,4892.009765625,4678.52978515625,4892.009765625,2599079936
2017-09-02,,,,,,,,,,,4901.419921875,4975.0400390625,4469.240234375,4578.77001953125,2722139904
2017-09-03,,,,,,,,,,,4585.27001953125,4714.080078125,4417.58984375,4582.9599609375,1933190016
2017-09-04,,,,,,,,,,,4591.6298828125,4591.6298828125,4108.39990234375,4236.31005859375,2987330048
2017-09-05,,,,,,,,,,,4228.2900390625,4427.83984375,3998.110107421875,4376.52978515625,2697969920
2017-09-06,,,,,,,,,,,4376.58984375,4617.25,4376.58984375,4597.1201171875,2172100096
2017-09-07,,,,,,,,,,,4589.14013671875,4655.0400390625,4491.330078125,4599.8798828125,1844620032
2017-09-08,,,,,,,,,,,4605.16015625,4661.0,4075.179931640625,4228.75,2700890112
2017-09-09,,,,,,,,,,,4229.81005859375,4308.81982421875,4114.10986328125,4226.06005859375,1386230016
2017-09-10,,,,,,,,,,,4229.33984375,4245.43994140625,3951.0400390625,4122.93994140625,1679090048
2017-09-11,,,,,,,,,,,4122.47021484375,4261.669921875,4099.39990234375,4161.27001953125,1557330048
2017-09-12,,,,,,,,,,,4168.8798828125,4344.64990234375,4085.219970703125,4130.81005859375,1864530048
2017-09-13,,,,,,,,,,,4131.97998046875,4131.97998046875,3789.919921875,3882.590087890625,2219409920
2017-09-14,,,,,,,,,,,3875.3701171875,3920.60009765625,3153.860107421875,3154.949951171875,2716310016
2017-09-15,,,,,,,,,,,3166.300048828125,3733.449951171875,2946.6201171875,3637.52001953125,4148069888
2017-09-16,,,,,,,,,,,3637.75,3808.840087890625,3487.7900390625,3625.0400390625,1818400000
2017-09-17,,,,,,,,,,,3606.280029296875,3664.81005859375,3445.639892578125,3582.8798828125,1239149952
2017-09-18,,,,,,,,,,,3591.090087890625,4079.22998046875,3591.090087890625,4065.199951171875,1943209984
2017-09-19,,,,,,,,,,,4073.7900390625,4094.070068359375,3868.8701171875,3924.969970703125,1563980032
2017-09-20,,,,,,,,,,,3916.360107421875,4031.389892578125,3857.72998046875,3905.949951171875,1213830016
2017-09-21,,,,,,,,,,,3901.469970703125,3916.419921875,3613.6298828125,3631.0400390625,1411480064
2017-09-22,,,,,,,,,,,3628.02001953125,3758.27001953125,3553.530029296875,3630.699951171875,1194829952
2017-09-23,,,,,,,,,,,3629.919921875,3819.2099609375,3594.580078125,3792.39990234375,928113984
2017-09-24,,,,,,,,,,,3796.14990234375,3796.14990234375,3666.89990234375,3682.840087890625,768014976
2017-09-25,,,,,,,,,,,3681.580078125,3950.25,3681.580078125,3926.070068359375,1374210048
2017-09-26,,,,,,,,,,,3928.409912109375,3969.889892578125,3869.89990234375,3892.35009765625,1043740032
2017-09-27,,,,,,,,,,,3892.93994140625,4210.0498046875,3884.820068359375,4200.669921875,1686880000
2017-09-28,,,,,,,,,,,4197.1298828125,4279.31005859375,4109.7001953125,4174.72998046875,1712320000
2017-09-29,,,,,,,,,,,4171.6201171875,4214.6298828125,4039.2900390625,4163.06982421875,1367049984
2017-09-30,,,,,,,,,,,4166.10986328125,4358.43017578125,4160.85986328125,4338.7099609375,1207449984
2017-10-01,,,,,,,,,,,4341.0498046875,4403.740234375,4269.81005859375,4403.740234375,1208210048
2017-10-02,,,,,,,,,,,4395.81005859375,4470.22998046875,4377.4599609375,4409.31982421875,1431730048
2017-10-03,,,,,,,,,,,4408.4599609375,4432.47021484375,4258.89013671875,4317.47998046875,1288019968
2017-10-04,,,,,,,,,,,4319.3701171875,4352.31005859375,4210.419921875,4229.35986328125,1116770048
2017-10-05,,,,,,,,,,,4229.8798828125,4362.64013671875,4164.0498046875,4328.41015625,1161769984
2017-10-06,,,,,,,,,,,4324.4599609375,4413.27001953125,4320.52978515625,4370.81005859375,1069939968
2017-10-07,,,,,,,,,,,4369.35009765625,4443.8798828125,4321.0498046875,4426.89013671875,906928000
2017-10-08,,,,,,,,,,,4429.669921875,4624.14013671875,4405.64013671875,4610.47998046875,1313869952
2017-10-09,,,,,,,,,,,4614.52001953125,4878.7099609375,4564.25,4772.02001953125,1968739968
2017-10-10,,,,,,,,,,,4776.2099609375,4922.169921875,4765.10009765625,4781.990234375,1597139968
2017-10-11,,,,,,,,,,,4789.25,4873.72998046875,4751.6298828125,4826.47998046875,1222279936
2017-10-12,,,,,,,,,,,4829.580078125,5446.91015625,4822.0,5446.91015625,2791610112
2017-10-13,,,,,,,,,,,5464.16015625,5840.2998046875,5436.85009765625,5647.2099609375,3615480064
2017-10-14,,,,,,,,,,,5643.52978515625,5837.7001953125,5591.64013671875,5831.7900390625,1669030016
2017-10-15,,,,,,,,,,,5835.9599609375,5852.47998046875,5478.60986328125,5678.18994140625,1976039936
2017-10-16,,,,,,,,,,,5687.56982421875,5776.22998046875,5544.2099609375,5725.58984375,2008070016
2017-10-17,,,,,,,,,,,5741.580078125,5800.35009765625,5472.72021484375,5605.509765625,1821570048
2017-10-18,,,,,,,,,,,5603.81982421875,5603.81982421875,5151.43994140625,5590.68994140625,2399269888
2017-10-19,,,,,,,,,,,5583.740234375,5744.35009765625,5531.06005859375,5708.52001953125,1780540032
2017-10-20,,,,,,,,,,,5708.10986328125,6060.10986328125,5627.22998046875,6011.4501953125,2354429952
2017-10-21,,,,,,,,,,,5996.7900390625,6194.8798828125,5965.06982421875,6031.60009765625,2207099904
2017-10-22,,,,,,,,,,,6036.66015625,6076.259765625,5792.33984375,6008.419921875,2034630016
2017-10-23,,,,,,,,,,,6006.0,6075.58984375,5732.47021484375,5930.31982421875,2401840128
2017-10-24,,,,,,,,,,,5935.52001953125,5935.52001953125,5504.18017578125,5526.64013671875,2735699968
2017-10-25,,,,,,,,,,,5524.60009765625,5754.330078125,5397.8798828125,5750.7998046875,1966989952
2017-10-26,,,,,,,,,,,5747.9501953125,5976.7998046875,5721.22021484375,5904.830078125,1905040000
2017-10-27,,,,,,,,,,,5899.740234375,5988.39013671875,5728.81982421875,5780.89990234375,1710130048
2017-10-28,,,,,,,,,,,5787.81982421875,5876.72021484375,5689.18994140625,5753.08984375,1403920000
2017-10-29,,,,,,,,,,,5754.43994140625,6255.7099609375,5724.580078125,6153.85009765625,2859040000
2017-10-30,,,,,,,,,,,6114.85009765625,6214.990234375,6040.85009765625,6130.52978515625,1772150016
2017-10-31,,,,,,,,,,,6132.02001953125,6470.43017578125,6103.330078125,6468.39990234375,2311379968
2017-11-01,,,,,,,,,,,6440.97021484375,6767.31005859375,6377.8798828125,6767.31005859375,2870320128
2017-11-02,,,,,,,,,,,6777.77001953125,7367.330078125,6758.72021484375,7078.5,4653770240
2017-11-03,,,,,,,,,,,7087.52978515625,7461.2900390625,7002.93994140625,7207.759765625,3369860096
2017-11-04,,,,,,,,,,,7164.47998046875,7492.85986328125,7031.27978515625,7379.9501953125,2483800064
2017-11-05,,,,,,,,,,,7404.52001953125,7617.47998046875,7333.18994140625,7407.41015625,2380410112
2017-11-06,,,,,,,,,,,7403.22021484375,7445.77001953125,7007.31005859375,7022.759765625,3111899904
2017-11-07,,,,,,,,,,,7023.10009765625,7253.31982421875,7023.10009765625,7144.3798828125,2326340096
2017-11-08,,,,,,,,,,,7141.3798828125,7776.419921875,7114.02001953125,7459.68994140625,4602200064
2017-11-09,,,,,,308.6449890136719,329.4519958496094,307.0559997558594,320.8840026855469,893249984.0,7446.830078125,7446.830078125,7101.52001953125,7143.580078125,3226249984
2017-11-10,,,,,,320.6709899902344,324.7179870605469,294.5419921875,299.25299072265625,885985984.0,7173.72998046875,7312.0,6436.8701171875,6618.14013671875,5208249856
2017-11-11,,,,,,298.58599853515625,319.4530029296875,298.1919860839844,314.6809997558594,842300992.0,6618.60986328125,6873.14990234375,6204.22021484375,6357.60009765625,4908680192
2017-11-12,,,,,,314.69000244140625,319.15301513671875,298.51300048828125,307.9079895019531,1613479936.0,6295.4501953125,6625.0498046875,5519.009765625,5950.06982421875,8957349888
2017-11-13,,,,,,307.0249938964844,328.4150085449219,307.0249938964844,316.71600341796875,1041889984.0,5938.25,6811.18994140625,5844.2900390625,6559.490234375,6263249920
2017-11-14,,,,,,316.76300048828125,340.177001953125,316.76300048828125,337.6310119628906,1069680000.0,6561.47998046875,6764.97998046875,6461.75,6635.75,3197110016
2017-11-15,,,,,,337.9639892578125,340.9119873046875,329.81298828125,333.35699462890625,722665984.0,6634.759765625,7342.25,6634.759765625,7315.5400390625,4200880128
2017-11-16,,,,,,333.4429931640625,336.15899658203125,323.6059875488281,330.92401123046875,797254016.0,7323.240234375,7967.3798828125,7176.580078125,7871.68994140625,5123809792
2017-11-17,,,,,,330.1669921875,334.9639892578125,327.52301025390625,332.3940124511719,621732992.0,7853.56982421875,8004.58984375,7561.08984375,7708.990234375,4651670016
2017-11-18,,,,,,331.9800109863281,349.6159973144531,327.68701171875,347.61199951171875,649638976.0,7697.2099609375,7884.990234375,7463.43994140625,7790.14990234375,3667190016
2017-11-19,,,,,,347.4010009765625,371.2909851074219,344.739990234375,354.385986328125,1181529984.0,7766.02978515625,8101.91015625,7694.10009765625,8036.490234375,3149319936
2017-11-20,,,,,,354.093994140625,372.1369934082031,353.28900146484375,366.7300109863281,807027008.0,8039.06982421875,8336.8603515625,7949.35986328125,8200.6396484375,3488450048
2017-11-21,,,,,,367.4429931640625,372.4700012207031,350.6929931640625,360.4010009765625,949912000.0,8205.740234375,8348.66015625,7762.7099609375,8071.259765625,4277609984
2017-11-22,,,,,,360.31201171875,381.4200134277344,360.1470031738281,380.6520080566406,800819008.0,8077.9501953125,8302.259765625,8075.47021484375,8253.5498046875,3633530112
2017-11-23,,,,,,381.4389953613281,425.5480041503906,376.0880126953125,410.1659851074219,1845680000.0,8232.3798828125,8267.400390625,8038.77001953125,8038.77001953125,4225179904
2017-11-24,,,,,,412.5010070800781,480.9729919433594,402.75799560546875,474.9110107421875,2292829952.0,8074.02001953125,8374.16015625,7940.93017578125,8253.6904296875,5058610176
2017-11-25,,,,,,475.6759948730469,485.1919860839844,461.0530090332031,466.2760009765625,1422080000.0,8241.7099609375,8790.919921875,8191.14990234375,8790.919921875,4342060032
2017-11-26,,,,,,465.9739990234375,472.7229919433594,451.6059875488281,471.3299865722656,1197779968.0,8789.0400390625,9522.9296875,8775.58984375,9330.5498046875,5475579904
2017-11-27,,,,,,471.531005859375,493.4049987792969,468.4849853515625,480.3550109863281,1396480000.0,9352.7197265625,9818.349609375,9352.7197265625,9818.349609375,5653320192
2017-11-28,,,,,,480.51800537109375,482.4800109863281,466.34698486328125,472.9020080566406,1346499968.0,9823.4296875,10125.7001953125,9736.2998046875,10058.7998046875,6348819968
2017-11-29,,,,,,473.281005859375,522.3070068359375,425.0710144042969,427.52301025390625,2675940096.0,10077.400390625,11517.400390625,9601.0302734375,9888.6103515625,11568799744
2017-11-30,,,,,,431.2149963378906,465.49700927734375,401.2430114746094,447.114013671875,1903040000.0,9906.7900390625,10801.0,9202.0498046875,10233.599609375,8310689792
2017-12-01,,,,,,445.2090148925781,472.6090087890625,428.31201171875,466.5400085449219,1247879936.0,10198.599609375,11046.7001953125,9694.650390625,10975.599609375,6783119872
2017-12-02,,,,,,466.85101318359375,476.239013671875,456.65301513671875,463.4490051269531,943649984.0,10978.2998046875,11320.2001953125,10905.099609375,11074.599609375,5138500096
2017-12-03,,,,,,463.7049865722656,482.8139953613281,451.85198974609375,465.8529968261719,990556992.0,11082.7001953125,11858.7001953125,10862.0,11323.2001953125,6608309760
2017-12-04,,,,,,466.0539855957031,474.7770080566406,453.31201171875,470.2040100097656,1005550016.0,11315.400390625,11657.2001953125,11081.7998046875,11657.2001953125,6132409856
2017-12-05,,,,,,470.29400634765625,473.5580139160156,457.6600036621094,463.281005859375,1216720000.0,11685.7001953125,12032.0,11604.599609375,11916.7001953125,6895260160
2017-12-06,,,,,,462.60400390625,462.7080078125,420.2099914550781,428.5880126953125,1998259968.0,11923.400390625,14369.099609375,11923.400390625,14291.5,12656300032
2017-12-07,,,,,,426.3689880371094,441.3970031738281,414.4110107421875,434.4079895019531,2129570048.0,14266.099609375,17899.69921875,14057.2998046875,17899.69921875,17950699520
2017-12-08,,,,,,434.989013671875,466.06201171875,422.36700439453125,456.031005859375,2336379904.0,17802.900390625,18353.400390625,14336.900390625,16569.400390625,21135998976
2017-12-09,,,,,,457.343994140625,504.1470031738281,456.25299072265625,473.50201416015625,2003849984.0,16523.30078125,16783.0,13674.900390625,15178.2001953125,13911300096
2017-12-10,,,,,,472.78900146484375,472.78900146484375,429.5140075683594,441.72100830078125,1404179968.0,15168.400390625,15850.599609375,13226.599609375,15455.400390625,13433299968
2017-12-11,,,,,,440.3580017089844,516.968994140625,439.10400390625,515.135986328125,1771440000.0,15427.400390625,17513.900390625,15404.7998046875,16936.80078125,12153900032
2017-12-12,,,,,,522.2860107421875,657.3179931640625,504.4939880371094,651.4310302734375,5179829760.0,16919.80078125,17781.80078125,16571.599609375,17415.400390625,14603799552
2017-12-13,,,,,,644.906005859375,747.9929809570312,597.7979736328125,702.7670288085938,4524539904.0,17500.0,17653.099609375,16039.7001953125,16408.19921875,12976900096
2017-12-14,,,,,,700.593994140625,753.1209716796875,664.989013671875,695.8159790039062,3821580032.0,16384.599609375,17085.80078125,16185.900390625,16564.0,13777399808
2017-12-15,,,,,,696.3759765625,697.1320190429688,621.0609741210938,684.447998046875,2758710016.0,16601.30078125,18154.099609375,16601.30078125,17706.900390625,14309999616
2017-12-16,,,,,,686.1920166015625,718.385009765625,680.7860107421875,696.208984375,2165690112.0,17760.30078125,19716.69921875,17515.30078125,19497.400390625,12740599808
2017-12-17,,,,,,696.2369995117188,735.8250122070312,696.2369995117188,719.9749755859375,2147389952.0,19475.80078125,20089.0,18974.099609375,19140.80078125,13314599936
2017-12-18,,,,,,721.7319946289062,803.927978515625,689.2310180664062,794.64501953125,3249230080.0,19106.400390625,19371.0,18355.900390625,19114.19921875,14839499776
2017-12-19,,,,,,793.9010009765625,881.9439697265625,785.3419799804688,826.822998046875,4096549888.0,19118.30078125,19177.80078125,17275.400390625,17776.69921875,16894499840
2017-12-20,,,,,,827.5159912109375,845.06201171875,756.0040283203125,819.0859985351562,3969939968.0,17760.30078125,17934.69921875,16077.7001953125,16624.599609375,22149699584
2017-12-21,,,,,,820.2360229492188,880.5430297851562,792.6890258789062,821.06298828125,3569060096.0,16642.400390625,17567.69921875,15342.7001953125,15802.900390625,16516599808
2017-12-22,,,,,,822.6430053710938,827.6829833984375,543.7620239257812,674.8599853515625,4977710080.0,15898.0,15943.400390625,11833.0,13831.7998046875,22197999616
2017-12-23,,,,,,681.3159790039062,763.89501953125,679.7310180664062,719.3870239257812,2480339968.0,13948.7001953125,15603.2001953125,13828.7998046875,14699.2001953125,13086000128
2017-12-24,,,,,,721.7689819335938,721.7689819335938,614.9219970703125,694.1480102539062,2300549888.0,14608.2001953125,14626.0,12747.7001953125,13925.7998046875,11572299776
2017-12-25,,,,,,698.8699951171875,782.52099609375,698.8699951171875,765.833984375,2491760128.0,13995.900390625,14593.0,13448.900390625,14026.599609375,10664699904
2017-12-26,,,,,,763.3699951171875,786.7899780273438,760.9349975585938,773.8359985351562,2201159936.0,14036.599609375,16461.19921875,14028.900390625,16099.7998046875,13454300160
2017-12-27,,,,,,774.969970703125,789.2529907226562,738.4130249023438,762.8419799804688,2100029952.0,16163.5,16930.900390625,15114.2998046875,15838.5,12487600128
2017-12-28,,,,,,762.2080078125,763.3189697265625,701.18701171875,737.0230102539062,2389149952.0,15864.099609375,15888.400390625,13937.2998046875,14606.5,12336499712
2017-12-29,,,,,,740.3889770507812,770.1170043945312,729.6079711914062,753.5919799804688,2648969984.0,14695.7998046875,15279.0,14307.0,14656.2001953125,13025500160
2017-12-30,,,,,,753.8150024414062,753.8150024414062,685.2310180664062,717.2570190429688,3187780096.0,14681.900390625,14681.900390625,12350.099609375,12952.2001953125,14452599808
2017-12-31,,,,,,712.2119750976562,760.3480224609375,710.1190185546875,756.7329711914062,2554269952.0,12897.7001953125,14377.400390625,12755.599609375,14156.400390625,12136299520
2018-01-01,,,,,,755.7570190429688,782.530029296875,742.0040283203125,772.6409912109375,2595760128.0,14112.2001953125,14112.2001953125,13154.7001953125,13657.2001953125,10291200000
2018-01-02,,,,,,772.3460083007812,914.8300170898438,772.3460083007812,884.4439697265625,5783349760.0,13625.0,15444.599609375,13163.599609375,14982.099609375,16846600192
2018-01-03,,,,,,886.0,974.4710083007812,868.4509887695312,962.719970703125,5093159936.0,14978.2001953125,15572.7998046875,14844.5,15201.0,16871900160
2018-01-04,,,,,,961.7130126953125,1045.0799560546875,946.0859985351562,980.9219970703125,6502859776.0,15270.7001953125,15739.7001953125,14522.2001953125,15599.2001953125,21783199744
2018-01-05,,,,,,975.75,1075.3900146484375,956.3250122070312,997.719970703125,6683149824.0,15477.2001953125,17705.19921875,15202.7998046875,17429.5,23840899072
2018-01-06,,,,,,995.1539916992188,1060.7099609375,994.6220092773438,1041.6800537109375,4662219776.0,17462.099609375,17712.400390625,16764.599609375,17527.0,18314600448
2018-01-07,,,,,,1043.010009765625,1153.1700439453125,1043.010009765625,1153.1700439453125,5569880064.0,17527.30078125,17579.599609375,16087.7001953125,16477.599609375,15866000384
2018-01-08,,,,,,1158.260009765625,1266.9300537109375,1016.0499877929688,1148.530029296875,8450970112.0,16476.19921875,16537.900390625,14208.2001953125,15170.099609375,18413899776
2018-01-09,,,,,,1146.0,1320.97998046875,1145.489990234375,1299.739990234375,7965459968.0,15123.7001953125,15497.5,14424.0,14595.400390625,16659999744
2018-01-10,,,,,,1300.3399658203125,1417.3800048828125,1226.5999755859375,1255.8199462890625,9214950400.0,14588.5,14973.2998046875,13691.2001953125,14973.2998046875,18500800512
2018-01-11,,,,,,1268.0899658203125,1337.300048828125,1135.1700439453125,1154.9300537109375,7235899904.0,14968.2001953125,15018.7998046875,13105.900390625,13405.7998046875,16534099968
2018-01-12,,,,,,1158.2900390625,1296.0400390625,1120.0899658203125,1273.199951171875,5222300160.0,13453.900390625,14229.900390625,13158.099609375,13980.599609375,12065699840
2018-01-13,,,,,,1270.469970703125,1432.8800048828125,1270.469970703125,1396.4200439453125,5746760192.0,13952.400390625,14659.5,13952.400390625,14360.2001953125,12763599872
2018-01-14,,,,,,1397.47998046875,1400.56005859375,1286.2099609375,1366.77001953125,4841630208.0,14370.7998046875,14511.7998046875,13268.0,13772.0,11084099584
2018-01-15,,,,,,1365.2099609375,1390.5899658203125,1290.5999755859375,1291.9200439453125,4781100032.0,13767.2998046875,14445.5,13641.7001953125,13819.7998046875,12750799872
2018-01-16,,,,,,1292.6300048828125,1292.6300048828125,875.5449829101562,1053.68994140625,8405139968.0,13836.099609375,13843.099609375,10194.900390625,11490.5,18853799936
2018-01-17,,,,,,1061.3399658203125,1090.22998046875,780.9219970703125,1014.25,8545160192.0,11431.099609375,11678.0,9402.2900390625,11188.599609375,18830600192
2018-01-18,,,,,,1016.4400024414062,1100.31005859375,967.7589721679688,1036.280029296875,5938319872.0,11198.7998046875,12107.2998046875,10942.5,11474.900390625,15020399616
2018-01-19,,,,,,1028.8199462890625,1093.219970703125,1003.7100219726562,1039.0999755859375,4084450048.0,11429.7998046875,11992.7998046875,11172.099609375,11607.400390625,10740400128
2018-01-20,,,,,,1044.949951171875,1167.1099853515625,1044.949951171875,1155.1500244140625,3975190016.0,11656.2001953125,13103.0,11656.2001953125,12899.2001953125,11801700352
2018-01-21,,,,,,1155.6800537109375,1155.6800537109375,1021.5,1049.5799560546875,3378089984.0,12889.2001953125,12895.900390625,11288.2001953125,11600.099609375,9935179776
2018-01-22,,,,,,1055.3499755859375,1089.0999755859375,930.7410278320312,1003.260009765625,3810099968.0,11633.099609375,11966.400390625,10240.2001953125,10931.400390625,10537400320
2018-01-23,,,,,,1004.1699829101562,1023.22998046875,920.5399780273438,986.22900390625,3556699904.0,10944.5,11377.599609375,10129.7001953125,10868.400390625,9660609536
2018-01-24,,,,,,987.4769897460938,1062.43994140625,965.8079833984375,1058.780029296875,3944039936.0,10903.400390625,11501.400390625,10639.7998046875,11359.400390625,9940989952
2018-01-25,,,,,,1063.219970703125,1104.6600341796875,1034.739990234375,1056.030029296875,4050190080.0,11421.7001953125,11785.7001953125,11057.400390625,11259.400390625,8873169920
2018-01-26,,,,,,1052.699951171875,1080.5999755859375,996.7839965820312,1055.1700439453125,3617690112.0,11256.0,11656.7001953125,10470.2998046875,11171.400390625,9746199552
2018-01-27,,,,,,1055.75,1121.97998046875,1042.1199951171875,1107.0699462890625,3002870016.0,11174.900390625,11614.900390625,10989.2001953125,11440.7001953125,7583269888
2018-01-28,,,,,,1111.780029296875,1257.77001953125,1111.780029296875,1246.010009765625,5372329984.0,11475.2998046875,12040.2998046875,11475.2998046875,11786.2998046875,8350360064
2018-01-29,,,,,,1246.699951171875,1256.699951171875,1169.0799560546875,1182.3599853515625,3715079936.0,11755.5,11875.599609375,11179.2001953125,11296.400390625,7107359744
2018-01-30,,,,,,1184.1300048828125,1184.6300048828125,1058.969970703125,1071.1300048828125,4107859968.0,11306.7998046875,11307.2001953125,10036.2001953125,10106.2998046875,8637859840
2018-01-31,,,,,,1071.0899658203125,1128.6600341796875,1034.5,1118.31005859375,3757560064.0,10108.2001953125,10381.599609375,9777.419921875,10221.099609375,8041160192
2018-02-01,,,,,,1119.3699951171875,1161.3499755859375,984.8189697265625,1036.7900390625,5261680128.0,10237.2998046875,10288.7998046875,8812.2802734375,9170.5400390625,9959400448
2018-02-02,,,,,,1035.77001953125,1035.77001953125,757.97998046875,915.7849731445312,6713290240.0,9142.2802734375,9142.2802734375,7796.490234375,8830.75,12726899712
2018-02-03,,,,,,919.2109985351562,991.9429931640625,847.6900024414062,964.0189819335938,3243480064.0,8852.1201171875,9430.75,8251.6298828125,9174.91015625,7263790080
2018-02-04,,,,,,964.6669921875,969.031982421875,805.0640258789062,834.6820068359375,2997090048.0,9175.7001953125,9334.8701171875,8031.22021484375,8277.009765625,7073549824
2018-02-05,,,,,,834.9580078125,856.64599609375,644.5989990234375,697.9509887695312,4269530112.0,8270.5400390625,8364.83984375,6756.68017578125,6955.27001953125,9285289984
2018-02-06,,,,,,707.7369995117188,796.4390258789062,574.4190063476562,793.1220092773438,6518269952.0,7051.75,7850.7001953125,6048.259765625,7754.0,13999800320
2018-02-07,,,,,,790.427978515625,851.2000122070312,723.4329833984375,757.0679931640625,3896179968.0,7755.490234375,8509.1103515625,7236.7900390625,7621.2998046875,9169280000
2018-02-08,,,,,,755.843017578125,845.0859985351562,755.843017578125,817.8070068359375,3708189952.0,7637.85986328125,8558.76953125,7637.85986328125,8265.58984375,9346750464
2018-02-09,,,,,,818.47998046875,884.0040283203125,788.833984375,883.864990234375,2495820032.0,8271.83984375,8736.98046875,7884.7099609375,8736.98046875,6784820224
2018-02-10,,,,,,882.4669799804688,917.4000244140625,825.5770263671875,860.4149780273438,2930530048.0,8720.080078125,9122.5498046875,8295.4697265625,8621.900390625,7780960256
2018-02-11,,,,,,859.2880249023438,859.2880249023438,788.2219848632812,814.6599731445312,2486650112.0,8616.1298828125,8616.1298828125,7931.10009765625,8129.97021484375,6122189824
2018-02-12,,,,,,817.5079956054688,875.93701171875,817.5079956054688,868.7069702148438,2243450112.0,8141.43017578125,8985.919921875,8141.43017578125,8926.5703125,6256439808
2018-02-13,,,,,,869.2930297851562,870.708984375,828.8369750976562,845.2579956054688,2081170048.0,8926.7197265625,8958.4697265625,8455.41015625,8598.3095703125,5696719872
2018-02-14,,,,,,844.2789916992188,926.4290161132812,844.2789916992188,923.5609741210938,2818370048.0,8599.919921875,9518.5400390625,8599.919921875,9494.6298828125,7909819904
2018-02-15,,,,,,923.72802734375,951.947998046875,911.1110229492188,936.9760131835938,2900100096.0,9488.3203125,10234.7998046875,9395.580078125,10166.400390625,9062540288
2018-02-16,,,,,,934.7860107421875,950.0050048828125,917.8480224609375,944.2100219726562,2369449984.0,10135.7001953125,10324.099609375,9824.8203125,10233.900390625,7296159744
2018-02-17,,,,,,944.7479858398438,976.594970703125,940.7540283203125,974.114990234375,2525720064.0,10207.5,11139.5,10149.400390625,11112.7001953125,8660880384
2018-02-18,,,,,,973.3489990234375,982.9329833984375,915.4450073242188,923.9210205078125,2567290112.0,11123.400390625,11349.7998046875,10326.0,10551.7998046875,8744009728
2018-02-19,,,,,,921.6680297851562,957.7769775390625,921.5540161132812,943.864990234375,2169019904.0,10552.599609375,11273.7998046875,10513.2001953125,11225.2998046875,7652089856
2018-02-20,,,,,,943.5670166015625,965.2650146484375,892.9539794921875,895.3709716796875,2545260032.0,11231.7998046875,11958.5,11231.7998046875,11403.7001953125,9926540288
2018-02-21,,,,,,894.135009765625,912.375,830.56298828125,849.9710083007812,2531729920.0,11372.2001953125,11418.5,10479.099609375,10690.400390625,9405339648
2018-02-22,,,,,,849.2620239257812,875.926025390625,802.6680297851562,812.844970703125,2150370048.0,10660.400390625,11039.099609375,9939.08984375,10005.0,8040079872
2018-02-23,,,,,,811.5850219726562,886.3179931640625,794.791015625,864.1890258789062,2334820096.0,9937.0703125,10487.2998046875,9734.5595703125,10301.099609375,7739500032
2018-02-24,,,,,,861.593017578125,879.531005859375,818.5499877929688,840.5150146484375,1926579968.0,10287.7001953125,10597.2001953125,9546.9697265625,9813.0703125,6917929984
2018-02-25,,,,,,839.458984375,853.14599609375,822.3809814453125,844.8099975585938,1646960000.0,9796.419921875,9923.2197265625,9407.0595703125,9664.73046875,5706939904
2018-02-26,,,,,,845.2780151367188,880.3920288085938,842.3189697265625,869.3150024414062,2044480000.0,9669.4296875,10475.0,9501.73046875,10366.7001953125,7287690240
2018-02-27,,,,,,870.364990234375,896.2589721679688,867.0969848632812,878.2650146484375,2053980032.0,10393.900390625,10878.5,10246.099609375,10725.599609375,6966179840
2018-02-28,,,,,,877.9340209960938,890.1079711914062,855.1240234375,855.198974609375,1963980032.0,10687.2001953125,11089.7998046875,10393.099609375,10397.900390625,6936189952
2018-03-01,,,,,,856.0120239257812,880.302001953125,851.9199829101562,872.2000122070312,1868519936.0,10385.0,11052.2998046875,10352.7001953125,10951.0,7317279744
2018-03-02,,,,,,871.7639770507812,876.3779907226562,852.4219970703125,856.85302734375,1894419968.0,10977.400390625,11189.0,10850.099609375,11086.400390625,7620590080
2018-03-03,,,,,,856.7109985351562,868.4539794921875,855.2069702148438,857.2249755859375,1699369984.0,11101.900390625,11528.2001953125,11002.400390625,11489.7001953125,6690570240
2018-03-04,,,,,,856.1859741210938,867.9500122070312,840.280029296875,866.677978515625,1697939968.0,11497.400390625,11512.599609375,11136.099609375,11512.599609375,6084149760
2018-03-05,,,,,,866.8460083007812,869.9199829101562,853.52001953125,853.6840209960938,1898489984.0,11532.400390625,11704.099609375,11443.900390625,11573.2998046875,6468539904
2018-03-06,,,,,,853.8170166015625,853.8170166015625,809.9310302734375,816.9509887695312,1943069952.0,11500.099609375,11500.099609375,10694.2998046875,10779.900390625,6832169984
2018-03-07,,,,,,816.27099609375,825.6069946289062,726.5469970703125,752.8309936523438,2175419904.0,10803.900390625,10929.5,9692.1201171875,9965.5703125,8797910016
2018-03-08,,,,,,752.5700073242188,773.7670288085938,696.1690063476562,704.5960083007812,1891640064.0,9951.4404296875,10147.400390625,9335.8701171875,9395.009765625,7186089984
2018-03-09,,,,,,702.197021484375,729.156005859375,648.1069946289062,728.916015625,2233019904.0,9414.6904296875,9466.349609375,8513.0302734375,9337.5498046875,8704190464
2018-03-10,,,,,,730.1599731445312,748.031005859375,682.6950073242188,686.8900146484375,1532960000.0,9350.58984375,9531.3203125,8828.4697265625,8866.0,5386319872
2018-03-11,,,,,,685.31201171875,735.8309936523438,668.1229858398438,723.3389892578125,1562680064.0,8852.7802734375,9711.8896484375,8607.1201171875,9578.6298828125,6296370176
2018-03-12,,,,,,724.406005859375,742.5139770507812,683.2680053710938,699.8309936523438,1764999936.0,9602.9296875,9937.5,8956.4296875,9205.1201171875,6457399808
2018-03-13,,,,,,698.1530151367188,713.7349853515625,682.3499755859375,690.8270263671875,1425959936.0,9173.0400390625,9470.3798828125,8958.1904296875,9194.849609375,5991139840
2018-03-14,,,,,,691.218994140625,702.7839965820312,594.0999755859375,614.291015625,1810560000.0,9214.650390625,9355.849609375,8068.58984375,8269.8095703125,6438230016
2018-03-15,,,,,,614.8389892578125,620.6160278320312,579.5050048828125,611.3040161132812,1770460032.0,8290.759765625,8428.349609375,7783.0498046875,8300.8603515625,6834429952
2018-03-16,,,,,,611.7780151367188,623.1680297851562,587.8619995117188,601.666015625,1417350016.0,8322.91015625,8585.150390625,8005.31005859375,8338.349609375,5289379840
2018-03-17,,,,,,601.677978515625,609.1510009765625,549.0960083007812,552.7789916992188,1267810048.0,8321.91015625,8346.5302734375,7812.81982421875,7916.8798828125,4426149888
2018-03-18,,,,,,551.6400146484375,551.6400146484375,460.0880126953125,538.6439819335938,2685499904.0,7890.52001953125,8245.509765625,7397.990234375,8223.6796875,6639190016
2018-03-19,,,,,,546.6259765625,558.0999755859375,519.1229858398438,556.7260131835938,2046790016.0,8344.1201171875,8675.8701171875,8182.39990234375,8630.650390625,6729110016
2018-03-20,,,,,,556.7219848632812,567.0900268554688,521.2039794921875,557.1749877929688,1833680000.0,8619.669921875,9051.01953125,8389.8896484375,8913.4697265625,6361789952
2018-03-21,,,,,,559.0999755859375,589.6069946289062,550.572021484375,561.7319946289062,1781270016.0,8937.48046875,9177.3701171875,8846.330078125,8929.2802734375,6043129856
2018-03-22,,,,,,562.10302734375,577.5659790039062,523.0889892578125,539.7020263671875,1523459968.0,8939.4404296875,9100.7099609375,8564.900390625,8728.4697265625,5530390016
2018-03-23,,,,,,539.864013671875,540.4869995117188,512.1270141601562,539.6190185546875,1596349952.0,8736.25,8879.6201171875,8360.6201171875,8879.6201171875,5954120192
2018-03-24,,,,,,542.572021484375,545.3820190429688,526.0800170898438,526.4390258789062,1300009984.0,8901.9501953125,8996.1796875,8665.7001953125,8668.1201171875,5664600064
2018-03-25,,,,,,522.7030029296875,535.8209838867188,515.6589965820312,524.2869873046875,1151170048.0,8612.8095703125,8682.009765625,8449.099609375,8495.7802734375,4569880064
2018-03-26,,,,,,524.2869873046875,526.3790283203125,470.44000244140625,489.95098876953125,1638880000.0,8498.4697265625,8530.080078125,7921.43017578125,8209.400390625,5921039872
2018-03-27,,,,,,489.5899963378906,491.4590148925781,449.97100830078125,450.1159973144531,1617939968.0,8200.0,8232.7802734375,7797.27978515625,7833.0400390625,5378250240
2018-03-28,,,,,,450.2909851074219,466.21099853515625,444.8609924316406,446.27899169921875,1514179968.0,7836.830078125,8122.89013671875,7809.169921875,7954.47998046875,4935289856
2018-03-29,,,,,,448.07501220703125,450.81298828125,385.81298828125,385.9679870605469,1970230016.0,7979.06982421875,7994.330078125,7081.3798828125,7165.7001953125,6361229824
2018-03-30,,,,,,385.9049987792969,409.9289855957031,368.63299560546875,394.6449890136719,1878130048.0,7171.4501953125,7276.66015625,6683.93017578125,6890.52001953125,6289509888
2018-03-31,,,,,,395.0039978027344,418.4679870605469,392.9530029296875,396.4570007324219,1323920000.0,6892.47998046875,7207.85009765625,6863.52001953125,6973.52978515625,4553269760
2018-04-01,,,,,,397.2539978027344,400.52801513671875,363.80499267578125,379.60699462890625,1256930048.0,7003.06005859375,7060.9501953125,6526.8701171875,6844.22998046875,4532100096
2018-04-02,,,,,,379.6990051269531,395.1709899902344,377.5929870605469,386.42498779296875,1102259968.0,6844.85986328125,7135.47021484375,6816.580078125,7083.7998046875,4333440000
2018-04-03,,,,,,387.31201171875,418.9679870605469,383.5320129394531,416.89300537109375,1363399936.0,7102.259765625,7530.93994140625,7072.490234375,7456.10986328125,5499700224
2018-04-04,,,,,,416.4849853515625,417.47198486328125,375.30999755859375,380.5429992675781,1287730048.0,7456.41015625,7469.8798828125,6803.8798828125,6853.83984375,4936000000
2018-04-05,,,,,,379.9469909667969,387.71600341796875,369.8160095214844,383.23199462890625,1210680064.0,6848.64990234375,6933.81982421875,6644.7998046875,6811.47021484375,5639320064
2018-04-06,,,,,,382.7309875488281,385.19500732421875,366.9110107421875,370.2850036621094,967105984.0,6815.9599609375,6857.490234375,6575.0,6636.31982421875,3766810112
2018-04-07,,,,,,370.3800048828125,393.0589904785156,369.9360046386719,385.3139953613281,951475008.0,6630.509765625,7050.5400390625,6630.509765625,6911.08984375,3976610048
2018-04-08,,,,,,385.7430114746094,402.5899963378906,385.60198974609375,400.50799560546875,948488000.0,6919.97998046875,7111.56005859375,6919.97998046875,7023.52001953125,3652499968
2018-04-09,,,,,,400.85699462890625,429.2510070800781,390.6099853515625,398.5260009765625,1478390016.0,7044.31982421875,7178.10986328125,6661.990234375,6770.72998046875,4894060032
2018-04-10,,,,,,399.4110107421875,415.88800048828125,393.8789978027344,414.2430114746094,1196000000.0,6795.43994140625,6872.41015625,6704.14990234375,6834.759765625,4272750080
2018-04-11,,,,,,415.02398681640625,430.5400085449219,412.47100830078125,430.5400085449219,1439040000.0,6843.47021484375,6968.31982421875,6817.58984375,6968.31982421875,4641889792
2018-04-12,,,,,,430.1610107421875,493.0580139160156,417.4129943847656,492.9410095214844,2519360000.0,6955.3798828125,7899.22998046875,6806.509765625,7889.25,8906250240
2018-04-13,,,,,,493.1600036621094,526.469970703125,482.65899658203125,492.7349853515625,2419249920.0,7901.08984375,8183.9599609375,7758.93017578125,7895.9599609375,7764460032
2018-04-14,,,,,,492.5799865722656,512.0239868164062,488.27899169921875,501.4779968261719,1519079936.0,7874.669921875,8140.7099609375,7846.0,7986.240234375,5191430144
2018-04-15,,,,,,502.8800048828125,531.7020263671875,502.8800048828125,531.7020263671875,1726089984.0,7999.330078125,8338.419921875,7999.330078125,8329.1103515625,5244480000
2018-04-16,,,,,,532.073974609375,534.197021484375,500.25,511.1470031738281,1758979968.0,8337.5703125,8371.150390625,7925.72998046875,8058.669921875,5631309824
2018-04-17,,,,,,511.1449890136719,518.031005859375,502.5639953613281,502.8940124511719,1760359936.0,8071.66015625,8285.9599609375,7881.72021484375,7902.08984375,6900879872
2018-04-18,,,,,,503.3089904785156,525.0919799804688,503.0450134277344,524.7890014648438,1762940032.0,7944.43017578125,8197.7998046875,7886.009765625,8163.419921875,6529909760
2018-04-19,,,,,,524.0380249023438,567.8889770507812,523.2620239257812,567.8889770507812,2256869888.0,8159.27001953125,8298.6904296875,8138.77978515625,8294.3095703125,7063209984
2018-04-20,,,,,,567.989013671875,618.7150268554688,560.2830200195312,615.718017578125,2849469952.0,8286.8798828125,8880.23046875,8244.5400390625,8845.830078125,8438110208
2018-04-21,,,,,,616.0040283203125,621.8880004882812,578.5499877929688,605.39501953125,2612460032.0,8848.7900390625,8997.5703125,8652.150390625,8895.580078125,7548550144
2018-04-22,,,,,,606.1190185546875,640.7670288085938,593.8690185546875,621.8599853515625,2426269952.0,8925.0595703125,9001.6396484375,8779.6103515625,8802.4599609375,6629899776
2018-04-23,,,,,,621.198974609375,646.7000122070312,621.0349731445312,642.5479736328125,2386830080.0,8794.3896484375,8958.5498046875,8788.8095703125,8930.8798828125,6925190144
2018-04-24,,,,,,643.3980102539062,708.875,643.3980102539062,708.1580200195312,3581860096.0,8934.33984375,9732.6103515625,8927.830078125,9697.5,10678800384
2018-04-25,,,,,,707.06201171875,707.06201171875,600.2119750976562,615.416015625,4216140032.0,9701.0302734375,9745.3203125,8799.83984375,8845.740234375,11083100160
2018-04-26,,,,,,618.0789794921875,663.1810302734375,604.0070190429688,662.8090209960938,2984009984.0,8867.3203125,9281.509765625,8727.08984375,9281.509765625,8970559488
2018-04-27,,,,,,662.1090087890625,684.8679809570312,647.031982421875,647.031982421875,2598129920.0,9290.6298828125,9375.4697265625,8987.0498046875,8987.0498046875,7566289920
2018-04-28,,,,,,644.64599609375,691.4420166015625,644.64599609375,683.677978515625,2496659968.0,8939.26953125,9412.08984375,8931.990234375,9348.48046875,7805479936
2018-04-29,,,,,,683.9119873046875,697.7559814453125,670.5130004882812,688.8809814453125,2740559872.0,9346.41015625,9531.490234375,9193.7099609375,9419.080078125,8853000192
2018-04-30,,,,,,689.760986328125,694.4390258789062,666.1170043945312,669.9240112304688,2853100032.0,9426.1103515625,9477.1396484375,9166.8095703125,9240.5498046875,8673920000
2018-05-01,,,,,,670.4630126953125,674.4030151367188,637.5399780273438,673.6129760742188,2678960128.0,9251.4697265625,9255.8798828125,8891.0498046875,9119.009765625,7713019904
2018-05-02,,,,,,674.0750122070312,688.8419799804688,667.4199829101562,687.1489868164062,2822269952.0,9104.599609375,9256.51953125,9015.1396484375,9235.919921875,7558159872
2018-05-03,,,,,,686.5910034179688,784.3410034179688,686.5910034179688,779.5430297851562,4210939904.0,9233.9697265625,9798.330078125,9188.150390625,9743.8603515625,10207299584
2018-05-04,,,,,,776.7750244140625,803.7459716796875,762.6320190429688,785.6240234375,3533410048.0,9695.5,9779.2001953125,9585.9599609375,9700.759765625,8217829888
2018-05-05,,,,,,784.5830078125,827.4550170898438,784.2369995117188,816.1199951171875,3035040000.0,9700.2802734375,9964.5,9695.1201171875,9858.150390625,7651939840
2018-05-06,,,,,,816.0880126953125,835.0570068359375,764.8829956054688,792.3109741210938,3105570048.0,9845.3095703125,9940.1396484375,9465.25,9654.7998046875,7222280192
2018-05-07,,,,,,793.3389892578125,795.7579956054688,710.177978515625,753.7249755859375,4316120064.0,9645.669921875,9665.849609375,9231.5302734375,9373.009765625,7394019840
2018-05-08,,,,,,755.0089721679688,774.2490234375,728.1290283203125,752.8569946289062,2920489984.0,9380.8701171875,9462.75,9127.76953125,9234.8203125,7415869952
2018-05-09,,,,,,752.9019775390625,759.5289916992188,718.4719848632812,752.2750244140625,2877870080.0,9223.73046875,9374.759765625,9031.6201171875,9325.1796875,7226890240
2018-05-10,,,,,,752.5789794921875,766.7479858398438,726.6640014648438,727.2769775390625,2748950016.0,9325.9599609375,9396.0400390625,9040.51953125,9043.9404296875,6906699776
2018-05-11,,,,,,727.0130004882812,736.9769897460938,669.8250122070312,679.5859985351562,3290080000.0,9052.9599609375,9052.9599609375,8394.4599609375,8441.490234375,8488520192
2018-05-12,,,,,,679.8770141601562,691.4110107421875,644.0659790039062,686.0479736328125,2668480000.0,8441.4404296875,8664.8603515625,8223.5,8504.8896484375,6821380096
2018-05-13,,,,,,687.1749877929688,741.31201171875,675.3189697265625,733.4959716796875,2362500096.0,8515.490234375,8773.5498046875,8395.1201171875,8723.9404296875,5866379776
2018-05-14,,,,,,732.7329711914062,742.1699829101562,695.7919921875,730.5490112304688,3005110016.0,8713.099609375,8881.1201171875,8367.9697265625,8716.7900390625,7364149760
2018-05-15,,,,,,731.1430053710938,739.052001953125,700.9949951171875,708.8709716796875,2523069952.0,8705.1904296875,8836.1904296875,8456.4501953125,8510.3798828125,6705710080
2018-05-16,,,,,,708.0869750976562,710.2000122070312,682.541015625,707.0499877929688,2476130048.0,8504.41015625,8508.4296875,8175.490234375,8368.830078125,6760220160
2018-05-17,,,,,,708.718017578125,718.8330078125,668.833984375,672.656982421875,2350619904.0,8370.0498046875,8445.5400390625,8054.1201171875,8094.31982421875,5862530048
2018-05-18,,,,,,672.1019897460938,695.031005859375,663.8090209960938,694.3670043945312,2305740032.0,8091.830078125,8274.1201171875,7974.81982421875,8250.9697265625,5764190208
2018-05-19,,,,,,695.072021484375,715.5780029296875,686.791015625,696.530029296875,2021549952.0,8255.73046875,8372.0595703125,8183.35009765625,8247.1796875,4712399872
2018-05-20,,,,,,697.9229736328125,723.7529907226562,692.6690063476562,715.3690185546875,2156910080.0,8246.990234375,8562.41015625,8205.240234375,8513.25,5191059968
2018-05-21,,,,,,717.1929931640625,719.2780151367188,692.4940185546875,699.2219848632812,2005170048.0,8522.330078125,8557.51953125,8365.1201171875,8418.990234375,5154990080
2018-05-22,,,,,,700.177978515625,700.9760131835938,644.0260009765625,647.7410278320312,2230469888.0,8419.8701171875,8423.25,8004.580078125,8041.77978515625,5137010176
2018-05-23,,,,,,646.6699829101562,651.635986328125,572.9520263671875,583.5850219726562,2995429888.0,8037.080078125,8054.66015625,7507.8798828125,7557.81982421875,6491120128
2018-05-24,,,,,,584.5360107421875,610.8179931640625,557.2059936523438,601.7550048828125,2791099904.0,7561.1201171875,7738.60009765625,7331.14013671875,7587.33984375,6049220096
2018-05-25,,,,,,602.1400146484375,617.1859741210938,575.6240234375,586.7340087890625,2110919936.0,7592.2998046875,7659.14013671875,7392.64990234375,7480.14013671875,4867829760
2018-05-26,,,,,,587.426025390625,606.1749877929688,583.5120239257812,587.280029296875,1694300032.0,7486.47998046875,7595.16015625,7349.1201171875,7355.8798828125,4051539968
2018-05-27,,,,,,588.52001953125,590.3280029296875,562.8660278320312,572.6680297851562,1788790016.0,7362.080078125,7381.740234375,7270.9599609375,7368.22021484375,4056519936
2018-05-28,,,,,,573.0449829101562,576.0490112304688,512.552001953125,516.0360107421875,2356900096.0,7371.31005859375,7419.0498046875,7100.89013671875,7135.990234375,5040600064
2018-05-29,,,,,,516.1480102539062,572.2639770507812,516.1480102539062,565.3880004882812,2330820096.0,7129.4599609375,7526.419921875,7090.68017578125,7472.58984375,5662660096
2018-05-30,,,,,,566.8300170898438,583.135986328125,545.4310302734375,559.5900268554688,2053970048.0,7469.72998046875,7573.77001953125,7313.60009765625,7406.52001953125,4922540032
2018-05-31,,,,,,558.4970092773438,585.5380249023438,557.0659790039062,577.64501953125,1985040000.0,7406.14990234375,7608.89990234375,7361.1298828125,7494.169921875,5127130112
2018-06-01,,,,,,578.6719970703125,589.093017578125,567.6649780273438,580.0430297851562,1945890048.0,7500.7001953125,7604.72998046875,7407.33984375,7541.4501953125,4921460224
2018-06-02,,,,,,580.4290161132812,597.0770263671875,577.322021484375,591.8079833984375,1880390016.0,7536.72021484375,7695.830078125,7497.259765625,7643.4501953125,4939299840
2018-06-03,,,,,,591.2589721679688,624.5130004882812,591.2589721679688,618.3289794921875,1832550016.0,7632.08984375,7754.89013671875,7613.0400390625,7720.25,4851760128
2018-06-04,,,,,,619.43701171875,623.4290161132812,583.7470092773438,592.9849853515625,1903430016.0,7722.52978515625,7753.81982421875,7474.0400390625,7514.47021484375,4993169920
2018-06-05,,,,,,593.406005859375,611.3300170898438,580.9819946289062,609.302978515625,1844269952.0,7500.89990234375,7643.22998046875,7397.0,7633.759765625,4961739776
2018-06-06,,,,,,610.2620239257812,611.6430053710938,596.39599609375,607.1240234375,1756530048.0,7625.97021484375,7680.43017578125,7502.009765625,7653.97998046875,4692259840
2018-06-07,,,,,,607.68701171875,616.1439819335938,601.6929931640625,605.18701171875,1880140032.0,7650.81982421875,7741.27001953125,7650.81982421875,7678.240234375,4485799936
2018-06-08,,,,,,605.4429931640625,608.8109741210938,595.593017578125,601.0770263671875,1637779968.0,7685.14013671875,7698.18994140625,7558.39990234375,7624.919921875,4227579904
2018-06-09,,,,,,600.905029296875,608.5830078125,597.56201171875,597.56201171875,1519309952.0,7632.52001953125,7683.580078125,7531.97998046875,7531.97998046875,3845220096
2018-06-10,,,,,,594.344970703125,594.344970703125,511.8890075683594,526.47900390625,2234880000.0,7499.5498046875,7499.5498046875,6709.06982421875,6786.02001953125,5804839936
2018-06-11,,,,,,524.8569946289062,536.8579711914062,515.2689819335938,533.2839965820312,1982119936.0,6799.2900390625,6910.18017578125,6706.6298828125,6906.919921875,4745269760
2018-06-12,,,,,,532.7100219726562,538.9550170898438,491.2349853515625,496.8429870605469,1932760064.0,6905.81982421875,6907.9599609375,6542.080078125,6582.35986328125,4654380032
2018-06-13,,,,,,498.01800537109375,501.9049987792969,459.0039978027344,477.4939880371094,2080130048.0,6596.8798828125,6631.66015625,6285.6298828125,6349.89990234375,5052349952
2018-06-14,,,,,,478.3810119628906,523.5449829101562,467.46600341796875,519.7420043945312,2458650112.0,6342.75,6707.14013671875,6334.4599609375,6675.35009765625,5138710016
2018-06-15,,,,,,520.47998046875,521.3049926757812,487.468994140625,491.0039978027344,1808269952.0,6674.080078125,6681.080078125,6433.8701171875,6456.580078125,3955389952
2018-06-16,,,,,,490.41400146484375,503.2229919433594,488.85101318359375,499.6419982910156,1314109952.0,6455.4501953125,6592.490234375,6402.2900390625,6550.16015625,3194170112
2018-06-17,,,,,,499.4599914550781,507.6409912109375,498.64801025390625,500.447998046875,1264870016.0,6545.52978515625,6589.10986328125,6499.27001953125,6499.27001953125,3104019968
2018-06-18,,,,,,499.38299560546875,521.7960205078125,494.0660095214844,518.8909912109375,1513869952.0,6510.06982421875,6781.14013671875,6446.68017578125,6734.81982421875,4039200000
2018-06-19,,,,,,519.0230102539062,542.35302734375,516.31201171875,537.9569702148438,1726569984.0,6742.39013671875,6822.5,6709.919921875,6769.93994140625,4057029888
2018-06-20,,,,,,538.5059814453125,541.0150146484375,519.3690185546875,536.2680053710938,1596290048.0,6770.759765625,6821.56005859375,6611.8798828125,6776.5498046875,3888640000
2018-06-21,,,,,,536.447021484375,543.7169799804688,524.2589721679688,527.3670043945312,1462070016.0,6780.08984375,6810.93994140625,6715.169921875,6729.740234375,3529129984
2018-06-22,,,,,,527.1939697265625,527.1939697265625,456.87701416015625,465.8169860839844,2226030080.0,6737.8798828125,6747.080078125,6006.60009765625,6083.68994140625,5079810048
2018-06-23,,,,,,466.27398681640625,479.1289978027344,462.39300537109375,474.5199890136719,1651379968.0,6090.10009765625,6224.81982421875,6071.81005859375,6162.47998046875,3431360000
2018-06-24,,,,,,474.76800537109375,475.3590087890625,426.468994140625,457.6719970703125,2490579968.0,6164.27978515625,6223.77978515625,5826.41015625,6173.22998046875,4566909952
2018-06-25,,,,,,455.9360046386719,470.343994140625,448.89599609375,460.30999755859375,4007950080.0,6171.97021484375,6327.3701171875,6119.68017578125,6249.18017578125,5500810240
2018-06-26,,,,,,460.7330017089844,461.2130126953125,432.7720031738281,432.7720031738281,1356560000.0,6253.5498046875,6290.16015625,6093.669921875,6093.669921875,3279759872
2018-06-27,,,,,,432.2439880371094,444.2430114746094,424.8389892578125,442.364990234375,1368940032.0,6084.39990234375,6180.0,6052.85009765625,6157.1298828125,3296219904
2018-06-28,,,,,,442.2900085449219,443.6180114746094,419.6830139160156,422.364990234375,1360790016.0,6153.16015625,6170.41015625,5873.0498046875,5903.43994140625,3467800064
2018-06-29,,,,,,422.5870056152344,441.7929992675781,407.9469909667969,436.0090026855469,1564499968.0,5898.1298828125,6261.66015625,5835.75,6218.2998046875,3966230016
2018-06-30,,,,,,436.2090148925781,458.7969970703125,436.2090148925781,455.17999267578125,1475939968.0,6214.22021484375,6465.509765625,6214.22021484375,6404.0,4543860224
2018-07-01,,,,,,455.24200439453125,457.1390075683594,446.385009765625,453.9179992675781,1511730048.0,6411.68017578125,6432.85009765625,6289.2900390625,6385.81982421875,4788259840
2018-07-02,,,,,,453.8240051269531,479.1300048828125,447.1109924316406,475.34698486328125,1625789952.0,6380.3798828125,6683.85986328125,6305.7001953125,6614.18017578125,4396930048
2018-07-03,,,,,,475.385986328125,483.85400390625,462.5820007324219,464.19500732421875,1683939968.0,6596.66015625,6671.3701171875,6447.75,6529.58984375,4672309760
2018-07-04,,,,,,464.1510009765625,481.4360046386719,455.18499755859375,467.3179931640625,1549769984.0,6550.8701171875,6771.919921875,6450.4599609375,6597.5498046875,4176689920
2018-07-05,,,,,,467.2869873046875,483.2250061035156,464.6289978027344,474.4119873046875,1828610048.0,6599.7099609375,6749.5400390625,6546.64990234375,6639.14013671875,4999240192
2018-07-06,,,,,,474.35699462890625,479.6520080566406,457.614990234375,474.0119934082031,1627609984.0,6638.68994140625,6700.93994140625,6533.5498046875,6673.5,4313959936
2018-07-07,,,,,,474.0570068359375,491.6600036621094,466.83599853515625,491.6600036621094,1358360064.0,6668.7099609375,6863.990234375,6579.240234375,6856.93017578125,3961080064
2018-07-08,,,,,,492.0679931640625,503.1990051269531,488.4169921875,489.1189880371094,1344560000.0,6857.7998046875,6885.91015625,6747.97998046875,6773.8798828125,3386210048
2018-07-09,,,,,,488.87799072265625,490.85198974609375,475.17498779296875,476.6820068359375,1533799936.0,6775.080078125,6838.68017578125,6724.33984375,6741.75,3718129920
2018-07-10,,,,,,476.1619873046875,478.3179931640625,433.9599914550781,434.42401123046875,1789069952.0,6739.2099609375,6767.740234375,6320.72021484375,6329.9501953125,4052430080
2018-07-11,,,,,,434.5150146484375,447.3160095214844,429.5069885253906,446.51800537109375,1422470016.0,6330.77001953125,6444.9599609375,6330.47021484375,6394.7099609375,3644859904
2018-07-12,,,,,,446.50201416015625,446.50201416015625,422.80999755859375,430.0740051269531,1495440000.0,6396.77978515625,6397.10009765625,6136.419921875,6228.81005859375,3770170112
2018-07-13,,,,,,430.7409973144531,442.3630065917969,430.7409973144531,434.0270080566406,1489670016.0,6235.02978515625,6310.5498046875,6192.240234375,6238.0498046875,3805400064
2018-07-14,,,,,,434.510986328125,439.4339904785156,431.4739990234375,436.08599853515625,1235820032.0,6247.5,6298.18994140625,6212.22021484375,6276.1201171875,2923670016
2018-07-15,,,,,,435.88299560546875,454.0010070800781,433.9209899902344,449.8500061035156,1350160000.0,6272.7001953125,6403.4599609375,6256.509765625,6359.64013671875,3285459968
2018-07-16,,,,,,450.42498779296875,480.6579895019531,446.7980041503906,480.6579895019531,1858680064.0,6357.009765625,6741.75,6357.009765625,6741.75,4725799936
2018-07-17,,,,,,480.0769958496094,508.7799987792969,468.9150085449219,501.00201416015625,2288100096.0,6739.64990234375,7387.240234375,6684.169921875,7321.0400390625,5961950208
2018-07-18,,,,,,500.8380126953125,513.4329833984375,474.3590087890625,480.51300048828125,2371559936.0,7315.31982421875,7534.990234375,7280.47021484375,7370.77978515625,6103410176
2018-07-19,,,,,,480.62799072265625,483.239990234375,465.1419982910156,469.6189880371094,2068739968.0,7378.2001953125,7494.4599609375,7295.4599609375,7466.85986328125,5111629824
2018-07-20,,,,,,469.3070068359375,469.3070068359375,443.6929931640625,450.697998046875,1821350016.0,7467.39990234375,7594.669921875,7323.259765625,7354.1298828125,4936869888
2018-07-21,,,,,,450.6789855957031,468.0830078125,445.7760009765625,462.4360046386719,1504310016.0,7352.72021484375,7437.64013671875,7262.41015625,7419.2900390625,3726609920
2018-07-22,,,,,,462.43798828125,470.89801025390625,458.1189880371094,459.6570129394531,1338589952.0,7417.7998046875,7537.9501953125,7383.81982421875,7418.490234375,3695460096
2018-07-23,,,,,,459.4389953613281,469.7659912109375,449.7279968261719,450.8529968261719,1596999936.0,7414.7099609375,7771.5,7409.10009765625,7711.10986328125,5132480000
2018-07-24,,,,,,451.135986328125,481.1419982910156,450.56500244140625,479.37298583984375,2287520000.0,7716.509765625,8424.26953125,7705.5,8424.26953125,7277689856
2018-07-25,,,,,,479.906005859375,482.8680114746094,466.4739990234375,472.4930114746094,1930780032.0,8379.66015625,8416.8701171875,8086.35986328125,8181.39013671875,5845400064
2018-07-26,,,,,,472.33099365234375,483.6960144042969,461.42401123046875,464.0369873046875,1621560064.0,8176.85009765625,8290.330078125,7878.7099609375,7951.580078125,4899089920
2018-07-27,,,,,,464.0090026855469,473.22198486328125,458.2909851074219,469.6659851074219,1734259968.0,7950.39990234375,8262.66015625,7839.759765625,8165.009765625,5195879936
2018-07-28,,,,,,469.6780090332031,471.593994140625,462.989013671875,466.89801025390625,1531890048.0,8169.06005859375,8222.849609375,8110.77001953125,8192.150390625,3988750080
2018-07-29,,,,,,466.9150085449219,470.3559875488281,462.7120056152344,466.6650085449219,1631910016.0,8205.8203125,8272.259765625,8141.18017578125,8218.4599609375,4107190016
2018-07-30,,,,,,466.8269958496094,467.9519958496094,448.6409912109375,457.08099365234375,2141590000.0,8221.580078125,8235.5,7917.5,8180.47998046875,5551400000
2018-07-31,,,,,,457.2449951171875,457.2449951171875,430.4440002441406,433.86700439453125,1820680000.0,8181.2001953125,8181.52978515625,7696.93017578125,7780.43994140625,5287530000
2018-08-01,,,,,,433.8689880371094,435.4570007324219,410.4639892578125,420.74700927734375,1888060000.0,7769.0400390625,7769.0400390625,7504.9501953125,7624.91015625,4797620000
2018-08-02,,,,,,420.8059997558594,425.03399658203125,410.3089904785156,412.6210021972656,1569300000.0,7634.18994140625,7712.77001953125,7523.43994140625,7567.14990234375,4214110000
2018-08-03,,,,,,412.5669860839844,420.54901123046875,399.9100036621094,418.2619934082031,1722340000.0,7562.14013671875,7562.14013671875,7328.64990234375,7434.39013671875,4627150000
2018-08-04,,,,,,418.23699951171875,420.1860046386719,403.7760009765625,407.25201416015625,1466540000.0,7438.669921875,7497.490234375,6984.06982421875,7032.85009765625,4268390000
2018-08-05,,,,,,407.34600830078125,413.71600341796875,402.4320068359375,410.5159912109375,1396820000.0,7031.080078125,7102.77001953125,6940.7001953125,7068.47998046875,3679110000
2018-08-06,,,,,,410.5669860839844,414.5400085449219,403.31500244140625,406.6579895019531,1384880000.0,7062.93994140625,7166.5498046875,6890.5400390625,6951.7998046875,3925900000
2018-08-07,,,,,,406.8009948730469,411.4049987792969,376.0769958496094,380.2149963378906,1828350000.0,6958.31982421875,7146.56005859375,6748.240234375,6753.1201171875,4682800000
2018-08-08,,,,,,379.8919982910156,380.6709899902344,353.7340087890625,356.6130065917969,2016080000.0,6746.85009765625,6746.85009765625,6226.22021484375,6305.7998046875,5064430000
2018-08-09,,,,,,356.97100830078125,370.9460144042969,353.614013671875,365.5880126953125,1616610000.0,6305.56005859375,6625.72998046875,6249.06982421875,6568.22998046875,4267040000
2018-08-10,,,,,,365.7760009765625,367.0450134277344,329.58599853515625,334.1759948730469,1699400000.0,6571.419921875,6591.259765625,6124.52001953125,6184.7099609375,4528680000
2018-08-11,,,,,,334.2640075683594,334.2640075683594,308.4880065917969,322.11199951171875,1790370000.0,6185.7900390625,6455.740234375,6109.02978515625,6295.72998046875,4047850000
2018-08-12,,,,,,320.822998046875,328.5899963378906,318.60198974609375,319.57000732421875,1625420000.0,6283.64990234375,6409.85009765625,6237.5,6322.68994140625,5665250000
2018-08-13,,,,,,320.2099914550781,323.5509948730469,284.9339904785156,286.4949951171875,1751190000.0,6341.35986328125,6537.0498046875,6225.72021484375,6297.56982421875,4083980000
2018-08-14,,,,,,286.364990234375,286.364990234375,254.64999389648438,278.9320068359375,2137850000.0,6287.66015625,6287.93994140625,5971.0498046875,6199.7099609375,5301700000
2018-08-15,,,,,,280.3869934082031,303.5899963378906,280.1189880371094,282.364013671875,1878150000.0,6221.419921875,6588.490234375,6221.419921875,6308.52001953125,4895450000
2018-08-16,,,,,,282.7409973144531,298.47601318359375,280.9280090332031,288.0459899902344,1552970000.0,6294.22998046875,6473.5,6276.41015625,6334.72998046875,4328420000
2018-08-17,,,,,,287.6830139160156,316.1700134277344,287.34600830078125,315.72900390625,1995460000.0,6340.91015625,6582.5,6324.97021484375,6580.6298828125,4992990000
2018-08-18,,,,,,316.7909851074219,320.4460144042969,286.5509948730469,295.81201171875,1764020000.0,6583.43017578125,6617.35009765625,6353.72998046875,6423.759765625,3984520000
2018-08-19,,,,,,295.6700134277344,307.0979919433594,291.3320007324219,300.8340148925781,1447910000.0,6422.56982421875,6537.97998046875,6361.5498046875,6506.06982421875,3311170000
2018-08-20,,,,,,301.3810119628906,304.37200927734375,273.510986328125,274.31500244140625,1413790000.0,6500.509765625,6536.919921875,6297.93017578125,6308.52978515625,3665100000
2018-08-21,,,,,,273.33099365234375,285.9700012207031,273.33099365234375,281.9440002441406,1164120000.0,6301.06982421875,6500.8701171875,6298.240234375,6488.759765625,3377180000
2018-08-22,,,,,,281.9679870605469,297.4859924316406,264.99798583984375,271.34100341796875,1507660000.0,6486.25,6816.7900390625,6310.10986328125,6376.7099609375,4668110000
2018-08-23,,,,,,271.74798583984375,279.5459899902344,271.0899963378906,277.10400390625,1271160000.0,6371.33984375,6546.5400390625,6371.33984375,6534.8798828125,3426180000
2018-08-24,,,,,,278.1109924316406,283.302001953125,273.8599853515625,282.9670104980469,1450170000.0,6551.52001953125,6719.9599609375,6498.64013671875,6719.9599609375,4097820000
2018-08-25,,,,,,283.281005859375,283.5150146484375,278.47100830078125,279.64599609375,1208360000.0,6719.9501953125,6789.6298828125,6700.9599609375,6763.18994140625,3312600000
2018-08-26,,,,,,279.5249938964844,279.5249938964844,272.4440002441406,275.1969909667969,1206650000.0,6754.64013671875,6774.75,6620.75,6707.259765625,3295500000
2018-08-27,,,,,,275.3500061035156,285.6029968261719,273.6499938964844,285.6029968261719,1406790000.0,6710.7998046875,6884.64013671875,6689.7099609375,6884.64013671875,4019000000
2018-08-28,,,,,,286.64898681640625,297.3999938964844,283.5719909667969,296.4989929199219,1513350000.0,6891.080078125,7109.56005859375,6882.33984375,7096.27978515625,4659940000
2018-08-29,,,,,,296.1629943847656,297.0710144042969,287.2869873046875,289.31201171875,1474460000.0,7091.7099609375,7113.2998046875,6970.81982421875,7047.16015625,4145880000
2018-08-30,,,,,,289.75299072265625,291.2430114746094,275.21099853515625,284.1050109863281,1513100000.0,7043.759765625,7072.68994140625,6834.68994140625,6978.22998046875,4463250000
2018-08-31,,,,,,284.1199951171875,284.5509948730469,278.51300048828125,283.0039978027344,1411910000.0,6973.97021484375,7057.169921875,6920.16015625,7037.580078125,4495650000
2018-09-01,,,,,,283.4960021972656,301.1440124511719,283.4960021972656,295.34100341796875,1546630000.0,7044.81005859375,7242.2900390625,7038.0498046875,7193.25,4116050000
2018-09-02,,,,,,295.4530029296875,298.6860046386719,290.9259948730469,294.3710021972656,1321050000.0,7189.580078125,7306.31005859375,7132.16015625,7272.72021484375,4329540000
2018-09-03,,,,,,295.1809997558594,295.59100341796875,287.4320068359375,289.2590026855469,1394490000.0,7279.02978515625,7317.93994140625,7208.14990234375,7260.06005859375,4087760000
2018-09-04,,,,,,289.2969970703125,291.5799865722656,284.2550048828125,285.7229919433594,1554870000.0,7263.0,7388.259765625,7255.43994140625,7361.66015625,4273640000
2018-09-05,,,,,,286.0450134277344,288.1629943847656,232.33099365234375,232.33099365234375,2390390000.0,7361.4599609375,7388.43017578125,6792.830078125,6792.830078125,5800460000
2018-09-06,,,,,,231.6479949951172,231.7550048828125,218.1230010986328,230.21499633789062,2097310000.0,6755.14013671875,6755.14013671875,6404.72021484375,6529.169921875,5523470000
2018-09-07,,,,,,229.53500366210938,233.89599609375,217.0749969482422,217.2030029296875,1678260000.0,6528.919921875,6555.2900390625,6396.8701171875,6467.06982421875,4264680000
2018-09-08,,,,,,217.91200256347656,220.36700439453125,193.25900268554688,197.9510040283203,1517200000.0,6460.169921875,6534.25,6197.52001953125,6225.97998046875,3835060000
2018-09-09,,,,,,198.38499450683594,207.66600036621094,188.30599975585938,196.9239959716797,1585980000.0,6223.3798828125,6446.259765625,6201.22021484375,6300.85986328125,3671890000
2018-09-10,,,,,,197.8509979248047,201.88299560546875,189.58399963378906,197.07899475097656,1502960000.0,6301.56982421875,6374.97998046875,6292.759765625,6329.7001953125,3714100000
2018-09-11,,,,,,198.177001953125,198.50599670410156,180.5959930419922,185.0659942626953,1568900000.0,6331.8798828125,6398.919921875,6260.2099609375,6321.2001953125,3849910000
2018-09-12,,,,,,185.42300415039062,185.58700561523438,170.2570037841797,183.33099365234375,1874850000.0,6317.009765625,6363.8701171875,6265.08984375,6351.7998046875,4064230000
2018-09-13,,,,,,183.6790008544922,214.0019989013672,183.6790008544922,211.35400390625,2330720000.0,6354.240234375,6535.41015625,6354.240234375,6517.31005859375,4210910000
2018-09-14,,,,,,212.66900634765625,222.79400634765625,204.87100219726562,211.74899291992188,2232190000.0,6515.41015625,6596.10009765625,6456.169921875,6512.7099609375,4076220000
2018-09-15,,,,,,209.81399536132812,226.60400390625,209.6060028076172,223.07400512695312,1670490000.0,6509.39990234375,6561.72021484375,6493.5498046875,6543.2001953125,3216300000
2018-09-16,,,,,,222.80299377441406,222.80299377441406,211.1179962158203,220.58900451660156,1502260000.0,6536.68017578125,6544.330078125,6460.10009765625,6517.18017578125,3273730000
2018-09-17,,,,,,221.58200073242188,224.26100158691406,195.30799865722656,197.875,2019910000.0,6514.06005859375,6540.2099609375,6257.52001953125,6281.2001953125,3910780000
2018-09-18,,,,,,197.09500122070312,213.35699462890625,195.9340057373047,209.97500610351562,1800640000.0,6280.91015625,6384.18017578125,6265.7099609375,6371.2998046875,4180090000
2018-09-19,,,,,,209.4720001220703,213.87100219726562,201.656005859375,209.968994140625,1733330000.0,6371.85009765625,6448.4599609375,6208.33984375,6398.5400390625,4431340000
2018-09-20,,,,,,210.28799438476562,224.8179931640625,207.78900146484375,224.59100341796875,1782070000.0,6398.85009765625,6529.259765625,6395.9501953125,6519.669921875,4348110000
2018-09-21,,,,,,225.25100708007812,248.38800048828125,221.56700134277344,246.58399963378906,2836200000.0,6513.8701171875,6794.330078125,6496.35986328125,6734.9501953125,6531940000
2018-09-22,,,,,,247.33700561523438,251.1959991455078,233.80999755859375,240.47999572753906,1921820000.0,6735.0498046875,6814.56005859375,6616.7998046875,6721.97998046875,4509660000
2018-09-23,,,,,,240.99200439453125,247.46400451660156,237.85699462890625,244.3300018310547,1693470000.0,6715.31982421875,6766.14990234375,6679.419921875,6710.6298828125,4197500000
2018-09-24,,,,,,244.843994140625,245.10800170898438,227.49000549316406,228.72999572753906,1748740000.0,6704.77001953125,6713.56005859375,6580.89990234375,6595.41015625,4177310000
2018-09-25,,,,,,228.32699584960938,228.32699584960938,206.49000549316406,218.5050048828125,2120360000.0,6603.64013671875,6603.64013671875,6381.85986328125,6446.47021484375,4726180000
2018-09-26,,,,,,218.64700317382812,221.43699645996094,209.11300659179688,215.8470001220703,1756100000.0,6452.7900390625,6585.91015625,6397.89013671875,6495.0,4437300000
2018-09-27,,,,,,215.44000244140625,230.60699462890625,212.6540069580078,228.49400329589844,2030320000.0,6495.2900390625,6712.10009765625,6464.9501953125,6676.75,4606810000
2018-09-28,,,,,,229.04100036621094,231.7480010986328,218.66900634765625,222.40199279785156,2018120000.0,6678.75,6785.02978515625,6598.31982421875,6644.1298828125,5014430000
2018-09-29,,,,,,221.7050018310547,234.01400756835938,216.0780029296875,231.63499450683594,2208720000.0,6643.10009765625,6643.10009765625,6511.64990234375,6601.9599609375,4363690000
2018-09-30,,,,,,231.32899475097656,236.98599243164062,228.44500732421875,232.84800720214844,1765560000.0,6604.7099609375,6643.77978515625,6566.5400390625,6625.56005859375,4002280000
2018-10-01,,,,,,233.22000122070312,234.14500427246094,226.94500732421875,230.76800537109375,1597500000.0,6619.85009765625,6653.2998046875,6549.080078125,6589.6201171875,4000970000
2018-10-02,,,,,,231.10000610351562,231.16700744628906,225.83799743652344,227.18099975585938,1542080000.0,6593.240234375,6611.83984375,6537.89990234375,6556.10009765625,3979260000
2018-10-03,,,,,,226.40699768066406,226.45799255371094,213.9709930419922,220.48899841308594,1683930000.0,6553.85986328125,6571.4599609375,6454.02978515625,6502.58984375,3887310000
2018-10-04,,,,,,220.4459991455078,226.1479949951172,220.08999633789062,222.21800231933594,1479500000.0,6497.91015625,6603.31005859375,6497.91015625,6576.68994140625,3838410000
2018-10-05,,,,,,222.26699829101562,228.31900024414062,220.95700073242188,227.6009979248047,1547330000.0,6574.14990234375,6623.6201171875,6557.41015625,6622.47998046875,3671500000
2018-10-06,,,,,,227.552001953125,227.92599487304688,224.24600219726562,225.1199951171875,1505070000.0,6622.4501953125,6628.5400390625,6577.7998046875,6588.31005859375,3259740000
2018-10-07,,,,,,225.43499755859375,226.3699951171875,222.99600219726562,226.11900329589844,1470480000.0,6590.68017578125,6641.490234375,6557.0400390625,6602.9501953125,3306630000
2018-10-08,,,,,,226.50900268554688,230.76499938964844,224.5570068359375,229.2550048828125,1470740000.0,6600.18994140625,6675.06005859375,6576.0400390625,6652.22998046875,3979460000
2018-10-09,,,,,,229.7100067138672,230.16099548339844,226.4010009765625,227.98199462890625,1405130000.0,6653.080078125,6661.41015625,6606.93994140625,6642.64013671875,3580810000
2018-10-10,,,,,,227.61500549316406,227.70700073242188,224.4949951171875,225.7689971923828,1384040000.0,6640.2900390625,6640.2900390625,6538.9599609375,6585.52978515625,3787650000
2018-10-11,,,,,,225.61000061035156,225.61000061035156,189.2830047607422,189.49899291992188,2167620000.0,6586.740234375,6586.740234375,6243.740234375,6256.240234375,5181640000
2018-10-12,,,,,,188.70700073242188,199.4010009765625,188.70700073242188,196.7270050048828,1487900000.0,6239.25,6328.5,6236.47021484375,6274.580078125,3783500000
2018-10-13,,,,,,196.36399841308594,201.2790069580078,196.36399841308594,199.84100341796875,1167610000.0,6278.080078125,6308.509765625,6259.81005859375,6285.990234375,3064030000
2018-10-14,,,,,,199.6909942626953,201.82699584960938,195.2429962158203,195.71499633789062,1169260000.0,6288.490234375,6363.2099609375,6280.14990234375,6290.93017578125,3085320000
2018-10-15,,,,,,195.27000427246094,222.1179962158203,194.15899658203125,209.70399475097656,2865830000.0,6292.64013671875,6965.06005859375,6258.68017578125,6596.5400390625,7370770000
2018-10-16,,,,,,209.6280059814453,212.17300415039062,207.98399353027344,210.1199951171875,1532280000.0,6601.41015625,6673.58984375,6571.3701171875,6596.10986328125,4074800000
2018-10-17,,,,,,210.2169952392578,211.125,205.92799377441406,207.08299255371094,1444130000.0,6590.52001953125,6601.2099609375,6517.4501953125,6544.43017578125,4088420000
2018-10-18,,,,,,207.4040069580078,208.47000122070312,201.7429962158203,203.3520050048828,1365860000.0,6542.330078125,6567.5400390625,6450.0400390625,6476.7099609375,3924080000
2018-10-19,,,,,,203.2570037841797,204.66299438476562,201.843994140625,203.7270050048828,1264480000.0,6478.06982421875,6493.68017578125,6445.31005859375,6465.41015625,3578870000
2018-10-20,,,,,,203.51499938964844,206.2220001220703,203.0850067138672,205.42999267578125,1238780000.0,6460.919921875,6497.72021484375,6449.0,6489.18994140625,3379130000
2018-10-21,,,,,,205.38999938964844,208.15499877929688,204.62100219726562,205.14199829101562,1190300000.0,6490.08984375,6556.3798828125,6476.0,6482.35009765625,3253610000
2018-10-22,,,,,,205.1739959716797,206.9320068359375,203.3769989013672,204.04400634765625,1328980000.0,6486.0498046875,6543.7998046875,6462.97998046875,6487.16015625,3672860000
2018-10-23,,,,,,204.01600646972656,205.1510009765625,201.91099548339844,204.33599853515625,1237490000.0,6472.35986328125,6506.009765625,6451.27001953125,6475.740234375,3716150000
2018-10-24,,,,,,204.1269989013672,205.58099365234375,203.35400390625,203.8520050048828,1102220000.0,6478.89013671875,6521.990234375,6468.85986328125,6495.83984375,3424670000
2018-10-25,,,,,,203.8679962158203,204.1320037841797,201.822998046875,202.718994140625,1102900000.0,6484.64990234375,6504.64990234375,6447.02978515625,6476.2900390625,3230550000
2018-10-26,,,,,,202.33599853515625,204.77999877929688,201.55099487304688,203.32899475097656,1161310000.0,6468.43994140625,6498.2900390625,6449.60986328125,6474.75,3306050000
2018-10-27,,,,,,203.3560028076172,206.08200073242188,203.12600708007812,204.2100067138672,1084810000.0,6480.83984375,6507.41015625,6453.52978515625,6480.3798828125,3393250000
2018-10-28,,,,,,204.50999450683594,205.91900634765625,203.5229949951172,205.36599731445312,1139140000.0,6482.66015625,6502.27978515625,6447.91015625,6486.39013671875,3445190000
2018-10-29,,,,,,205.1739959716797,205.5970001220703,195.73399353027344,197.2469940185547,1517230000.0,6492.35009765625,6503.60009765625,6306.990234375,6332.6298828125,4199910000
2018-10-30,,,,,,197.2030029296875,198.1219940185547,196.3509979248047,197.55599975585938,1363500000.0,6337.0400390625,6364.990234375,6310.14013671875,6334.27001953125,3781100000
2018-10-31,,,,,,197.6490020751953,198.33799743652344,196.531005859375,197.38099670410156,1442380000.0,6336.990234375,6349.16015625,6316.8798828125,6317.60986328125,4191240000
2018-11-01,,,,,,197.53700256347656,203.75399780273438,197.3280029296875,198.8719940185547,1336700000.0,6318.14013671875,6547.14013671875,6311.830078125,6377.77978515625,3789400000
2018-11-02,,,,,,198.98199462890625,201.2689971923828,198.7550048828125,200.63499450683594,1451870000.0,6378.919921875,6396.85986328125,6327.3798828125,6388.43994140625,4234870000
2018-11-03,,,,,,200.74000549316406,200.74000549316406,199.52499389648438,200.18600463867188,1307150000.0,6387.240234375,6400.06982421875,6342.3701171875,6361.259765625,3658640000
2018-11-04,,,,,,200.1580047607422,211.27200317382812,198.98599243164062,207.48599243164062,1749300000.0,6365.47021484375,6388.6298828125,6294.56982421875,6376.1298828125,4390020000
2018-11-05,,,,,,207.10000610351562,210.81900024414062,206.572998046875,209.09100341796875,1613510000.0,6363.6201171875,6480.58984375,6363.6201171875,6419.66015625,4174800000
2018-11-06,,,,,,209.4739990234375,218.45199584960938,207.8939971923828,218.45199584960938,1856940000.0,6433.3798828125,6463.5498046875,6408.16015625,6461.009765625,4700040000
2018-11-07,,,,,,218.8990020751953,221.65199279785156,216.79600524902344,217.18299865722656,1927830000.0,6468.5,6552.16015625,6468.31005859375,6530.14013671875,4941260000
2018-11-08,,,,,,217.32699584960938,218.33799743652344,212.19900512695312,212.2310028076172,1769080000.0,6522.27001953125,6536.919921875,6438.52978515625,6453.72021484375,4665260000
2018-11-09,,,,,,211.98699951171875,213.3159942626953,209.51499938964844,210.07400512695312,1554750000.0,6442.60009765625,6456.4599609375,6373.3701171875,6385.6201171875,4346820000
2018-11-10,,,,,,209.97500610351562,213.85699462890625,209.80499267578125,212.5330047607422,1377760000.0,6386.1298828125,6437.27978515625,6385.31005859375,6409.22021484375,3705320000
2018-11-11,,,,,,212.47900390625,212.99899291992188,208.8679962158203,211.33999633789062,1501600000.0,6413.6298828125,6423.25,6350.169921875,6411.27001953125,3939060000
2018-11-12,,,,,,211.51300048828125,212.6230010986328,208.9239959716797,210.41799926757812,1452380000.0,6411.759765625,6434.2099609375,6360.47021484375,6371.27001953125,4295770000
2018-11-13,,,,,,210.1490020751953,210.51499938964844,206.13499450683594,206.8260040283203,1610260000.0,6373.18994140625,6395.27001953125,6342.669921875,6359.490234375,4503800000
2018-11-14,,,,,,206.53399658203125,207.0449981689453,174.08399963378906,181.39700317382812,2595330000.0,6351.240234375,6371.5498046875,5544.08984375,5738.35009765625,7398940000
2018-11-15,,,,,,181.8990020751953,184.25100708007812,170.18899536132812,180.80599975585938,2638410000.0,5736.14990234375,5774.81982421875,5358.3798828125,5648.02978515625,7032140000
2018-11-16,,,,,,180.86500549316406,181.35000610351562,173.12600708007812,175.177001953125,2015330000.0,5645.31982421875,5657.02001953125,5498.93994140625,5575.5498046875,5279320000
2018-11-17,,,,,,175.36000061035156,175.8509979248047,172.86900329589844,174.00100708007812,1832800000.0,5578.580078125,5578.580078125,5519.56005859375,5554.330078125,4303150000
2018-11-18,,,,,,174.1750030517578,179.15199279785156,174.1750030517578,177.06700134277344,1810920000.0,5559.740234375,5653.60986328125,5559.740234375,5623.5400390625,4159680000
2018-11-19,,,,,,177.1790008544922,177.1790008544922,147.8509979248047,149.1750030517578,2745160000.0,5620.77978515625,5620.77978515625,4842.91015625,4871.490234375,7039560000
2018-11-20,,,,,,148.81100463867188,151.2530059814453,126.36000061035156,130.33900451660156,3134410000.0,4863.93017578125,4951.60986328125,4272.10986328125,4451.8701171875,8428290000
2018-11-21,,,,,,131.14199829101562,138.88999938964844,125.75800323486328,136.7010040283203,2685930000.0,4465.5400390625,4675.72998046875,4343.97998046875,4602.169921875,6120120000
2018-11-22,,,,,,136.81100463867188,137.74000549316406,126.70600128173828,126.70600128173828,1792150000.0,4611.56982421875,4629.64013671875,4365.64013671875,4365.93994140625,4569370000
2018-11-23,,,,,,126.41899871826172,127.02799987792969,119.55899810791016,123.2959976196289,1998010000.0,4360.7001953125,4396.419921875,4195.68017578125,4347.10986328125,4871490000
2018-11-24,,,,,,123.30400085449219,126.78800201416016,110.82499694824219,113.49400329589844,1800960000.0,4347.68994140625,4413.08984375,3795.159912109375,3880.760009765625,4679500000
2018-11-25,,,,,,113.1259994506836,118.88099670410156,101.7699966430664,116.44999694824219,2466750000.0,3880.780029296875,4120.8701171875,3585.06005859375,4009.969970703125,6825640000
2018-11-26,,,,,,116.34300231933594,118.20099639892578,104.89299774169922,108.33499908447266,2139490000.0,4015.070068359375,4107.14013671875,3643.919921875,3779.1298828125,6476900000
2018-11-27,,,,,,107.91300201416016,111.84200286865234,102.4520034790039,110.01000213623047,2320010000.0,3765.949951171875,3862.9599609375,3661.010009765625,3820.719970703125,5998720000
2018-11-28,,,,,,110.197998046875,126.0479965209961,110.197998046875,122.43800354003906,2673470000.0,3822.469970703125,4385.89990234375,3822.469970703125,4257.419921875,7280280000
2018-11-29,,,,,,122.72154998779297,123.22972106933594,115.29769134521484,117.54264831542969,2196099151.0,4269.00439453125,4413.0205078125,4145.76513671875,4278.8466796875,6503347767
2018-11-30,,,,,,117.72809600830078,119.42376708984375,111.74496459960938,113.17141723632812,2020748396.0,4289.0888671875,4322.9765625,3942.822021484375,4017.2685546875,6048016717
2018-12-01,,,,,,113.39775848388672,120.8414535522461,111.61912536621094,118.63555908203125,2131475768.0,4024.46435546875,4309.37744140625,3969.710693359375,4214.671875,5375314093
2018-12-02,,,,,,118.26815032958984,120.56204986572266,116.092041015625,116.38890075683594,1856199149.0,4200.7333984375,4301.51953125,4110.978515625,4139.8779296875,5262697895
2018-12-03,,,,,,116.3787612915039,116.61906433105469,107.41565704345703,108.92501831054688,1772756193.0,4147.32373046875,4155.9794921875,3840.4462890625,3894.130859375,5089570994
2018-12-04,,,,,,108.80316162109375,113.14291381835938,107.40271759033203,110.21418762207031,1748116495.0,3886.294921875,4075.627685546875,3832.75,3956.893798828125,5028069239
2018-12-05,,,,,,110.33551788330078,110.5986099243164,102.47555541992188,102.47555541992188,1990157607.0,3958.894775390625,3969.535888671875,3753.994873046875,3753.994873046875,5302481574
2018-12-06,,,,,,102.45059204101562,104.1034927368164,91.76105499267578,91.76105499267578,2310716932.0,3754.074462890625,3874.966064453125,3521.101806640625,3521.101806640625,5878333109
2018-12-07,,,,,,91.64983367919922,96.08984375,83.46971893310547,93.29456329345703,2554304530.0,3512.59033203125,3512.59033203125,3280.228759765625,3419.937255859375,6835615448
2018-12-08,,,,,,93.41007995605469,97.05988311767578,86.82566833496094,92.15963745117188,1855759401.0,3421.910400390625,3506.04345703125,3350.650634765625,3476.11474609375,5305024497
2018-12-09,,,,,,92.03543090820312,98.90003204345703,91.03128051757812,95.14205932617188,1875567180.0,3473.2275390625,3685.3056640625,3469.09423828125,3614.234375,4947372847
2018-12-10,,,,,,94.99217224121094,96.2573013305664,90.65425109863281,91.68565368652344,1756437577.0,3612.04638671875,3647.33251953125,3470.14453125,3502.656005859375,5020968740
2018-12-11,,,,,,91.57893371582031,92.7823257446289,87.68840789794922,88.94530487060547,1707497898.0,3497.5546875,3513.18505859375,3392.25,3424.588134765625,4696765188
2018-12-12,,,,,,88.61070251464844,92.24055480957031,88.26355743408203,90.59329986572266,1533050103.0,3421.458251953125,3534.228515625,3413.4814453125,3486.9501953125,4139364829
2018-12-13,,,,,,90.65522766113281,91.11160278320312,85.518310546875,86.53931427001953,1754475622.0,3487.87939453125,3489.739501953125,3298.132080078125,3313.67724609375,4343372456
2018-12-14,,,,,,86.63035583496094,87.14494323730469,83.22647857666016,84.30829620361328,1651491877.0,3311.751953125,3329.555908203125,3206.542236328125,3242.48486328125,4372763663
2018-12-15,,,,,,84.27969360351562,85.34274291992188,82.82988739013672,84.44081115722656,1496176898.0,3243.99755859375,3275.3779296875,3191.303466796875,3236.76171875,3551763561
2018-12-16,,,,,,84.46940612792969,87.56812286376953,84.46940612792969,85.26210021972656,1565817037.0,3236.274658203125,3305.753173828125,3233.81982421875,3252.839111328125,3744248994
2018-12-17,,,,,,85.38211059570312,96.8050537109375,85.38211059570312,95.13382720947266,2101453024.0,3253.123046875,3597.91796875,3253.123046875,3545.86474609375,5409247918
2018-12-18,,,,,,95.10803985595703,101.32023620605469,92.96852111816406,101.11245727539062,2277514076.0,3544.761474609375,3701.349365234375,3487.169189453125,3696.05908203125,5911325473
2018-12-19,,,,,,101.68384552001953,108.54905700683594,100.69145965576172,101.2685775756836,2456482115.0,3706.824951171875,3949.322998046875,3687.22998046875,3745.95068359375,6810689119
2018-12-20,,,,,,101.09043884277344,117.17012786865234,100.63996124267578,116.21687316894531,3063842618.0,3742.195068359375,4191.228515625,3728.974609375,4134.44140625,8927129279
2018-12-21,,,,,,115.83540344238281,119.09416198730469,107.58479309082031,109.49623107910156,2632539990.0,4133.70361328125,4198.4296875,3850.9462890625,3896.543701171875,7206015706
2018-12-22,,,,,,109.45594024658203,116.7594985961914,107.50316619873047,116.7594985961914,2338772939.0,3898.083740234375,4014.1826171875,3855.739013671875,4014.1826171875,5605823233
2018-12-23,,,,,,117.27389526367188,133.07530212402344,117.27389526367188,130.7652587890625,3579715061.0,4020.99462890625,4085.7236328125,3976.40576171875,3998.980224609375,6151275490
2018-12-24,,,,,,130.64166259765625,157.668701171875,130.64166259765625,140.23800659179688,4370343387.0,4000.331787109375,4271.79248046875,4000.331787109375,4078.59912109375,7240968501
2018-12-25,,,,,,140.99758911132812,140.99758911132812,125.11328887939453,129.84434509277344,3298280609.0,4081.030517578125,4089.5615234375,3760.0205078125,3815.49072265625,6158207293
2018-12-26,,,,,,129.88882446289062,136.67724609375,126.29290771484375,131.86563110351562,2720469126.0,3819.666748046875,3893.359619140625,3769.86376953125,3857.297607421875,5326547918
2018-12-27,,,,,,131.923583984375,132.67706298828125,115.65010070800781,116.57591247558594,2612804378.0,3854.6884765625,3874.4169921875,3645.448486328125,3654.83349609375,5130222366
2018-12-28,,,,,,116.89820098876953,137.6470184326172,115.69313049316406,137.6470184326172,3130201009.0,3653.1318359375,3956.135986328125,3642.632080078125,3923.918701171875,5631554348
2018-12-29,,,,,,138.46878051757812,147.03433227539062,134.57017517089844,138.01834106445312,3169029972.0,3932.49169921875,3963.7587890625,3820.40869140625,3820.40869140625,4991655917
2018-12-30,,,,,,137.62745666503906,140.6890869140625,133.98233032226562,139.8594512939453,2660086834.0,3822.384765625,3901.908935546875,3797.21923828125,3865.95263671875,4770578575
2018-12-31,,,,,,140.03106689453125,140.18115234375,132.51939392089844,133.36825561523438,2358360234.0,3866.839111328125,3868.742919921875,3725.867431640625,3742.700439453125,4661840806
2019-01-01,,,,,,133.41815185546875,141.3975067138672,132.6507110595703,140.8194122314453,2258709868.0,3746.71337890625,3850.913818359375,3707.231201171875,3843.52001953125,4324200990
2019-01-02,,,,,,141.51951599121094,156.92913818359375,140.6509552001953,155.0476837158203,3328240369.0,3849.21630859375,3947.981201171875,3817.409423828125,3943.409423828125,5244856836
2019-01-03,,,,,,155.196044921875,155.86305236816406,147.1983642578125,149.135009765625,2676164880.0,3931.048583984375,3935.68505859375,3826.222900390625,3836.7412109375,4530215219
2019-01-04,,,,,,148.9128875732422,156.8789825439453,147.9071044921875,154.58193969726562,3126192535.0,3832.0400390625,3865.9345703125,3783.853759765625,3857.717529296875,4847965467
2019-01-05,,,,,,154.33741760253906,160.82489013671875,154.33741760253906,155.6385955810547,3338211928.0,3851.973876953125,3904.903076171875,3836.900146484375,3845.194580078125,5137609824
2019-01-06,,,,,,155.80422973632812,159.37144470214844,152.08592224121094,157.74620056152344,3231294371.0,3836.51904296875,4093.29736328125,3826.51318359375,4076.632568359375,5597027440
2019-01-07,,,,,,157.8094940185547,158.45042419433594,151.15072631835938,151.69921875,2712108388.0,4078.5849609375,4092.613525390625,4020.89404296875,4025.248291015625,5228625637
2019-01-08,,,,,,151.96754455566406,153.6257781982422,148.66954040527344,150.35963439941406,2459808140.0,4028.47216796875,4109.02099609375,3996.955322265625,4030.847900390625,5306593305
2019-01-09,,,,,,150.5546875,153.62225341796875,150.2883758544922,150.80311584472656,2369241197.0,4031.552001953125,4068.403564453125,4022.662841796875,4035.29638671875,5115905225
2019-01-10,,,,,,150.843505859375,152.1482696533203,126.52937316894531,128.62518310546875,3397734456.0,4034.411376953125,4064.066650390625,3659.174560546875,3678.924560546875,6874143796
2019-01-11,,,,,,127.81396484375,130.1659393310547,125.24494171142578,127.54832458496094,2667585234.0,3674.015380859375,3713.8818359375,3653.06982421875,3687.365478515625,5538712865
2019-01-12,,,,,,127.52808380126953,128.66612243652344,125.4467544555664,125.9665298461914,2212109224.0,3686.97314453125,3698.978271484375,3653.810791015625,3661.301025390625,4778170883
2019-01-13,,,,,,125.9072265625,126.26787567138672,116.08596801757812,116.8978042602539,2268263944.0,3658.8681640625,3674.760009765625,3544.92724609375,3552.953125,4681302466
2019-01-14,,,,,,116.97909545898438,130.8567352294922,116.96755981445312,129.0687255859375,2798085735.0,3557.31103515625,3727.836181640625,3552.28515625,3706.05224609375,5651384490
2019-01-15,,,,,,129.1726837158203,130.74356079101562,120.3115234375,122.03271484375,2735449164.0,3704.21630859375,3720.1533203125,3619.94921875,3630.67529296875,5537192302
2019-01-16,,,,,,121.80924224853516,127.11824798583984,121.44141387939453,123.54706573486328,2746469340.0,3631.509765625,3685.777099609375,3624.67333984375,3655.0068359375,5394457145
2019-01-17,,,,,,123.57353973388672,124.27072143554688,120.81703186035156,123.7419204711914,2594091285.0,3651.87109375,3680.135986328125,3621.9609375,3678.56396484375,5464420383
2019-01-18,,,,,,123.65465545654297,123.84169006347656,120.24189758300781,121.01026153564453,2305389800.0,3677.990478515625,3682.52001953125,3637.080810546875,3657.83935546875,5002961727
2019-01-19,,,,,,121.61442565917969,125.90422821044922,121.1610336303711,124.5190200805664,3048261797.0,3652.3779296875,3758.533447265625,3652.3779296875,3728.568359375,5955691380
2019-01-20,,,,,,124.63240051269531,125.07038879394531,118.70232391357422,119.4748306274414,2964108269.0,3725.446044921875,3743.387939453125,3583.01953125,3601.013671875,5582489560
2019-01-21,,,,,,119.63645935058594,119.71543884277344,116.15744018554688,117.15785217285156,2421720343.0,3600.372802734375,3608.8408203125,3558.537109375,3576.032470703125,5004347059
2019-01-22,,,,,,117.11075592041016,119.66434478759766,114.67668151855469,118.74755096435547,2552507405.0,3575.081298828125,3620.74658203125,3539.721435546875,3604.5771484375,5313623556
2019-01-23,,,,,,118.71381378173828,119.42279815673828,116.37664794921875,117.45260620117188,2556952198.0,3605.55712890625,3623.06787109375,3565.31396484375,3585.123046875,5433755649
2019-01-24,,,,,,117.46278381347656,118.0321044921875,116.00679779052734,117.36288452148438,2520843420.0,3584.500244140625,3616.08740234375,3569.0927734375,3600.865478515625,5262869046
2019-01-25,,,,,,117.59495544433594,117.80299377441406,115.83015441894531,116.37834167480469,2606881898.0,3607.390380859375,3612.927734375,3575.597412109375,3599.765869140625,5265847539
2019-01-26,,,,,,116.37352752685547,118.08411407470703,115.98057556152344,116.48873901367188,2412181169.0,3599.71533203125,3654.93310546875,3593.345947265625,3602.46044921875,5098183235
2019-01-27,,,,,,116.51031494140625,116.68540954589844,113.40528869628906,113.40528869628906,2775888287.0,3604.687255859375,3612.67138671875,3567.245849609375,3583.9658203125,5570752966
2019-01-28,,,,,,113.28523254394531,113.688232421875,103.33646392822266,106.58997344970703,3366895505.0,3584.283203125,3586.7509765625,3439.23291015625,3470.450439453125,6908930483
2019-01-29,,,,,,106.72195434570312,107.16578674316406,103.99922943115234,105.59821319580078,2900418606.0,3468.8701171875,3476.0654296875,3400.81982421875,3448.116943359375,5897159493
2019-01-30,,,,,,105.4072036743164,109.4529800415039,104.84379577636719,108.90753936767578,2874370355.0,3443.89697265625,3495.1748046875,3429.387939453125,3486.181640625,5955112627
2019-01-31,,,,,,108.90077209472656,110.45835876464844,106.52535247802734,107.0610122680664,2828796031.0,3485.4091796875,3504.804931640625,3447.915771484375,3457.792724609375,5831198271
2019-02-01,,,,,,107.1476821899414,108.63871002197266,105.04650115966797,107.60978698730469,2541271519.0,3460.547119140625,3501.9541015625,3431.591552734375,3487.9453125,5422926707
2019-02-02,,,,,,107.46641540527344,110.65387725830078,106.7640151977539,110.43025970458984,2385157838.0,3484.6259765625,3523.287353515625,3467.57470703125,3521.060791015625,5071623601
2019-02-03,,,,,,110.49031829833984,110.82735443115234,106.5639877319336,107.49266815185547,2519334757.0,3516.1396484375,3521.38818359375,3447.92431640625,3464.013427734375,5043937584
2019-02-04,,,,,,107.62582397460938,108.70103454589844,107.06742095947266,107.82160186767578,2491888675.0,3467.211669921875,3476.223876953125,3442.5869140625,3459.154052734375,5332718886
2019-02-05,,,,,,107.62816619873047,108.1347885131836,106.90989685058594,107.44351959228516,2515863999.0,3454.950927734375,3478.148193359375,3451.93701171875,3466.357421875,5227549545
2019-02-06,,,,,,107.56930541992188,107.56930541992188,102.93456268310547,104.9192886352539,2593048199.0,3469.091796875,3469.091796875,3398.5654296875,3413.767822265625,5482196038
2019-02-07,,,,,,104.83577728271484,106.05887603759766,104.40913391113281,104.5353012084961,2326764622.0,3414.929443359375,3427.945556640625,3394.218505859375,3399.4716796875,5004962683
2019-02-08,,,,,,104.64505004882812,119.80581665039062,104.1944351196289,119.26774597167969,3656841347.0,3401.37646484375,3695.614013671875,3391.023681640625,3666.7802734375,7735623101
2019-02-09,,,,,,119.214111328125,120.68973541259766,118.00040435791016,119.4308853149414,2884650400.0,3671.5859375,3679.94140625,3646.559326171875,3671.20361328125,6158833645
2019-02-10,,,,,,119.40896606445312,124.85362243652344,117.10577392578125,124.80648803710938,3148766590.0,3673.201416015625,3695.0361328125,3640.97998046875,3690.188232421875,6282256903
2019-02-11,,,,,,124.87153625488281,124.87153625488281,120.31175231933594,121.29839324951172,3222473887.0,3695.613037109375,3695.613037109375,3642.287841796875,3648.4306640625,6277056434
2019-02-12,,,,,,121.17857360839844,123.46829986572266,119.60002136230469,122.5722885131836,3149576429.0,3642.751953125,3668.5869140625,3618.556884765625,3653.528564453125,6480384532
2019-02-13,,,,,,122.5442886352539,125.55069732666016,121.61249542236328,122.55360412597656,3386585799.0,3653.60400390625,3669.74658203125,3617.246337890625,3632.070556640625,6438903823
2019-02-14,,,,,,122.41698455810547,124.45198822021484,121.33489227294922,121.39020538330078,3331701628.0,3631.170166015625,3646.256591796875,3607.69775390625,3616.880859375,6271044418
2019-02-15,,,,,,121.45369720458984,123.66012573242188,121.37191772460938,122.10038757324219,3021741615.0,3617.368408203125,3647.795166015625,3608.20654296875,3620.810791015625,6091952231
2019-02-16,,,,,,122.39645385742188,124.13481140136719,122.29530334472656,123.26021575927734,2905833287.0,3615.270263671875,3652.84130859375,3615.270263671875,3629.78759765625,5934744052
2019-02-17,,,,,,123.18208312988281,134.46009826660156,123.09161376953125,133.598876953125,4236081130.0,3633.359375,3680.537353515625,3619.18212890625,3673.836181640625,7039512503
2019-02-18,,,,,,133.0325469970703,147.68658447265625,133.00193786621094,146.09837341308594,5387525773.0,3671.369873046875,3936.6650390625,3669.982421875,3915.71435546875,9908216640
2019-02-19,,,,,,146.39881896972656,149.9299774169922,145.1284637451172,145.34619140625,5310842625.0,3911.66162109375,4010.87939453125,3908.153076171875,3947.094482421875,9933626655
2019-02-20,,,,,,145.1727294921875,149.55433654785156,142.5021209716797,149.55433654785156,4500094965.0,3946.68505859375,4000.486328125,3926.246826171875,3999.820556640625,8693373948
2019-02-21,,,,,,149.35232543945312,149.35232543945312,144.56381225585938,146.13084411621094,3995766856.0,4000.2568359375,4010.009521484375,3940.108154296875,3954.1181640625,7775128102
2019-02-22,,,,,,146.07325744628906,149.26861572265625,145.20654296875,149.0924530029297,3731099284.0,3952.406494140625,4006.538330078125,3950.81640625,4005.526611328125,7826525254
2019-02-23,,,,,,148.67662048339844,159.12586975097656,147.3310546875,158.79542541503906,4519468458.0,3998.916259765625,4166.2861328125,3968.726806640625,4142.52685546875,8922258316
2019-02-24,,,,,,158.90240478515625,165.54962158203125,135.8526611328125,135.8526611328125,5957715043.0,4145.4580078125,4210.6416015625,3793.708984375,3810.427490234375,10794227451
2019-02-25,,,,,,135.49972534179688,142.52557373046875,135.4838409423828,139.82286071777344,4914392068.0,3807.00244140625,3913.707275390625,3807.00244140625,3882.6962890625,9318796067
2019-02-26,,,,,,139.64608764648438,139.9764404296875,136.57960510253906,138.0896759033203,3791292839.0,3878.697265625,3891.578857421875,3837.986328125,3854.35791015625,7931218996
2019-02-27,,,,,,138.02957153320312,141.3362274169922,131.60292053222656,136.12596130371094,4469776860.0,3857.479736328125,3888.802490234375,3787.058837890625,3851.04736328125,8301309684
2019-02-28,,,,,,136.2830810546875,138.84713745117188,135.6575927734375,136.74624633789062,4535438953.0,3848.261962890625,3906.058349609375,3845.8212890625,3854.785400390625,8399767798
2019-03-01,,,,,,136.83624267578125,138.99526977539062,136.43478393554688,136.44361877441406,3756124824.0,3853.757080078125,3907.79541015625,3851.6923828125,3859.583740234375,7661247975
2019-03-02,,,,,,136.35008239746094,137.18479919433594,132.43638610839844,134.2069549560547,3747176425.0,3855.318115234375,3874.607421875,3832.1279296875,3864.4150390625,7578786076
2019-03-03,,,,,,134.78611755371094,135.8492889404297,131.328857421875,132.24942016601562,3454374053.0,3862.26611328125,3875.483642578125,3836.90576171875,3847.17578125,7253558152
2019-03-04,,,,,,132.1578826904297,132.72914123535156,125.40270233154297,127.77412414550781,4008171341.0,3845.091552734375,3867.3818359375,3733.749755859375,3761.55712890625,9029175788
2019-03-05,,,,,,127.79295349121094,138.22998046875,126.73529815673828,137.8223876953125,4764849990.0,3759.83251953125,3903.916748046875,3745.18310546875,3896.375,10174126415
2019-03-06,,,,,,137.958740234375,139.9688262939453,136.1459197998047,138.7893524169922,4589054219.0,3897.0810546875,3919.510498046875,3871.460693359375,3903.942626953125,9175291529
2019-03-07,,,,,,138.9423828125,140.85787963867188,137.27313232421875,138.0345001220703,4339206292.0,3903.384765625,3939.373291015625,3894.113037109375,3911.484375,9584165519
2019-03-08,,,,,,138.3113555908203,139.4990997314453,133.5576934814453,135.1270751953125,4678816794.0,3913.225830078125,3950.43212890625,3875.228515625,3901.131591796875,10638638944
2019-03-09,,,,,,134.88755798339844,139.11941528320312,134.6771240234375,137.96533203125,5011918715.0,3894.552490234375,3987.23779296875,3892.390380859375,3963.313720703125,10796103518
2019-03-10,,,,,,138.1804962158203,138.2703094482422,135.68568420410156,136.75868225097656,4578438499.0,3966.17431640625,3966.17431640625,3924.381103515625,3951.599853515625,9713267607
2019-03-11,,,,,,136.8495330810547,137.35340881347656,133.10279846191406,133.8340301513672,4689807419.0,3953.740234375,3966.384765625,3889.239013671875,3905.227294921875,10125901903
2019-03-12,,,,,,134.01284790039062,135.27346801757812,130.94415283203125,134.44288635253906,4709988000.0,3903.75830078125,3926.88916015625,3863.55908203125,3909.15625,9809887079
2019-03-13,,,,,,134.6117706298828,134.6117706298828,132.7197265625,133.26307678222656,4265162099.0,3913.04736328125,3926.59765625,3891.904296875,3906.71728515625,9469184841
2019-03-14,,,,,,133.2039031982422,135.18084716796875,132.7500762939453,133.7115936279297,4476532147.0,3905.576904296875,3946.50439453125,3901.296875,3924.369140625,10480789570
2019-03-15,,,,,,133.56715393066406,138.3951416015625,133.56715393066406,137.69178771972656,4506861856.0,3926.663330078125,3968.54296875,3914.015380859375,3960.9111328125,9394210605
2019-03-16,,,,,,137.91195678710938,144.55844116210938,137.91195678710938,142.39817810058594,4839003569.0,3963.900146484375,4077.036376953125,3961.657470703125,4048.725830078125,9856166973
2019-03-17,,,,,,142.23829650878906,142.37191772460938,139.32351684570312,140.00054931640625,3827157729.0,4047.719482421875,4054.1220703125,4006.4111328125,4025.22900390625,8221625400
2019-03-18,,,,,,140.1048583984375,142.2672119140625,138.841552734375,139.37460327148438,4551739879.0,4029.968505859375,4071.556640625,4009.1171875,4032.50732421875,9646954186
2019-03-19,,,,,,139.25401306152344,140.9890594482422,139.1430206298828,140.51919555664062,4251488129.0,4032.69189453125,4082.216064453125,4023.8125,4071.190185546875,9344919956
2019-03-20,,,,,,140.48471069335938,140.94557189941406,138.30703735351562,140.6863555908203,4664134462.0,4070.7939453125,4089.4619140625,4031.11083984375,4087.476318359375,10175916388
2019-03-21,,,,,,140.47848510742188,141.00323486328125,135.8554229736328,136.6360626220703,5087247796.0,4083.953857421875,4097.35986328125,4005.1513671875,4029.326904296875,10831212662
2019-03-22,,,,,,136.562255859375,138.79429626464844,136.22860717773438,137.1814422607422,4490899266.0,4028.5146484375,4053.90673828125,4021.54248046875,4023.96826171875,9252935969
2019-03-23,,,,,,137.0398712158203,139.38539123535156,136.91201782226562,138.2398681640625,4436568613.0,4022.71337890625,4049.882568359375,4015.964599609375,4035.826416015625,9578850549
2019-03-24,,,,,,138.3153533935547,138.3756103515625,136.31375122070312,136.98692321777344,4266845458.0,4035.16357421875,4040.69970703125,4006.19287109375,4022.168212890625,9144851065
2019-03-25,,,,,,137.08135986328125,137.69534301757812,133.4901580810547,135.03102111816406,4480516753.0,4024.11279296875,4038.8408203125,3934.03125,3963.070556640625,10359818883
2019-03-26,,,,,,135.0543212890625,135.46035766601562,133.75733947753906,135.46035766601562,4499271679.0,3969.228759765625,3985.080810546875,3944.753173828125,3985.080810546875,10707678815
2019-03-27,,,,,,135.45436096191406,141.07546997070312,135.34165954589844,140.9881591796875,5228240093.0,3984.244873046875,4087.066162109375,3977.810546875,4087.066162109375,10897131934
2019-03-28,,,,,,141.00584411621094,141.0079345703125,138.4251708984375,139.41647338867188,4163212475.0,4087.58447265625,4094.902099609375,4040.266357421875,4069.107177734375,9353915899
2019-03-29,,,,,,139.34320068359375,142.5492401123047,138.04510498046875,142.49742126464844,5125602702.0,4068.2998046875,4113.5009765625,4034.09716796875,4098.37451171875,10918665557
2019-03-30,,,,,,142.35914611816406,149.6132354736328,141.03173828125,142.09268188476562,5144662127.0,4092.13623046875,4296.806640625,4053.90966796875,4106.66015625,9732688060
2019-03-31,,,,,,142.13922119140625,142.189208984375,140.69737243652344,141.51409912109375,4249050197.0,4105.4560546875,4113.0234375,4094.100830078125,4105.404296875,9045122443
2019-04-01,,,,,,141.46548461914062,142.73399353027344,140.73756408691406,141.830322265625,4611999536.0,4105.3623046875,4164.953125,4096.9013671875,4158.18310546875,10157794171
2019-04-02,,,,,,141.8395233154297,165.22682189941406,141.63645935058594,163.9617462158203,9826645698.0,4156.91943359375,4905.95458984375,4155.31689453125,4879.8779296875,21315047816
2019-04-03,,,,,,164.00863647460938,178.32205200195312,157.3221435546875,161.45880126953125,10622456246.0,4879.9580078125,5307.00341796875,4876.62109375,4973.02197265625,22899891582
2019-04-04,,,,,,161.4317626953125,164.92921447753906,155.24110412597656,158.0525360107422,7953123529.0,4971.3076171875,5063.15966796875,4836.7939453125,4922.798828125,18251810240
2019-04-05,,,,,,158.02000427246094,167.2203826904297,157.44395446777344,165.5148468017578,7531316908.0,4922.80615234375,5053.509765625,4919.49169921875,5036.68115234375,16837325387
2019-04-06,,,,,,165.51124572753906,172.51577758789062,161.79946899414062,165.94720458984375,7167016221.0,5036.79296875,5205.82177734375,4992.22216796875,5059.8173828125,16929795194
2019-04-07,,,,,,165.9772491455078,175.21316528320312,164.93209838867188,174.53164672851562,7596176020.0,5062.7939453125,5235.1865234375,5050.412109375,5198.89697265625,16655416140
2019-04-08,,,,,,174.44967651367188,184.3778533935547,174.16099548339844,180.25881958007812,9304964610.0,5199.83544921875,5318.83642578125,5148.2119140625,5289.77099609375,17154113634
2019-04-09,,,,,,180.2221221923828,180.2542266845703,175.0917510986328,176.1145782470703,7632529578.0,5289.91796875,5289.91796875,5167.4189453125,5204.95849609375,14722104361
2019-04-10,,,,,,176.06784057617188,183.13427734375,175.23037719726562,177.3374786376953,7856924879.0,5204.10546875,5421.6513671875,5193.38232421875,5324.5517578125,15504590933
2019-04-11,,,,,,177.34275817871094,177.48748779296875,162.32061767578125,165.4970245361328,7859383417.0,5325.08154296875,5354.2255859375,5017.29638671875,5064.48779296875,16555616019
2019-04-12,,,,,,165.335205078125,166.1275177001953,161.0297393798828,164.736328125,6237185309.0,5061.20068359375,5103.2744140625,4955.8525390625,5089.5390625,13675206312
2019-04-13,,,,,,164.6228485107422,166.3624267578125,163.01185607910156,164.5133514404297,4959301561.0,5088.85009765625,5127.1220703125,5061.58935546875,5096.58642578125,10823289598
2019-04-14,,,,,,164.47608947753906,168.59103393554688,162.78147888183594,167.83851623535156,4846298303.0,5095.7587890625,5184.01611328125,5053.568359375,5167.72216796875,10391952498
2019-04-15,,,,,,167.89747619628906,168.81845092773438,159.5557403564453,161.5741729736328,5672311824.0,5167.32177734375,5196.60693359375,5024.0693359375,5067.1083984375,12290155061
2019-04-16,,,,,,161.52655029296875,167.66632080078125,160.8887481689453,167.62344360351562,5180105341.0,5066.57763671875,5238.9453125,5055.19482421875,5235.5595703125,11618660197
2019-04-17,,,,,,167.55369567871094,168.93858337402344,165.50189208984375,166.9507598876953,5596102715.0,5236.13525390625,5274.275390625,5219.20556640625,5251.93798828125,12438480677
2019-04-18,,,,,,166.9132080078125,175.36532592773438,166.672119140625,173.81402587890625,6971581464.0,5251.48046875,5319.986328125,5250.5068359375,5298.3857421875,13256489918
2019-04-19,,,,,,173.7878875732422,173.97889709472656,170.62020874023438,173.70843505859375,6541053061.0,5298.154296875,5336.68017578125,5233.3349609375,5303.8125,13780238655
2019-04-20,,,,,,173.71881103515625,176.705810546875,171.78883361816406,173.7512664794922,6142567812.0,5304.16064453125,5358.49072265625,5295.8779296875,5337.88623046875,13169647522
2019-04-21,,,,,,173.7154083251953,174.4207763671875,167.4285888671875,170.04652404785156,6005571688.0,5335.87890625,5359.9248046875,5257.33935546875,5314.53125,13731844223
2019-04-22,,,,,,170.01748657226562,173.06912231445312,168.72955322265625,171.87466430664062,6094878077.0,5312.49462890625,5422.6875,5280.27685546875,5399.365234375,14601631648
2019-04-23,,,,,,172.00721740722656,176.8507843017578,170.89675903320312,171.4477996826172,7097827092.0,5399.36572265625,5633.80224609375,5389.40869140625,5572.3623046875,15867308108
2019-04-24,,,,,,171.3495330810547,171.57321166992188,161.9766845703125,165.8260955810547,7351304156.0,5571.50830078125,5642.04443359375,5418.26318359375,5464.86669921875,17048033399
2019-04-25,,,,,,165.91473388671875,166.51341247558594,153.8470001220703,154.4593963623047,6820332362.0,5466.5244140625,5542.23828125,5181.3388671875,5210.515625,15330283408
2019-04-26,,,,,,154.57943725585938,158.0290069580078,152.08567810058594,156.3470916748047,7505283355.0,5210.3046875,5383.63427734375,5177.36865234375,5279.34814453125,16812108040
2019-04-27,,,,,,156.27085876464844,160.58941650390625,155.62188720703125,158.4349365234375,5863109118.0,5279.47119140625,5310.75,5233.6357421875,5268.291015625,13111274675
2019-04-28,,,,,,158.49977111816406,159.5653839111328,157.12551879882812,157.29507446289062,5379894433.0,5271.74658203125,5326.23193359375,5255.68359375,5285.13916015625,12819992056
2019-04-29,,,,,,157.2910614013672,158.33392333984375,153.1865234375,155.20199584960938,6053776253.0,5284.8583984375,5311.27490234375,5216.48779296875,5247.3525390625,13735490672
2019-04-30,,,,,,155.1727752685547,162.4322509765625,155.1727752685547,162.16603088378906,6275803460.0,5247.72607421875,5363.25732421875,5224.18994140625,5350.7265625,13878964574
2019-05-01,,,,,,162.18655395507812,164.06068420410156,159.66021728515625,160.81834411621094,5789172433.0,5350.91455078125,5418.00390625,5347.64599609375,5402.697265625,13679528236
2019-05-02,,,,,,160.85357666015625,162.93701171875,160.06069946289062,162.12278747558594,6044171062.0,5402.4228515625,5522.2626953125,5394.21728515625,5505.28369140625,14644460907
2019-05-03,,,,,,162.07516479492188,170.06874084472656,161.08062744140625,167.95240783691406,7299410672.0,5505.55224609375,5865.8818359375,5490.20166015625,5768.28955078125,18720780006
2019-05-04,,,,,,167.88722229003906,170.64593505859375,161.7914276123047,164.02658081054688,6658100049.0,5769.20263671875,5886.8935546875,5645.46923828125,5831.16748046875,17567780766
2019-05-05,,,,,,164.0152587890625,165.3999786376953,159.70065307617188,163.45069885253906,5938415562.0,5831.068359375,5833.86279296875,5708.03515625,5795.70849609375,14808830723
2019-05-06,,,,,,163.33798217773438,175.76010131835938,159.98818969726562,172.65321350097656,7540096853.0,5791.693359375,5802.95751953125,5653.6875,5746.80712890625,15737171804
2019-05-07,,,,,,172.42727661132812,180.3944091796875,169.69471740722656,169.7986602783203,8411140170.0,5745.59912109375,5988.17822265625,5741.39599609375,5829.50146484375,18026409033
2019-05-08,,,,,,169.90420532226562,172.1835479736328,166.40924072265625,170.9481658935547,6416569598.0,5849.4814453125,5989.98095703125,5794.7158203125,5982.45751953125,15320605300
2019-05-09,,,,,,170.95187377929688,172.88040161132812,167.2478790283203,170.289306640625,6546914198.0,5982.31640625,6183.0390625,5982.31640625,6174.52880859375,16784645411
2019-05-10,,,,,,170.31297302246094,175.88526916503906,168.99142456054688,173.1427459716797,8036919053.0,6175.82275390625,6434.61767578125,6161.51904296875,6378.84912109375,19419875368
2019-05-11,,,,,,173.13931274414062,203.46664428710938,173.13931274414062,194.30433654785156,12578331654.0,6379.6669921875,7333.0029296875,6375.69873046875,7204.771484375,28867562329
2019-05-12,,,,,,194.16302490234375,201.88148498535156,183.6539306640625,187.3253173828125,10326050090.0,7203.50732421875,7503.8720703125,6815.77099609375,6972.37158203125,27773333680
2019-05-13,,,,,,187.4179229736328,205.0982666015625,185.305908203125,196.84628295898438,10367149039.0,6971.17822265625,8047.4130859375,6898.2822265625,7814.9150390625,28677672181
2019-05-14,,,,,,196.73828125,217.87464904785156,196.0548095703125,217.14857482910156,12751049755.0,7807.88427734375,8268.712890625,7696.39111328125,7994.416015625,32031452227
2019-05-15,,,,,,217.01011657714844,247.44659423828125,216.82211303710938,247.15306091308594,13460006534.0,7989.37451171875,8216.423828125,7899.10693359375,8205.16796875,28344112920
2019-05-16,,,,,,246.94195556640625,275.3944396972656,245.7952880859375,264.010009765625,18661465873.0,8194.5009765625,8320.82421875,7729.6083984375,7884.9091796875,33167197581
2019-05-17,,,,,,263.8483581542969,266.9796142578125,227.76742553710938,243.76458740234375,16037551694.0,7886.92578125,7929.1455078125,7038.12451171875,7343.8955078125,30066644905
2019-05-18,,,,,,243.9113006591797,246.36276245117188,233.099853515625,234.59523010253906,10933142646.0,7341.66455078125,7447.27197265625,7251.50439453125,7271.2080078125,21354286562
2019-05-19,,,,,,234.449462890625,263.7409973144531,233.7586669921875,261.2922058105469,12049250894.0,7267.962890625,8261.94140625,7267.962890625,8197.689453125,25902422040
2019-05-20,,,,,,261.2674865722656,261.55126953125,241.80364990234375,251.86441040039062,10834541285.0,8196.923828125,8200.9677734375,7678.78173828125,7978.30908203125,23843404340
2019-05-21,,,,,,251.64784240722656,262.1075439453125,248.19630432128906,255.21588134765625,11545049593.0,7977.96923828125,8062.16796875,7843.33984375,7963.32763671875,25127245056
2019-05-22,,,,,,254.9953155517578,258.8018493652344,242.73048400878906,244.69891357421875,9818257463.0,7956.2919921875,7997.6123046875,7615.9873046875,7680.06640625,24719473175
2019-05-23,,,,,,244.6651153564453,247.61663818359375,233.7930908203125,245.96566772460938,10671663487.0,7677.26904296875,7943.79150390625,7533.19677734375,7881.8466796875,24457107820
2019-05-24,,,,,,245.98709106445312,255.25933837890625,243.24009704589844,249.4849853515625,9929433206.0,7881.6953125,8140.7197265625,7824.44873046875,7987.37158203125,25919126991
2019-05-25,,,,,,249.6940460205078,257.3568420410156,249.0887908935547,251.75987243652344,8924985385.0,7991.88525390625,8117.92578125,7965.97607421875,8052.5439453125,22256813107
2019-05-26,,,,,,251.72479248046875,269.1665344238281,247.24539184570312,267.06964111328125,9664267731.0,8055.2060546875,8687.5205078125,7924.67041015625,8673.2158203125,26677970091
2019-05-27,,,,,,267.1418762207031,278.50726318359375,265.4447021484375,272.8626403808594,12074664736.0,8674.072265625,8907.1748046875,8668.705078125,8805.7783203125,27949839564
2019-05-28,,,,,,272.5904846191406,274.3208312988281,267.5143737792969,271.7687072753906,10362846898.0,8802.7578125,8807.0166015625,8634.7216796875,8719.9619140625,24226919267
2019-05-29,,,,,,271.779052734375,273.75628662109375,263.0914001464844,269.4556884765625,9819132174.0,8718.591796875,8755.8525390625,8482.728515625,8659.4873046875,23473479966
2019-05-30,,,,,,269.5518798828125,287.2016296386719,247.34860229492188,255.85894775390625,13604268584.0,8661.7607421875,9008.314453125,8221.2734375,8319.47265625,29246528551
2019-05-31,,,,,,256.0152587890625,268.6599426269531,249.11184692382812,268.1135559082031,11255023515.0,8320.2861328125,8586.6591796875,8172.55078125,8574.501953125,25365190957
2019-06-01,,,,,,268.433349609375,273.5579833984375,263.52459716796875,265.3912658691406,9942869852.0,8573.83984375,8625.6005859375,8481.578125,8564.0166015625,22488303544
2019-06-02,,,,,,265.5127258300781,272.8072204589844,265.0418701171875,270.22552490234375,8744111713.0,8565.4736328125,8809.3037109375,8561.2353515625,8742.9580078125,20266216022
2019-06-03,,,,,,270.08856201171875,270.3341064453125,251.26219177246094,252.60792541503906,9375712917.0,8741.7470703125,8743.5,8204.185546875,8208.9951171875,22004511436
2019-06-04,,,,,,252.5116424560547,252.5116424560547,236.12721252441406,241.3387908935547,10132549747.0,8210.9853515625,8210.9853515625,7564.48876953125,7707.77099609375,24609731549
2019-06-05,,,,,,241.49703979492188,248.1381378173828,239.98345947265625,247.05101013183594,8548917062.0,7704.34326171875,7901.84912109375,7668.66845703125,7824.2314453125,21760923463
2019-06-06,,,,,,246.9252471923828,249.9445037841797,238.50111389160156,249.47433471679688,8265146806.0,7819.63330078125,7937.3408203125,7571.47119140625,7822.0234375,19474611077
2019-06-07,,,,,,249.3352813720703,254.352294921875,246.597900390625,250.93035888671875,8379534528.0,7826.9013671875,8126.1533203125,7788.37353515625,8043.951171875,19141423231
2019-06-08,,,,,,251.2493133544922,252.3773956298828,243.22911071777344,245.73809814453125,7225996863.0,8036.77490234375,8076.89111328125,7837.61083984375,7954.1279296875,16522722810
2019-06-09,,,,,,245.5404815673828,245.9728240966797,229.25743103027344,233.08670043945312,7566421456.0,7949.6748046875,7975.97412109375,7583.2197265625,7688.0771484375,16610726547
2019-06-10,,,,,,232.83013916015625,247.66217041015625,229.34176635742188,247.52012634277344,8141159848.0,7692.28466796875,8031.90966796875,7586.73095703125,8000.32958984375,18689275117
2019-06-11,,,,,,247.86212158203125,248.66258239746094,239.82534790039062,245.78182983398438,7382269700.0,8004.24365234375,8026.39404296875,7772.8037109375,7927.71435546875,17107279932
2019-06-12,,,,,,245.9254913330078,261.017578125,244.49131774902344,260.9032897949219,8645598618.0,7925.43408203125,8196.6484375,7862.35986328125,8145.857421875,19034432883
2019-06-13,,,,,,260.91351318359375,262.1631164550781,255.59628295898438,256.1687927246094,8442077836.0,8145.54541015625,8311.5673828125,8087.06103515625,8230.923828125,18669407147
2019-06-14,,,,,,256.1796569824219,265.37139892578125,254.14743041992188,264.08746337890625,8676891267.0,8230.8984375,8710.63671875,8183.39306640625,8693.8330078125,19831162906
2019-06-15,,,,,,263.93414306640625,271.5055847167969,262.1212158203125,269.0193176269531,8126853944.0,8689.74609375,8859.1279296875,8618.3955078125,8838.375,18371033226
2019-06-16,,,,,,268.9011535644531,278.1431884765625,265.53533935546875,269.22320556640625,9676746453.0,8841.4404296875,9335.8671875,8814.556640625,8994.48828125,23348550311
2019-06-17,,,,,,269.090576171875,275.44256591796875,268.3537902832031,274.3511047363281,6009795781.0,8988.923828125,9416.4072265625,8988.923828125,9320.3525390625,15562951919
2019-06-18,,,,,,274.32025146484375,274.32025146484375,263.1444396972656,265.0518493652344,6205242504.0,9335.466796875,9348.3740234375,9004.9013671875,9081.7626953125,15848210536
2019-06-19,,,,,,265.0568542480469,270.3333740234375,264.7547912597656,269.4317932128906,5516510947.0,9078.7275390625,9299.62109375,9070.3955078125,9273.521484375,15546809946
2019-06-20,,,,,,269.4078674316406,274.0735168457031,265.5004577636719,271.69500732421875,6408981097.0,9273.060546875,9594.419921875,9232.484375,9527.16015625,17846823784
2019-06-21,,,,,,271.74310302734375,295.3033142089844,271.74310302734375,294.9102783203125,9331694140.0,9525.07421875,10144.556640625,9525.07421875,10144.556640625,20624008643
2019-06-22,,,,,,295.1150817871094,315.1897277832031,294.7282409667969,309.38031005859375,10613731255.0,10175.923828125,11157.345703125,10107.03515625,10701.69140625,29995204861
2019-06-23,,,,,,309.41668701171875,318.565673828125,305.76458740234375,307.8277893066406,8161062380.0,10696.69140625,11246.14453125,10556.095703125,10855.37109375,20998326502
2019-06-24,,,,,,307.7221374511719,312.329345703125,299.5595397949219,310.4246826171875,8205712062.0,10853.744140625,11065.896484375,10610.427734375,11011.1025390625,19271652365
2019-06-25,,,,,,310.6786193847656,318.1263122558594,307.6431579589844,318.1263122558594,9641764965.0,11007.2021484375,11790.9169921875,11007.2021484375,11790.9169921875,24879684533
2019-06-26,,,,,,317.9925842285156,361.398681640625,315.9548645019531,336.753173828125,16437084081.0,11778.5810546875,13796.4892578125,11755.59765625,13016.2314453125,45105733173
2019-06-27,,,,,,336.95989990234375,343.4334411621094,278.5732421875,294.26763916015625,14038092503.0,13017.125,13311.14453125,10491.8525390625,11182.806640625,39977475223
2019-06-28,,,,,,294.1430358886719,313.03155517578125,292.9398193359375,311.2261047363281,11514656820.0,11162.16796875,12445.1748046875,10914.4951171875,12407.33203125,35087757766
2019-06-29,,,,,,311.284423828125,322.0435485839844,294.75384521484375,320.05889892578125,10929374565.0,12400.763671875,12400.91015625,11508.37890625,11959.37109375,29923961128
2019-06-30,,,,,,319.58404541015625,322.7895812988281,290.69598388671875,290.69598388671875,10303111000.0,11931.9912109375,12178.3837890625,10799.0087890625,10817.1552734375,27256473494
2019-07-01,,,,,,290.26849365234375,301.0261535644531,280.0228271484375,293.64111328125,10292223948.0,10796.9306640625,11206.439453125,10089.314453125,10583.134765625,29378589324
2019-07-02,,,,,,293.5372619628906,295.6558532714844,272.6025695800781,291.596435546875,10618413952.0,10588.68359375,10912.1884765625,9737.884765625,10801.677734375,31015895223
2019-07-03,,,,,,291.7646179199219,303.342041015625,291.4016418457031,303.0999755859375,9926711979.0,10818.15625,11968.078125,10818.15625,11961.26953125,30796494294
2019-07-04,,,,,,303.02508544921875,303.9611511230469,282.7657470703125,284.5232238769531,8403513106.0,11972.71875,12006.0751953125,11166.5693359375,11215.4375,25920294033
2019-07-05,,,,,,284.38092041015625,293.921142578125,282.6947021484375,287.9975280761719,8723493015.0,11203.1025390625,11395.6611328125,10874.96484375,10978.4599609375,23838480210
2019-07-06,,,,,,287.8938293457031,295.9914245605469,286.6658630371094,287.547119140625,7674615025.0,10982.5439453125,11620.96484375,10982.5439453125,11208.55078125,21092024306
2019-07-07,,,,,,287.6036071777344,310.1393127441406,286.10919189453125,305.7005615234375,8119724981.0,11217.6162109375,11541.6201171875,11148.8046875,11450.8466796875,19369044277
2019-07-08,,,,,,305.7347717285156,314.26788330078125,303.5004577636719,313.25140380859375,9078905628.0,11446.5966796875,12345.8330078125,11393.3740234375,12285.9580078125,23482551458
2019-07-09,,,,,,313.3251647949219,318.2231140136719,305.28582763671875,308.8810119628906,10055159803.0,12284.326171875,12779.1318359375,12233.26171875,12573.8125,28167921523
2019-07-10,,,,,,308.8512878417969,313.0694580078125,285.5657958984375,290.0023193359375,11679985167.0,12571.537109375,13129.529296875,11710.978515625,12156.5126953125,33627574244
2019-07-11,,,,,,289.94598388671875,290.02105712890625,266.09466552734375,268.70404052734375,10216287022.0,12139.7138671875,12144.623046875,11158.9228515625,11358.662109375,28595327690
2019-07-12,,,,,,268.6922607421875,278.8555908203125,268.0000305175781,276.2767028808594,8148936015.0,11354.2998046875,11905.4873046875,11179.14453125,11815.986328125,23534692797
2019-07-13,,,,,,276.28912353515625,276.68524169921875,263.0682678222656,269.45880126953125,6716829429.0,11813.126953125,11841.95703125,10908.4794921875,11392.37890625,21042616384
2019-07-14,,,,,,269.2816162109375,269.6412353515625,227.2692108154297,227.57806396484375,8578339386.0,11381.0205078125,11451.2041015625,10234.576171875,10256.05859375,22486000001
2019-07-15,,,,,,227.96505737304688,235.02565002441406,210.39126586914062,229.7760009765625,9723674244.0,10257.8388671875,11052.7666015625,9992.0068359375,10895.08984375,25384047207
2019-07-16,,,,,,229.7486572265625,234.5138397216797,197.37789916992188,199.1886749267578,9036620494.0,10896.6533203125,10996.6328125,9448.1064453125,9477.6416015625,24151199070
2019-07-17,,,,,,199.06678771972656,217.9756317138672,193.99041748046875,211.48497009277344,9387747640.0,9471.2138671875,9963.134765625,9163.134765625,9693.802734375,24569921549
2019-07-18,,,,,,211.44461059570312,229.23939514160156,208.03773498535156,226.566162109375,9327816059.0,9698.5029296875,10736.8427734375,9376.798828125,10666.482421875,25187024648
2019-07-19,,,,,,226.65769958496094,226.9404754638672,215.83824157714844,221.3334197998047,7606433131.0,10653.9560546875,10716.98046875,10229.62890625,10530.732421875,20727426310
2019-07-20,,,,,,221.41265869140625,234.19845581054688,221.18948364257812,229.1192169189453,7976245988.0,10525.8193359375,11048.662109375,10451.2763671875,10767.1396484375,20206615155
2019-07-21,,,,,,229.16769409179688,229.86166381835938,219.0277557373047,225.63076782226562,6685082868.0,10777.529296875,10841.8876953125,10389.599609375,10599.10546875,17130580467
2019-07-22,,,,,,225.6986541748047,226.86257934570312,213.44837951660156,217.5600128173828,6338843919.0,10596.9482421875,10651.791015625,10154.921875,10343.1064453125,16334414913
2019-07-23,,,,,,217.56846618652344,218.51805114746094,209.63812255859375,212.728515625,6976091534.0,10346.748046875,10346.748046875,9883.5947265625,9900.767578125,17851916995
2019-07-24,,,,,,212.55381774902344,217.53543090820312,203.89340209960938,217.04637145996094,7168982843.0,9887.73046875,9908.796875,9614.306640625,9811.92578125,17398734322
2019-07-25,,,,,,216.9691162109375,224.2541961669922,216.13514709472656,219.6179962158203,6731281160.0,9809.0966796875,10154.25390625,9773.95703125,9911.841796875,15821952090
2019-07-26,,,,,,219.6281280517578,220.23638916015625,214.1256866455078,219.62960815429688,5729852178.0,9913.126953125,9916.517578125,9717.982421875,9870.3037109375,14495714483
2019-07-27,,,,,,219.6176300048828,223.5172576904297,204.9039306640625,207.40830993652344,6257703908.0,9871.1650390625,10167.3203125,9411.521484375,9477.677734375,16817809536
2019-07-28,,,,,,207.4137725830078,212.04183959960938,202.25289916992188,211.18655395507812,5504887934.0,9491.626953125,9575.544921875,9252.296875,9552.8603515625,13738687093
2019-07-29,,,,,,211.1236572265625,213.9320526123047,208.76431274414062,211.26805114746094,5485190664.0,9548.1787109375,9681.6484375,9472.9482421875,9519.1455078125,13791445323
2019-07-30,,,,,,211.33920288085938,213.61407470703125,206.86761474609375,210.52259826660156,5489918859.0,9522.3291015625,9701.759765625,9437.3359375,9607.423828125,13829811132
2019-07-31,,,,,,210.49241638183594,218.65414428710938,210.4379119873047,218.65414428710938,6003828340.0,9604.05078125,10085.6279296875,9598.09765625,10085.6279296875,16631520648
2019-08-01,,,,,,218.55459594726562,218.81265258789062,212.9145050048828,217.80844116210938,5965442642.0,10077.4423828125,10446.919921875,9922.01953125,10399.6689453125,17165337858
2019-08-02,,,,,,217.88446044921875,222.1825714111328,215.975830078125,217.87156677246094,6159440229.0,10402.04296875,10657.953125,10371.013671875,10518.1748046875,17489094082
2019-08-03,,,,,,217.8955535888672,224.62322998046875,217.3317413330078,222.49034118652344,5697798687.0,10519.2783203125,10946.78125,10503.5048828125,10821.7265625,15352685061
2019-08-04,,,,,,222.580810546875,224.227294921875,218.49217224121094,222.6697235107422,5238542572.0,10821.6328125,11009.20703125,10620.2783203125,10970.1845703125,16530894787
2019-08-05,,,,,,222.65087890625,235.63528442382812,222.6038818359375,234.21502685546875,7765060287.0,10960.7353515625,11895.091796875,10960.7353515625,11805.6533203125,23875988832
2019-08-06,,,,,,234.24559020996094,239.11590576171875,223.55117797851562,226.02064514160156,7647742672.0,11811.544921875,12273.8212890625,11290.7314453125,11478.1689453125,23635107660
2019-08-07,,,,,,225.92529296875,229.6565704345703,222.77545166015625,226.39100646972656,7020342210.0,11476.193359375,12036.990234375,11433.701171875,11941.96875,22194988641
2019-08-08,,,,,,226.5184783935547,226.77471923828125,216.51625061035156,220.94186401367188,6713525644.0,11954.0400390625,11979.419921875,11556.16796875,11966.4072265625,19481591730
2019-08-09,,,,,,220.9086456298828,221.3643341064453,208.2459716796875,210.48890686035156,6964818795.0,11953.4697265625,11970.4580078125,11709.7451171875,11862.9365234375,18339989960
2019-08-10,,,,,,210.53016662597656,213.73483276367188,203.79310607910156,206.73353576660156,6584748527.0,11861.556640625,11915.6552734375,11323.8984375,11354.0244140625,18125355447
2019-08-11,,,,,,206.73223876953125,216.59864807128906,206.51080322265625,216.09286499023438,6440605605.0,11349.740234375,11523.5791015625,11248.294921875,11523.5791015625,15774371518
2019-08-12,,,,,,216.055908203125,216.14256286621094,210.9464874267578,211.28807067871094,5674315559.0,11528.189453125,11528.189453125,11320.951171875,11382.6162109375,13647198229
2019-08-13,,,,,,211.3426971435547,211.38441467285156,205.42250061035156,208.70904541015625,5946313205.0,11385.052734375,11420.0498046875,10830.3271484375,10895.830078125,16681503537
2019-08-14,,,,,,208.60398864746094,209.06643676757812,186.33192443847656,186.6077423095703,7444456154.0,10889.4873046875,10889.556640625,10028.1357421875,10051.7041015625,19990838300
2019-08-15,,,,,,186.68350219726562,189.462158203125,178.14256286621094,188.50205993652344,8197244441.0,10038.421875,10437.4111328125,9675.31640625,10311.5458984375,22899115082
2019-08-16,,,,,,188.64425659179688,188.9055938720703,180.3848419189453,185.44007873535156,7133915837.0,10319.419921875,10524.349609375,9855.478515625,10374.3388671875,20228207096
2019-08-17,,,,,,185.5316619873047,186.70314025878906,182.59388732910156,185.68768310546875,5512696513.0,10358.72265625,10452.625,10086.6982421875,10231.744140625,13778035685
2019-08-18,,,,,,185.84109497070312,197.52249145507812,183.69224548339844,194.4935302734375,5969012024.0,10233.005859375,10487.0703125,10119.0947265625,10345.810546875,12999813869
2019-08-19,,,,,,194.5560302734375,203.56015014648438,193.10824584960938,203.09193420410156,6145148692.0,10350.283203125,10916.0537109375,10313.2041015625,10916.0537109375,16038264603
2019-08-20,,,,,,202.81314086914062,203.0159912109375,195.61953735351562,196.56541442871094,6408417610.0,10916.3466796875,10947.0419921875,10618.9609375,10763.232421875,15053082175
2019-08-21,,,,,,196.62168884277344,197.02743530273438,182.68917846679688,186.89163208007812,7775772700.0,10764.572265625,10798.7294921875,9962.7216796875,10138.0498046875,19473084768
2019-08-22,,,,,,186.9412384033203,194.41551208496094,183.384521484375,191.33291625976562,7569043874.0,10142.521484375,10232.99609375,9831.462890625,10131.0556640625,17097508856
2019-08-23,,,,,,191.10687255859375,195.906494140625,189.56231689453125,194.70620727539062,6658162377.0,10136.3095703125,10442.443359375,10078.1923828125,10407.96484375,15627023886
2019-08-24,,,,,,194.671630859375,194.7849884033203,187.62725830078125,191.28956604003906,6249737982.0,10407.64453125,10418.0205078125,9982.296875,10159.9609375,15451030650
2019-08-25,,,,,,191.2347869873047,192.163330078125,184.96475219726562,186.84239196777344,5826017143.0,10160.7373046875,10304.6220703125,10008.7890625,10138.517578125,14153856610
2019-08-26,,,,,,186.7355499267578,193.4421844482422,186.7355499267578,188.92938232421875,7207986636.0,10126.2998046875,10512.328125,10126.2998046875,10370.8203125,18438654080
2019-08-27,,,,,,188.95005798339844,188.9631805419922,185.47293090820312,187.51666259765625,6042327402.0,10372.826171875,10381.328125,10087.30078125,10185.5,14762609503
2019-08-28,,,,,,187.49549865722656,187.93087768554688,172.18560791015625,173.8899688720703,6696604087.0,10203.4267578125,10279.3662109375,9716.65625,9754.4228515625,17603790323
2019-08-29,,,,,,173.9586944580078,173.99639892578125,167.1708984375,169.51673889160156,7129569083.0,9756.7861328125,9756.7861328125,9421.6298828125,9510.2001953125,17045878501
2019-08-30,,,,,,169.48928833007812,170.7735137939453,167.0714111328125,168.83486938476562,5776520220.0,9514.8447265625,9656.1240234375,9428.302734375,9598.173828125,13595263986
2019-08-31,,,,,,168.8878936767578,174.323974609375,167.80258178710938,172.46978759765625,5830212249.0,9597.5390625,9673.220703125,9531.7998046875,9630.6640625,11454806419
2019-09-01,,,,,,172.45840454101562,173.6968536376953,169.53128051757812,171.62942504882812,5554799576.0,9630.5927734375,9796.755859375,9582.9443359375,9757.970703125,11445355859
2019-09-02,,,,,,171.69760131835938,180.1452178955078,170.45169067382812,178.34735107421875,6503447137.0,9757.4736328125,10396.591796875,9730.650390625,10346.7607421875,17248102294
2019-09-03,,,,,,178.35775756835938,182.34799194335938,175.9701690673828,179.49932861328125,6962728938.0,10345.7255859375,10736.1044921875,10308.5478515625,10623.5400390625,19384917989
2019-09-04,,,,,,179.4919891357422,180.1365966796875,175.3253631591797,175.99288940429688,5938120494.0,10621.1806640625,10762.64453125,10434.7099609375,10594.4931640625,16742664769
2019-09-05,,,,,,175.96627807617188,176.16390991210938,171.746826171875,174.21713256835938,5589476516.0,10588.18359375,10627.26953125,10516.41796875,10575.533203125,14551239508
2019-09-06,,,,,,174.17222595214844,177.7187042236328,168.34133911132812,169.9561767578125,6797611878.0,10578.1982421875,10898.76171875,10292.2998046875,10353.302734375,19536574783
2019-09-07,,,,,,169.9552764892578,180.8516082763672,169.44412231445312,178.2626190185547,6791531342.0,10353.931640625,10558.673828125,10348.9189453125,10517.2548828125,15307366476
2019-09-08,,,,,,178.2825927734375,182.97708129882812,178.1425018310547,181.35552978515625,6472677266.0,10518.1142578125,10595.6376953125,10409.0908203125,10441.2763671875,13670567493
2019-09-09,,,,,,181.36248779296875,184.1494598388672,177.4193572998047,181.1494598388672,7232938985.0,10443.228515625,10450.3115234375,10144.9296875,10334.974609375,17595943368
2019-09-10,,,,,,181.2128448486328,184.0634307861328,178.12242126464844,179.78717041015625,6291476772.0,10336.408203125,10394.353515625,10020.5732421875,10115.9755859375,14906809639
2019-09-11,,,,,,179.83949279785156,181.75746154785156,176.50091552734375,178.72549438476562,7157139035.0,10123.03515625,10215.9482421875,9980.7763671875,10178.3720703125,15428063426
2019-09-12,,,,,,178.80377197265625,181.99856567382812,177.84732055664062,181.01609802246094,5838605477.0,10176.8193359375,10442.25390625,10099.2421875,10410.126953125,15323563925
2019-09-13,,,,,,180.9755859375,181.498291015625,178.58204650878906,181.10972595214844,5955041237.0,10415.3623046875,10441.4892578125,10226.5966796875,10360.546875,14109864675
2019-09-14,,,,,,181.3215789794922,188.44692993164062,180.37220764160156,188.1055145263672,6500686511.0,10345.4033203125,10422.1337890625,10291.6943359375,10358.048828125,13468713124
2019-09-15,,,,,,188.0684356689453,190.3993377685547,186.44732666015625,189.78912353515625,6222874780.0,10356.4658203125,10387.03515625,10313.0927734375,10347.712890625,12043433567
2019-09-16,,,,,,189.6893310546875,198.20497131347656,189.6893310546875,197.11317443847656,8242029488.0,10347.22265625,10386.8671875,10189.744140625,10276.7939453125,15160167779
2019-09-17,,,,,,197.11476135253906,213.73194885253906,196.71548461914062,208.60874938964844,10232590812.0,10281.513671875,10296.771484375,10199.7392578125,10241.2724609375,15304603363
2019-09-18,,,,,,208.05059814453125,216.7115020751953,208.05059814453125,211.39303588867188,9194634557.0,10247.7958984375,10275.9287109375,10191.4697265625,10198.248046875,16169268880
2019-09-19,,,,,,211.2472381591797,222.87168884277344,204.68577575683594,221.28085327148438,10620070913.0,10200.49609375,10295.6689453125,9851.6923828125,10266.4150390625,19937691247
2019-09-20,,,,,,221.0696258544922,221.5985565185547,215.15963745117188,218.050048828125,8027974273.0,10266.318359375,10285.8720703125,10132.1865234375,10181.6416015625,14734189639
2019-09-21,,,,,,217.8973846435547,220.9582977294922,215.0001678466797,215.51620483398438,7743309778.0,10183.6484375,10188.09765625,10000.7080078125,10019.716796875,13425266806
2019-09-22,,,,,,215.48655700683594,216.08624267578125,207.64492797851562,211.54537963867188,7812854576.0,10024.115234375,10074.4443359375,9922.533203125,10070.392578125,13199651698
2019-09-23,,,,,,211.7132110595703,211.84051513671875,201.88723754882812,201.9213104248047,7494673136.0,10067.962890625,10074.23828125,9727.1435546875,9729.32421875,15144925408
2019-09-24,,,,,,201.8420867919922,203.50054931640625,162.727783203125,168.11073303222656,11757739233.0,9729.3212890625,9804.3173828125,8370.8017578125,8620.56640625,25002886689
2019-09-25,,,,,,168.13357543945312,174.7197723388672,164.91348266601562,170.8927001953125,9766632018.0,8603.4287109375,8744.828125,8325.396484375,8486.9931640625,21744728353
2019-09-26,,,,,,170.7569122314453,171.69264221191406,157.1303253173828,166.7271270751953,7848286154.0,8487.669921875,8515.685546875,7895.62939453125,8118.9677734375,19258205289
2019-09-27,,,,,,166.65170288085938,175.61077880859375,163.20950317382812,174.71099853515625,7909313625.0,8113.10107421875,8271.5205078125,7965.9228515625,8251.845703125,16408941156
2019-09-28,,,,,,174.6808319091797,175.7787322998047,170.77395629882812,174.57289123535156,6895423445.0,8251.2734375,8285.6171875,8125.431640625,8245.9150390625,14141152736
2019-09-29,,,,,,174.6127471923828,175.21022033691406,166.99769592285156,170.50347900390625,6497088199.0,8246.037109375,8261.70703125,7990.4970703125,8104.185546875,13034629109
2019-09-30,,,,,,170.4613494873047,179.87220764160156,167.03660583496094,179.87220764160156,7552915148.0,8104.2265625,8314.2314453125,7830.7587890625,8293.8681640625,17115474183
2019-10-01,,,,,,180.20912170410156,185.0455322265625,175.81265258789062,177.34042358398438,7676276225.0,8299.720703125,8497.6923828125,8232.6796875,8343.2763671875,15305343413
2019-10-02,,,,,,177.22406005859375,180.8261260986328,175.3342742919922,180.71051025390625,6335595250.0,8344.212890625,8393.0419921875,8227.6953125,8393.0419921875,13125712443
2019-10-03,,,,,,180.70370483398438,180.79920959472656,172.59986877441406,175.1993408203125,6381403725.0,8390.7744140625,8414.2275390625,8146.43701171875,8259.9921875,13668823409
2019-10-04,,,,,,175.23843383789062,178.5520782470703,173.5640869140625,176.98500061035156,6248928449.0,8259.494140625,8260.0556640625,8151.23681640625,8205.939453125,13139456229
2019-10-05,,,,,,176.94631958007812,177.71324157714844,173.06956481933594,176.3515167236328,5837211771.0,8210.1494140625,8215.5263671875,8071.12060546875,8151.50048828125,12200497197
2019-10-06,,,,,,176.3643798828125,177.3645477294922,171.29977416992188,173.05914306640625,5852890674.0,8149.876953125,8161.41015625,7958.8505859375,7988.15576171875,13160830305
2019-10-07,,,,,,172.94033813476562,182.35635375976562,171.52781677246094,181.18634033203125,7844316834.0,7989.12060546875,8308.4501953125,7905.76611328125,8245.623046875,18009742607
2019-10-08,,,,,,181.1133575439453,184.35997009277344,179.13339233398438,182.0215606689453,7466282780.0,8246.849609375,8332.71484375,8185.76318359375,8228.783203125,15592264032
2019-10-09,,,,,,182.0363006591797,194.3004913330078,180.66844177246094,193.2932586669922,9088122101.0,8229.8408203125,8627.7060546875,8169.298828125,8595.740234375,19384942333
2019-10-10,,,,,,193.19107055664062,193.8969268798828,188.3064727783203,191.65966796875,8375913276.0,8585.2802734375,8625.2724609375,8471.93359375,8586.4736328125,17618660671
2019-10-11,,,,,,191.8010711669922,195.3188018798828,181.66183471679688,182.56968688964844,9128522970.0,8585.2626953125,8721.7802734375,8316.181640625,8321.7568359375,19604381101
2019-10-12,,,,,,182.53402709960938,186.3048858642578,179.98483276367188,180.82664489746094,7494328840.0,8315.6650390625,8415.2421875,8313.3408203125,8336.5556640625,14532641605
2019-10-13,,,,,,180.86131286621094,185.07591247558594,180.31715393066406,182.0751495361328,6733182273.0,8336.90234375,8470.98828125,8276.6123046875,8321.005859375,13808286059
2019-10-14,,,,,,182.02847290039062,187.30361938476562,181.6622772216797,186.96090698242188,7276520699.0,8320.83203125,8390.208984375,8284.130859375,8374.6865234375,15151387859
2019-10-15,,,,,,186.97705078125,187.75987243652344,179.46278381347656,181.40606689453125,7731456579.0,8373.4580078125,8410.71484375,8182.70654296875,8205.369140625,15220412632
2019-10-16,,,,,,181.34373474121094,181.66860961914062,174.0641632080078,176.0135040283203,7691244590.0,8204.6748046875,8216.8125,7985.08984375,8047.52685546875,16071646996
2019-10-17,,,,,,175.90689086914062,178.89955139160156,174.56582641601562,178.02835083007812,6737237423.0,8047.8125,8134.83154296875,8000.94287109375,8103.9111328125,14313052244
2019-10-18,,,,,,177.98855590820312,178.17979431152344,171.0050506591797,173.621337890625,7566257807.0,8100.93359375,8138.41357421875,7902.1640625,7973.20751953125,15651592610
2019-10-19,,,,,,173.64944458007812,175.6082305908203,172.2154541015625,172.91302490234375,6551453871.0,7973.8037109375,8082.62939453125,7944.77685546875,7988.560546875,13797825640
2019-10-20,,,,,,172.97476196289062,176.71868896484375,171.21072387695312,175.5343780517578,6801091120.0,7997.80712890625,8281.818359375,7949.439453125,8222.078125,15504249442
2019-10-21,,,,,,175.52474975585938,177.74172973632812,173.28775024414062,174.92098999023438,6815820627.0,8225.115234375,8296.6943359375,8196.416015625,8243.720703125,15868748866
2019-10-22,,,,,,174.90505981445312,175.6500244140625,172.2662353515625,172.3008575439453,6990951966.0,8243.40234375,8296.6513671875,8074.462890625,8078.203125,16803377857
2019-10-23,,,,,,172.26280212402344,172.4205780029297,157.4634246826172,162.4027862548828,9624925919.0,8076.228515625,8092.99951171875,7469.32275390625,7514.671875,21942878958
2019-10-24,,,,,,162.5141143798828,164.14756774902344,160.88795471191406,162.16854858398438,7300917537.0,7509.72802734375,7532.86767578125,7446.98876953125,7493.48876953125,16268708849
2019-10-25,,,,,,162.18971252441406,183.0001220703125,161.9660186767578,181.52320861816406,10358594018.0,7490.703125,8691.5400390625,7479.984375,8660.7001953125,28705065488
2019-10-26,,,,,,181.6670684814453,195.9425048828125,176.13380432128906,179.83547973632812,13831784986.0,8667.5771484375,10021.744140625,8662.6220703125,9244.97265625,44496255609
2019-10-27,,,,,,179.93263244628906,188.15533447265625,177.68235778808594,184.24221801757812,10815941952.0,9241.70703125,9749.529296875,9112.5419921875,9551.71484375,32593129501
2019-10-28,,,,,,184.3975067138672,187.88316345214844,180.2495574951172,182.66281127929688,10406734124.0,9565.1015625,9805.1181640625,9256.1484375,9256.1484375,30948255332
2019-10-29,,,,,,182.67037963867188,191.8467559814453,182.36436462402344,190.3425750732422,10622761958.0,9248.4404296875,9516.1806640625,9232.6484375,9427.6875,28426779937
2019-10-30,,,,,,190.33639526367188,191.1119384765625,181.54637145996094,184.69216918945312,10484902804.0,9422.462890625,9426.8740234375,9085.3701171875,9205.7265625,27706531577
2019-10-31,,,,,,184.79762268066406,188.7512664794922,180.068359375,183.9669189453125,9607939606.0,9202.4580078125,9383.1611328125,9028.7177734375,9199.5849609375,26583653947
2019-11-01,,,,,,183.80369567871094,185.05970764160156,181.09449768066406,183.9698944091797,9145611130.0,9193.9921875,9275.6572265625,9132.0478515625,9261.1044921875,24324691031
2019-11-02,,,,,,184.01815795898438,185.70895385742188,182.79766845703125,183.92572021484375,8087991830.0,9259.783203125,9377.486328125,9249.587890625,9324.7177734375,21242676385
2019-11-03,,,,,,183.9948272705078,185.0242156982422,179.81814575195312,182.42501831054688,8760247744.0,9324.787109375,9379.806640625,9141.251953125,9235.3544921875,21132220847
2019-11-04,,,,,,182.31903076171875,188.02293395996094,181.8216094970703,186.35519409179688,10551917945.0,9235.607421875,9505.0517578125,9191.4853515625,9412.6123046875,26170255634
2019-11-05,,,,,,186.30931091308594,191.25782775878906,184.3319854736328,189.30416870117188,10024177342.0,9413.0048828125,9457.41796875,9256.931640625,9342.52734375,26198609048
2019-11-06,,,,,,189.11349487304688,193.54725646972656,188.6676788330078,191.59384155273438,10156458684.0,9340.8642578125,9423.2373046875,9305.9091796875,9360.8798828125,23133895765
2019-11-07,,,,,,191.50430297851562,191.86109924316406,186.56700134277344,187.97654724121094,9081247799.0,9352.3935546875,9368.4765625,9202.353515625,9267.5615234375,22700383839
2019-11-08,,,,,,187.9242706298828,188.81597900390625,182.54136657714844,184.2114715576172,9176780911.0,9265.3681640625,9272.759765625,8775.5341796875,8804.880859375,24333037836
2019-11-09,,,,,,184.3117218017578,185.83853149414062,183.90223693847656,185.02871704101562,7277418704.0,8809.46875,8891.818359375,8793.1630859375,8813.58203125,17578630606
2019-11-10,,,,,,184.943359375,190.9206085205078,184.68678283691406,189.47727966308594,8752784211.0,8812.4892578125,9103.826171875,8806.162109375,9055.5263671875,20587919881
2019-11-11,,,,,,189.5029296875,190.3384246826172,185.08631896972656,185.48963928222656,7877424106.0,9056.91796875,9081.279296875,8700.6083984375,8757.7880859375,20265510765
2019-11-12,,,,,,185.56483459472656,187.94802856445312,184.19105529785156,186.84341430664062,7792186666.0,8759.751953125,8853.7685546875,8685.427734375,8815.662109375,20309769107
2019-11-13,,,,,,186.94244384765625,189.33187866210938,185.9379425048828,188.2587432861328,7343173596.0,8812.033203125,8836.841796875,8761.6513671875,8808.2626953125,17545755405
2019-11-14,,,,,,188.2725067138672,188.6345977783203,184.99229431152344,185.9996337890625,7872664470.0,8811.9365234375,8826.943359375,8692.5517578125,8708.0947265625,19084739975
2019-11-15,,,,,,186.05816650390625,186.2518310546875,179.3795623779297,180.52117919921875,8815678477.0,8705.7080078125,8730.873046875,8484.84375,8491.9921875,21796856471
2019-11-16,,,,,,180.4990997314453,184.1552734375,179.9856719970703,183.34835815429688,6789888120.0,8491.166015625,8591.9970703125,8473.9736328125,8550.7607421875,16495389808
2019-11-17,,,,,,183.350830078125,188.19134521484375,182.33680725097656,185.11923217773438,7364325471.0,8549.470703125,8727.7890625,8500.9677734375,8577.9755859375,18668638897
2019-11-18,,,,,,185.0414581298828,186.92715454101562,179.17550659179688,180.55960083007812,7787662111.0,8573.98046875,8653.2802734375,8273.5732421875,8309.2861328125,21579470673
2019-11-19,,,,,,180.50245666503906,182.5279998779297,175.19711303710938,177.45555114746094,7536699743.0,8305.134765625,8408.5166015625,8099.96337890625,8206.1455078125,21083613816
2019-11-20,,,,,,177.415283203125,178.99314880371094,175.29043579101562,175.69834899902344,7205785149.0,8203.61328125,8237.240234375,8010.51171875,8027.26806640625,20764300437
2019-11-21,,,,,,175.67359924316406,176.20921325683594,159.36512756347656,161.4627227783203,8546371325.0,8023.64453125,8110.09814453125,7597.3818359375,7642.75,22514243371
2019-11-22,,,,,,161.50588989257812,163.02809143066406,142.34410095214844,150.26817321777344,12020749863.0,7643.5693359375,7697.3828125,6936.70654296875,7296.57763671875,34242315785
2019-11-23,,,,,,150.21221923828125,154.1015625,147.6012420654297,153.41778564453125,8289198330.0,7296.16455078125,7442.2587890625,7151.41796875,7397.796875,21008924418
2019-11-24,,,,,,153.43052673339844,153.96591186523438,142.83470153808594,142.83470153808594,7782769098.0,7398.6337890625,7408.5771484375,7029.2890625,7047.9169921875,30433517289
2019-11-25,,,,,,142.69700622558594,150.2079620361328,133.80233764648438,146.47653198242188,10962753356.0,7039.97705078125,7319.85693359375,6617.1669921875,7146.1337890625,42685231262
2019-11-26,,,,,,146.40431213378906,150.0047607421875,145.2168731689453,148.96507263183594,7648516297.0,7145.1591796875,7320.23046875,7098.572265625,7218.37109375,21129505542
2019-11-27,,,,,,148.39682006835938,154.88720703125,143.52560424804688,153.01055908203125,8778095308.0,7220.880859375,7619.693359375,6974.17431640625,7531.66357421875,23991412764
2019-11-28,,,,,,153.06924438476562,156.61358642578125,151.09112548828125,151.7175750732422,7346531960.0,7536.8203125,7730.07275390625,7454.12158203125,7463.10595703125,19050116751
2019-11-29,,,,,,151.7686004638672,156.84840393066406,151.46043395996094,155.3041534423828,7503898278.0,7466.72705078125,7781.1796875,7460.75634765625,7761.24365234375,19709695456
2019-11-30,,,,,,155.28640747070312,156.69129943847656,151.225341796875,152.53968811035156,6565950868.0,7764.05712890625,7836.10205078125,7515.849609375,7569.6298828125,17158194786
2019-12-01,,,,,,152.49192810058594,152.49192810058594,147.06793212890625,151.18572998046875,7102780298.0,7571.6162109375,7571.6162109375,7291.341796875,7424.29248046875,18720708479
2019-12-02,,,,,,151.17547607421875,152.11695861816406,147.60679626464844,149.0591583251953,6670561362.0,7424.0361328125,7474.81884765625,7233.3994140625,7321.98828125,17082040706
2019-12-03,,,,,,149.05824279785156,150.3104248046875,146.00167846679688,147.9564208984375,6204379850.0,7323.9755859375,7418.85888671875,7229.35693359375,7320.1455078125,14797485769
2019-12-04,,,,,,147.9183807373047,150.68081665039062,145.00088500976562,146.74774169921875,7865937094.0,7320.125,7539.78466796875,7170.9228515625,7252.03466796875,21664240918
2019-12-05,,,,,,146.68649291992188,153.1553955078125,145.45907592773438,149.24899291992188,6745910228.0,7253.24169921875,7743.431640625,7232.6767578125,7448.3076171875,18816085231
2019-12-06,,,,,,149.396484375,149.67051696777344,147.6065216064453,149.19444274902344,6458766441.0,7450.5615234375,7546.99658203125,7392.17529296875,7546.99658203125,18104466307
2019-12-07,,,,,,149.19760131835938,149.79971313476562,148.37477111816406,148.76815795898438,5911233284.0,7547.265625,7589.95166015625,7525.71142578125,7556.23779296875,15453520564
2019-12-08,,,,,,148.74368286132812,152.39292907714844,148.31333923339844,151.2647247314453,6441727252.0,7551.3388671875,7634.6064453125,7476.09130859375,7564.34521484375,15409908086
2019-12-09,,,,,,151.22439575195312,151.9139404296875,147.62136840820312,148.2251739501953,6744206747.0,7561.79541015625,7618.091796875,7365.9853515625,7400.8994140625,17872021272
2019-12-10,,,,,,148.1798553466797,148.56446838378906,144.907958984375,146.2670440673828,6859512025.0,7397.13427734375,7424.02294921875,7246.0439453125,7278.11962890625,18249031195
2019-12-11,,,,,,146.32064819335938,147.1392059326172,143.0453643798828,143.60800170898438,7037180049.0,7277.19775390625,7324.15625,7195.52734375,7217.42724609375,16350490689
2019-12-12,,,,,,143.61566162109375,145.75164794921875,141.43698120117188,145.60400390625,7890383413.0,7216.73876953125,7266.6396484375,7164.7412109375,7243.13427734375,18927080224
2019-12-13,,,,,,145.6556854248047,145.8571014404297,143.74652099609375,144.9447479248047,7264810247.0,7244.662109375,7293.560546875,7227.12255859375,7269.6845703125,17125736940
2019-12-14,,,,,,144.9534149169922,145.52908325195312,142.43455505371094,142.86923217773438,7048066973.0,7268.90283203125,7308.83642578125,7097.208984375,7124.673828125,17137029730
2019-12-15,,,,,,142.864990234375,143.92535400390625,139.4269561767578,143.114990234375,7235153411.0,7124.23974609375,7181.07568359375,6924.3759765625,7152.3017578125,16881129804
2019-12-16,,,,,,143.1395263671875,143.224853515625,132.4566650390625,133.61402893066406,8992282119.0,7153.6630859375,7171.1689453125,6903.6826171875,6932.48046875,20213265950
2019-12-17,,,,,,133.64718627929688,134.01153564453125,121.39508056640625,122.60388946533203,9057166141.0,6931.3154296875,6964.0751953125,6587.97412109375,6640.51513671875,22363804217
2019-12-18,,,,,,122.6568374633789,133.3941650390625,119.78005981445312,133.09219360351562,11864518321.0,6647.6982421875,7324.98486328125,6540.04931640625,7276.802734375,31836522778
2019-12-19,,,,,,133.0527801513672,134.19064331054688,125.97166442871094,129.32113647460938,9564699140.0,7277.5908203125,7346.6025390625,7041.3818359375,7202.84423828125,25904604416
2019-12-20,,,,,,129.38436889648438,129.7563018798828,126.9853515625,129.06605529785156,8173594150.0,7208.63671875,7257.921875,7086.1240234375,7218.81640625,22633815180
2019-12-21,,,,,,129.09596252441406,129.1476593017578,127.61209106445312,128.13095092773438,7449064703.0,7220.59375,7223.22607421875,7112.73583984375,7191.15869140625,19312552168
2019-12-22,,,,,,128.09812927246094,133.1600341796875,127.9284896850586,132.3725128173828,9121058481.0,7191.1884765625,7518.033203125,7167.17919921875,7511.5888671875,23134537956
2019-12-23,,,,,,132.30699157714844,134.73175048828125,127.41671752929688,128.6140899658203,9622497693.0,7508.90234375,7656.17626953125,7326.1923828125,7355.62841796875,27831788041
2019-12-24,,,,,,128.62925720214844,131.6722869873047,127.30876922607422,129.0638885498047,7961819689.0,7354.39306640625,7535.716796875,7269.52880859375,7322.5322265625,22991622105
2019-12-25,,,,,,129.06849670410156,129.06849670410156,124.88549041748047,126.45463562011719,8418019054.0,7325.755859375,7357.02001953125,7220.9912109375,7275.15576171875,21559505149
2019-12-26,,,,,,126.486328125,130.89834594726562,125.40644073486328,126.36122131347656,8600871980.0,7274.79931640625,7388.302734375,7200.38671875,7238.966796875,22787010034
2019-12-27,,,,,,126.3687973022461,128.09756469726562,124.82080841064453,127.21460723876953,8299390176.0,7238.14111328125,7363.529296875,7189.93408203125,7290.08837890625,22777360996
2019-12-28,,,,,,127.2130126953125,130.25816345214844,126.89969635009766,128.3227081298828,8069298610.0,7289.03125,7399.041015625,7286.9052734375,7317.990234375,21365673026
2019-12-29,,,,,,128.26687622070312,136.8112030029297,127.9976577758789,134.7579803466797,9708776786.0,7317.6474609375,7513.9482421875,7279.865234375,7422.65283203125,22445257702
2019-12-30,,,,,,134.79652404785156,136.75735473632812,131.54556274414062,132.63348388671875,9796951716.0,7420.27294921875,7454.82421875,7276.30810546875,7292.9951171875,22874131672
2019-12-31,,,,,,132.61227416992188,133.73268127441406,128.79815673828125,129.61085510253906,8936866397.0,7294.43896484375,7335.2900390625,7169.77783203125,7193.59912109375,21167946112
2020-01-01,,,,,,129.6306610107422,132.83535766601562,129.1982879638672,130.802001953125,7935230330.0,7194.89208984375,7254.33056640625,7174.9443359375,7200.17431640625,18565664997
2020-01-02,,,,,,130.82003784179688,130.82003784179688,126.95491027832031,127.4101791381836,8032709256.0,7202.55126953125,7212.1552734375,6935.27001953125,6985.47021484375,20802083465
2020-01-03,,,,,,127.41126251220703,134.55401611328125,126.49002075195312,134.1717071533203,10476845358.0,6984.4287109375,7413.71533203125,6914.99609375,7344.88427734375,28111481032
2020-01-04,,,,,,134.16851806640625,136.05271911621094,133.04055786132812,135.06936645507812,7430904515.0,7345.37548828125,7427.3857421875,7309.51416015625,7410.65673828125,18444271275
2020-01-05,,,,,,135.0720977783203,139.4102020263672,135.04562377929688,136.2767791748047,7526675353.0,7410.45166015625,7544.4970703125,7400.53564453125,7411.3173828125,19725074095
2020-01-06,,,,,,136.3055419921875,144.32818603515625,136.0796356201172,144.3041534423828,9093747121.0,7410.4521484375,7781.8671875,7409.29296875,7769.21923828125,23276261598
2020-01-07,,,,,,144.31199645996094,145.00177001953125,140.48887634277344,143.5439910888672,9257954672.0,7768.68212890625,8178.2158203125,7768.2275390625,8163.6923828125,28767291327
2020-01-08,,,,,,143.48782348632812,146.8280029296875,138.26820373535156,141.2581329345703,9387194957.0,8161.935546875,8396.73828125,7956.7744140625,8079.86279296875,31672559265
2020-01-09,,,,,,141.15577697753906,141.39398193359375,136.2364044189453,138.9792022705078,7697325348.0,8082.2958984375,8082.2958984375,7842.40380859375,7879.0712890625,24045990466
2020-01-10,,,,,,138.967041015625,144.16732788085938,135.52040100097656,143.96377563476562,9084816203.0,7878.3076171875,8166.55419921875,7726.77490234375,8166.55419921875,28714583844
2020-01-11,,,,,,143.4091033935547,146.4809112548828,142.2079620361328,142.92710876464844,9332208590.0,8162.19091796875,8218.359375,8029.64208984375,8037.53759765625,25521165085
2020-01-12,,,,,,143.0325469970703,146.14585876464844,142.7076416015625,145.87393188476562,8528167453.0,8033.26171875,8200.0634765625,8009.05908203125,8192.494140625,22903438381
2020-01-13,,,,,,146.2201385498047,146.79122924804688,142.90713500976562,144.22659301757812,8378529470.0,8189.77197265625,8197.7880859375,8079.70068359375,8144.1943359375,22482910688
2020-01-14,,,,,,144.2510528564453,167.68154907226562,144.06492614746094,165.95535278320312,16712318373.0,8140.93310546875,8879.51171875,8140.93310546875,8827.7646484375,44841784107
2020-01-15,,,,,,165.734619140625,170.42567443847656,161.109619140625,166.23068237304688,15173694057.0,8825.34375,8890.1171875,8657.1875,8807.0107421875,40102834650
2020-01-16,,,,,,166.33282470703125,167.0581512451172,159.7096405029297,164.39100646972656,13735193018.0,8812.4814453125,8846.4609375,8612.095703125,8723.7861328125,31313981931
2020-01-17,,,,,,164.4893798828125,173.0692138671875,162.77560424804688,170.7799530029297,14997091826.0,8725.2099609375,8958.1220703125,8677.31640625,8929.0380859375,36372139320
2020-01-18,,,,,,170.7477264404297,178.52877807617188,166.7890167236328,175.3656768798828,14929342256.0,8927.2119140625,9012.1982421875,8827.33203125,8942.80859375,32337772627
2020-01-19,,,,,,175.46759033203125,177.2476348876953,163.67686462402344,166.9698486328125,13713374132.0,8941.4453125,9164.3623046875,8620.080078125,8706.2451171875,34217320471
2020-01-20,,,,,,166.9041290283203,169.11488342285156,162.33160400390625,167.12051391601562,11144529787.0,8704.6318359375,8745.5908203125,8560.4736328125,8657.642578125,26422375678
2020-01-21,,,,,,167.0604705810547,169.9101104736328,165.81971740722656,169.69715881347656,9789369362.0,8658.9912109375,8755.7060546875,8544.5205078125,8745.89453125,24097418512
2020-01-22,,,,,,169.60853576660156,171.00869750976562,166.77423095703125,168.29415893554688,9209827928.0,8744.2109375,8792.994140625,8636.7470703125,8680.8759765625,22600204051
2020-01-23,,,,,,168.2957000732422,168.31224060058594,160.29531860351562,162.92855834960938,10396868698.0,8680.650390625,8687.7470703125,8333.6376953125,8406.515625,25770680779
2020-01-24,,,,,,162.8993682861328,164.3094482421875,156.74974060058594,163.05117797851562,10657671162.0,8405.5673828125,8514.6669921875,8266.8408203125,8445.4345703125,24397913026
2020-01-25,,,,,,163.06729125976562,163.22723388671875,158.63247680664062,161.283935546875,8256956802.0,8440.119140625,8458.453125,8296.21875,8367.84765625,19647331549
2020-01-26,,,,,,161.17681884765625,168.22032165527344,160.2811279296875,168.0771026611328,9261861590.0,8364.41015625,8602.4013671875,8325.498046875,8596.830078125,22177678796
2020-01-27,,,,,,168.00885009765625,172.92291259765625,166.90109252929688,170.93089294433594,11004476145.0,8597.30859375,8977.7265625,8597.30859375,8909.8193359375,28647338393
2020-01-28,,,,,,170.88485717773438,176.3703155517578,170.73806762695312,176.3703155517578,11772875064.0,8912.5244140625,9358.58984375,8908.447265625,9358.58984375,34398744403
2020-01-29,,,,,,176.34788513183594,178.8429718017578,175.0503387451172,175.0503387451172,10725267311.0,9357.470703125,9406.431640625,9269.4677734375,9316.6298828125,30682598115
2020-01-30,,,,,,174.91770935058594,186.26048278808594,172.3746337890625,184.6904754638672,12604789338.0,9316.0166015625,9553.1259765625,9230.8974609375,9508.9931640625,32378792851
2020-01-31,,,,,,184.73690795898438,185.4058380126953,176.29681396484375,180.16017150878906,11728616394.0,9508.3134765625,9521.7060546875,9230.7763671875,9350.529296875,29432489719
2020-02-01,,,,,,180.11376953125,183.84555053710938,179.74517822265625,183.6739501953125,11569697182.0,9346.357421875,9439.3232421875,9313.2392578125,9392.875,25922656496
2020-02-02,,,,,,183.53250122070312,193.0803985595703,180.1739501953125,188.61753845214844,14054425389.0,9389.8203125,9468.7978515625,9217.82421875,9344.365234375,30835736946
2020-02-03,,,,,,188.60740661621094,193.4368896484375,188.0126953125,189.8650665283203,12392875241.0,9344.68359375,9540.3720703125,9248.6337890625,9293.521484375,30934096509
2020-02-04,,,,,,189.86172485351562,191.1114959716797,185.40362548828125,189.25059509277344,11714191695.0,9292.841796875,9331.265625,9112.8115234375,9180.962890625,29893183716
2020-02-05,,,,,,189.29910278320312,206.8040008544922,188.752685546875,204.23023986816406,14865434435.0,9183.416015625,9701.2998046875,9163.7041015625,9613.423828125,35222060874
2020-02-06,,,,,,204.12969970703125,214.59771728515625,201.90406799316406,212.33908081054688,16425589683.0,9617.8212890625,9824.619140625,9539.818359375,9729.8017578125,37628823716
2020-02-07,,,,,,212.31588745117188,223.14093017578125,212.30419921875,222.72605895996094,16673443564.0,9726.0029296875,9834.716796875,9726.0029296875,9795.943359375,34522718159
2020-02-08,,,,,,222.51097106933594,226.5880889892578,215.38629150390625,223.14651489257812,16741203125.0,9793.0703125,9876.7490234375,9678.91015625,9865.119140625,35172043762
2020-02-09,,,,,,222.98223876953125,229.86424255371094,222.98223876953125,228.5785675048828,15031356241.0,9863.89453125,10129.435546875,9850.392578125,10116.673828125,35807884663
2020-02-10,,,,,,228.54913330078125,229.1846160888672,218.08004760742188,223.522705078125,16210008511.0,10115.5595703125,10165.765625,9784.5634765625,9856.611328125,39386548075
2020-02-11,,,,,,223.3849334716797,236.54713439941406,218.61761474609375,235.8511962890625,16964695963.0,9855.8916015625,10210.052734375,9729.3349609375,10208.236328125,37648059389
2020-02-12,,,,,,235.89822387695312,272.3988342285156,235.89627075195312,265.4061279296875,24545049386.0,10202.3876953125,10393.611328125,10202.3876953125,10326.0546875,43444303830
2020-02-13,,,,,,265.0527038574219,273.7410583496094,258.9225158691406,268.0992431640625,25801317504.0,10323.9609375,10457.626953125,10116.1611328125,10214.3798828125,49356071373
2020-02-14,,,,,,268.0232849121094,285.0564270019531,262.76251220703125,284.2174987792969,23558253463.0,10211.55078125,10321.99609375,10125.5341796875,10312.1162109375,43338264162
2020-02-15,,,,,,284.5613098144531,287.1236877441406,264.2796630859375,264.72857666015625,23682452994.0,10313.8564453125,10341.5556640625,9874.427734375,9889.4248046875,43865054831
2020-02-16,,,,,,264.904052734375,272.8824462890625,242.48440551757812,259.89471435546875,25152366643.0,9889.1796875,10053.96875,9722.38671875,9934.43359375,43374780305
2020-02-17,,,,,,259.89056396484375,266.8712463378906,244.3353271484375,266.3634338378906,26024080089.0,9936.560546875,9938.8154296875,9507.6376953125,9690.142578125,45998298413
2020-02-18,,,,,,266.5088195800781,283.1961364746094,261.4638977050781,281.944580078125,26511477187.0,9691.23046875,10161.935546875,9632.3828125,10141.99609375,47271023953
2020-02-19,,,,,,282.0362854003906,283.5379333496094,259.76397705078125,259.76397705078125,22679414413.0,10143.798828125,10191.67578125,9611.2236328125,9633.38671875,46992019710
2020-02-20,,,,,,259.8198547363281,263.6954040527344,250.95126342773438,257.949462890625,23229828870.0,9629.3251953125,9643.216796875,9507.900390625,9608.4755859375,44925260237
2020-02-21,,,,,,257.89111328125,267.0048522949219,255.6890869140625,265.6006164550781,20867593292.0,9611.7822265625,9723.0146484375,9589.7431640625,9686.44140625,40930547513
2020-02-22,,,,,,265.55157470703125,266.38720703125,258.91314697265625,262.33172607421875,16906032862.0,9687.70703125,9698.2314453125,9600.728515625,9663.181640625,35838025154
2020-02-23,,,,,,262.2784118652344,273.754150390625,261.96051025390625,273.754150390625,19585998814.0,9663.318359375,9937.404296875,9657.791015625,9924.515625,41185185761
2020-02-24,,,,,,273.705078125,275.5395202636719,259.6251525878906,265.2164306640625,22400845640.0,9921.5830078125,9951.74609375,9537.04296875,9650.1748046875,45080496648
2020-02-25,,,,,,265.28338623046875,265.4314880371094,246.85899353027344,247.81759643554688,21878882134.0,9651.3125,9652.7373046875,9305.021484375,9341.705078125,42515259129
2020-02-26,,,,,,247.74020385742188,249.6497039794922,221.2665557861328,225.68026733398438,26235617201.0,9338.2900390625,9354.7783203125,8704.4267578125,8820.5224609375,50420050762
2020-02-27,,,,,,225.68704223632812,237.2289276123047,212.66452026367188,226.75338745117188,25645522790.0,8825.09375,8932.892578125,8577.19921875,8784.494140625,45470195695
2020-02-28,,,,,,226.98760986328125,234.2089385986328,216.34620666503906,226.760498046875,22563530559.0,8788.728515625,8890.4560546875,8492.9326171875,8672.455078125,44605450443
2020-02-29,,,,,,226.8334503173828,232.25662231445312,219.8485107421875,219.8485107421875,18181296376.0,8671.212890625,8775.6318359375,8599.5087890625,8599.5087890625,35792392544
2020-03-01,,,,,,219.752685546875,226.67788696289062,214.13043212890625,218.97059631347656,18179807469.0,8599.7587890625,8726.796875,8471.212890625,8562.4541015625,35349164300
2020-03-02,,,,,,218.7116241455078,232.81158447265625,217.28428649902344,230.5697784423828,20305587789.0,8563.2646484375,8921.30859375,8532.630859375,8869.669921875,42857674409
2020-03-03,,,,,,230.5239715576172,232.3258056640625,221.732666015625,224.47962951660156,19853178572.0,8865.3876953125,8901.5986328125,8704.990234375,8787.7861328125,42386715821
2020-03-04,,,,,,224.56533813476562,228.04042053222656,222.08888244628906,224.51797485351562,16567075208.0,8788.5419921875,8843.3662109375,8712.431640625,8755.24609375,34746706368
2020-03-05,,,,,,224.6418914794922,234.3644561767578,224.6418914794922,229.2681884765625,18201291785.0,8760.28515625,9142.0546875,8757.25390625,9078.7626953125,39698054597
2020-03-06,,,,,,229.16842651367188,243.5549774169922,228.7435760498047,243.52529907226562,19374772256.0,9078.30859375,9167.6953125,9032.0791015625,9122.5458984375,40826885651
2020-03-07,,,,,,243.7501983642578,249.97848510742188,237.55128479003906,237.85308837890625,19431652027.0,9121.6005859375,9163.220703125,8890.744140625,8909.9541015625,36216930370
2020-03-08,,,,,,237.7806854248047,237.7806854248047,200.6029815673828,200.68905639648438,21381823651.0,8908.2060546875,8914.34375,8105.2529296875,8108.1162109375,39973102121
2020-03-09,,,,,,201.31849670410156,207.45140075683594,192.2698974609375,201.986328125,23645428606.0,8111.146484375,8177.79345703125,7690.09814453125,7923.64453125,46936995808
2020-03-10,,,,,,202.86395263671875,205.71424865722656,198.0644989013672,200.76724243164062,18344930072.0,7922.14697265625,8136.9453125,7814.76318359375,7909.7294921875,42213940994
2020-03-11,,,,,,200.76803588867188,202.9542999267578,184.36215209960938,194.8685302734375,16984790291.0,7910.08984375,7950.814453125,7642.8125,7911.43017578125,38682762605
2020-03-12,,,,,,194.73892211914062,195.14793395996094,111.21070861816406,112.34712219238281,22134741655.0,7913.6162109375,7929.1162109375,4860.35400390625,4970.7880859375,53980357243
2020-03-13,,,,,,112.68999481201172,137.42953491210938,95.1843032836914,133.20181274414062,27864623061.0,5017.8310546875,5838.11474609375,4106.98095703125,5563.70703125,74156772075
2020-03-14,,,,,,133.5824737548828,134.484375,122.41447448730469,123.30602264404297,12740784545.0,5573.07763671875,5625.2265625,5125.0693359375,5200.3662109375,36154506008
2020-03-15,,,,,,123.24606323242188,132.2421417236328,121.85365295410156,125.21430206298828,12719251813.0,5201.06689453125,5836.64501953125,5169.283203125,5392.31494140625,33997889639
2020-03-16,,,,,,124.9961166381836,124.9961166381836,105.17144012451172,110.60587310791016,15984904590.0,5385.2294921875,5385.2294921875,4575.35791015625,5014.47998046875,45368026430
2020-03-17,,,,,,110.40678405761719,118.98828125,110.40678405761719,113.9427490234375,12087490572.0,5002.578125,5371.3486328125,4981.9091796875,5225.62939453125,38622642935
2020-03-18,,,,,,113.8576431274414,116.02162170410156,111.74311065673828,114.84226989746094,11617854009.0,5227.11376953125,5331.833984375,5069.3359375,5238.4384765625,37878801016
2020-03-19,,,,,,114.83982849121094,140.52772521972656,114.73286437988281,136.59385681152344,16396753275.0,5245.41650390625,6329.73583984375,5236.96875,6191.19287109375,51000731797
2020-03-20,,,,,,136.64927673339844,150.8538055419922,122.60565948486328,132.73716735839844,18960388062.0,6191.65380859375,6844.26171875,5865.78173828125,6198.7783203125,54442976103
2020-03-21,,,,,,133.1017608642578,135.972412109375,127.16375732421875,132.81871032714844,13684083308.0,6206.521484375,6378.13525390625,5932.8232421875,6185.06640625,42494390880
2020-03-22,,,,,,132.85113525390625,136.15164184570312,122.90933227539062,123.32115173339844,12497707224.0,6185.55810546875,6359.697265625,5823.7138671875,5830.2548828125,40099664740
2020-03-23,,,,,,123.36598205566406,134.91160583496094,121.86788177490234,134.91160583496094,14149877968.0,5831.37451171875,6443.9345703125,5785.00439453125,6416.31494140625,46491916000
2020-03-24,,,,,,135.1941375732422,141.9485321044922,133.1687774658203,138.76144409179688,14609068673.0,6436.642578125,6789.02294921875,6411.06640625,6734.8037109375,48221910672
2020-03-25,,,,,,138.9149627685547,141.40379333496094,134.30422973632812,136.19589233398438,13433092920.0,6738.716796875,6892.51123046875,6536.92626953125,6681.06298828125,44590107888
2020-03-26,,,,,,136.190673828125,138.83056640625,134.8860321044922,138.36155700683594,11367261176.0,6675.1708984375,6735.4638671875,6590.962890625,6716.4404296875,35319797642
2020-03-27,,,,,,138.36993408203125,139.90269470214844,133.9379425048828,133.9379425048828,11396286629.0,6719.38916015625,6793.83642578125,6466.70166015625,6469.79833984375,34585598367
2020-03-28,,,,,,134.03274536132812,134.03274536132812,126.96218872070312,130.9864959716797,12162403960.0,6467.25390625,6467.5009765625,6117.837890625,6242.19384765625,34885225901
2020-03-29,,,,,,131.0153350830078,131.17408752441406,125.4500503540039,125.58373260498047,9938133669.0,6245.62451171875,6250.46728515625,5920.0859375,5922.04296875,28373690931
2020-03-30,,,,,,125.57789611816406,133.91146850585938,125.28968048095703,132.904541015625,11841123306.0,5925.53857421875,6517.19580078125,5903.234375,6429.841796875,37101651525
2020-03-31,,,,,,132.8209228515625,134.27413940429688,131.65289306640625,133.59356689453125,11065246317.0,6430.6064453125,6504.51513671875,6374.162109375,6438.64453125,32786468812
2020-04-01,,,,,,133.61231994628906,135.63455200195312,129.73094177246094,135.63455200195312,12456564435.0,6437.3193359375,6612.57373046875,6202.37353515625,6606.7763671875,40346426266
2020-04-02,,,,,,135.732177734375,146.78709411621094,135.732177734375,142.02914428710938,15322861686.0,6606.7763671875,7088.24755859375,6595.91845703125,6793.62451171875,47660646124
2020-04-03,,,,,,142.11045837402344,146.89987182617188,139.619384765625,142.09130859375,13184603402.0,6797.396484375,7003.220703125,6673.3359375,6733.38720703125,38976504903
2020-04-04,,,,,,142.21517944335938,145.37730407714844,140.121826171875,145.21939086914062,11946658257.0,6738.3828125,6878.95361328125,6696.48486328125,6867.52734375,33185988584
2020-04-05,,,,,,145.26101684570312,146.12852478027344,142.10208129882812,143.54664611816406,11280993591.0,6862.53759765625,6883.4140625,6715.92919921875,6791.12939453125,29510409856
2020-04-06,,,,,,143.60821533203125,169.27264404296875,143.5446014404297,169.13587951660156,21636382525.0,6788.0498046875,7271.78125,6782.8896484375,7271.78125,46896904615
2020-04-07,,,,,,169.14744567871094,175.20413208007812,164.2033233642578,165.10194396972656,21659346091.0,7273.64404296875,7427.939453125,7136.71435546875,7176.41455078125,44243482668
2020-04-08,,,,,,165.24032592773438,173.21026611328125,164.49319458007812,172.64173889160156,17063110836.0,7179.283203125,7356.2236328125,7153.3056640625,7334.0986328125,37563249549
2020-04-09,,,,,,172.76126098632812,172.8977813720703,167.98712158203125,170.80714416503906,14901696210.0,7337.96630859375,7341.4482421875,7179.09423828125,7302.08935546875,34815139178
2020-04-10,0.8320050239562988,1.3134870529174805,0.6941869854927063,0.9510539770126343,87364276.0,170.8292694091797,170.94976806640625,154.9144744873047,158.41244506835938,17980944616.0,7303.8154296875,7303.8154296875,6802.47509765625,6865.4931640625,43622840992
2020-04-11,0.9510539770126343,1.0490729808807373,0.7650200128555298,0.7768189907073975,43862444.0,158.5389862060547,161.16757202148438,155.29833984375,158.2160186767578,13555089447.0,6867.4404296875,6926.06982421875,6789.9208984375,6859.0830078125,31222085946
2020-04-12,0.7854480147361755,0.9566699862480164,0.7624260187149048,0.8825070261955261,38736897.0,158.23239135742188,164.51695251464844,156.3205108642578,161.14242553710938,15123721386.0,6858.06787109375,7119.947265625,6811.078125,6971.091796875,35759567632
2020-04-13,0.8907600045204163,0.8916029930114746,0.7739760279655457,0.7778319716453552,18211285.0,160.72067260742188,160.74969482421875,151.61448669433594,156.27955627441406,16465282133.0,6965.61669921875,6965.61669921875,6668.259765625,6845.03759765625,38619308647
2020-04-14,0.7778319716453552,0.7964720129966736,0.6281690001487732,0.6619250178337097,16747614.0,156.35595703125,160.94427490234375,155.86593627929688,157.5963897705078,14723156630.0,6843.28173828125,6958.55712890625,6793.8212890625,6842.427734375,34110434052
2020-04-15,0.6692889928817749,0.7049639821052551,0.6215310096740723,0.646651029586792,13075275.0,157.56564331054688,160.71112060546875,152.80284118652344,153.28689575195312,14171753737.0,6845.5615234375,6928.66455078125,6633.40283203125,6642.10986328125,32288311031
2020-04-16,0.6308789849281311,0.7741919755935669,0.6251069903373718,0.6908159852027893,21346031.0,153.20042419433594,173.1572723388672,150.3594207763672,172.15737915039062,22910469236.0,6640.4541015625,7134.45068359375,6555.50439453125,7116.80419921875,46783242377
2020-04-17,0.6893119812011719,0.7196140289306641,0.6607279777526855,0.6607279777526855,9870810.0,172.2794189453125,174.27590942382812,169.75157165527344,171.63858032226562,16714684266.0,7116.552734375,7167.18310546875,7050.33203125,7096.1845703125,32513423567
2020-04-18,0.6607279777526855,0.7176179885864258,0.6594269871711731,0.6810960173606873,9782112.0,171.61807250976562,187.9404754638672,171.61807250976562,186.91400146484375,20160323443.0,7092.29150390625,7269.95654296875,7089.2470703125,7257.6650390625,32447188386
2020-04-19,0.6815159916877747,0.6846410036087036,0.5984870195388794,0.6069689989089966,9289670.0,186.8619842529297,188.0989227294922,180.12081909179688,181.61495971679688,19146038381.0,7260.92236328125,7280.52197265625,7167.0546875,7189.4248046875,31311210215
2020-04-20,0.6129480004310608,0.6392539739608765,0.5205780267715454,0.538811981678009,8342616.0,181.480224609375,186.0835418701172,170.32127380371094,172.2971649169922,21266681335.0,7186.87353515625,7240.29052734375,6835.5029296875,6881.95849609375,37747113936
2020-04-21,0.5413870215415955,0.6045860052108765,0.5085489749908447,0.5876590013504028,9711507.0,172.01771545410156,175.178466796875,170.55284118652344,172.73770141601562,16458767984.0,6879.7841796875,6934.5517578125,6834.4423828125,6880.3232421875,32589741511
2020-04-22,0.5811660289764404,0.7069640159606934,0.5696210265159607,0.6916009783744812,18828400.0,172.67039489746094,183.75100708007812,171.82659912109375,182.59957885742188,17994666395.0,6879.4404296875,7145.86572265625,6867.78173828125,7117.20751953125,33249153866
2020-04-23,0.6853470206260681,0.6980770230293274,0.6003220081329346,0.6274570226669312,13485271.0,182.62017822265625,189.0888671875,180.3406524658203,185.02867126464844,21275740032.0,7121.30615234375,7491.78515625,7081.5947265625,7429.724609375,43500782316
2020-04-24,0.6240209937095642,0.671019971370697,0.6139410138130188,0.6342419981956482,9064190.0,185.22210693359375,190.21038818359375,185.22210693359375,189.2369384765625,16788555028.0,7434.181640625,7574.19580078125,7434.181640625,7550.90087890625,34636526286
2020-04-25,0.6305279731750488,0.6709480285644531,0.6215469837188721,0.6433290243148804,7311905.0,189.2073974609375,196.79237365722656,188.45953369140625,195.5153045654297,18260969748.0,7550.48291015625,7641.36376953125,7521.67236328125,7569.93603515625,32941541447
2020-04-26,0.6532149910926819,0.6914989948272705,0.6311709880828857,0.6355059742927551,8320760.0,195.41358947753906,199.344970703125,194.76806640625,197.31753540039062,18335367012.0,7570.13916015625,7700.59423828125,7561.40771484375,7679.8671875,33070154491
2020-04-27,0.6357139945030212,0.6602830290794373,0.561028003692627,0.5723720192909241,7406934.0,197.47572326660156,199.55279541015625,193.45416259765625,197.22471618652344,18670194595.0,7679.4189453125,7795.60107421875,7679.4189453125,7795.60107421875,36162144725
2020-04-28,0.5782529711723328,0.692147970199585,0.5684840083122253,0.6612930297851562,7470201.0,197.2735137939453,198.7865447998047,194.84942626953125,198.41539001464844,18217507467.0,7796.97021484375,7814.52734375,7730.806640625,7807.05859375,33187959921
2020-04-29,0.6622859835624695,0.77777099609375,0.655273973941803,0.7458400130271912,8801144.0,198.46519470214844,218.4546356201172,198.12451171875,216.96823120117188,26397548759.0,7806.71240234375,8871.75390625,7786.04931640625,8801.0380859375,60201052203
2020-04-30,0.7471950054168701,0.800815999507904,0.6878809928894043,0.6910449862480164,5016892.0,216.9091339111328,227.52969360351562,206.43692016601562,207.60205078125,28089191904.0,8797.669921875,9440.650390625,8533.255859375,8658.5537109375,66964629541
2020-05-01,0.6910449862480164,0.7370709776878357,0.685903012752533,0.7287939786911011,4164272.0,207.9017333984375,217.62802124023438,207.7808837890625,214.21910095214844,20816320834.0,8672.7822265625,9048.0234375,8667.763671875,8864.7666015625,44068389997
2020-05-02,0.7272679805755615,0.7489809989929199,0.7079039812088013,0.7158759832382202,3441356.0,214.23008728027344,215.8475341796875,212.87867736816406,215.32537841796875,18260876092.0,8869.0576171875,9007.1875,8811.3662109375,8988.5966796875,40134388683
2020-05-03,0.7147960066795349,0.7298009991645813,0.6566159725189209,0.6795349717140198,3328344.0,215.35206604003906,219.2708740234375,208.69236755371094,210.9331512451172,20469034664.0,8983.6142578125,9167.78125,8830.9716796875,8897.46875,47101785174
2020-05-04,0.6796249747276306,0.7058119773864746,0.6184340119361877,0.6674910187721252,3443698.0,210.89085388183594,211.82838439941406,199.0477294921875,208.17401123046875,22602446422.0,8895.7451171875,8956.90625,8645.0244140625,8912.654296875,45718796276
2020-05-05,0.6734399795532227,0.686214029788971,0.6264989972114563,0.6418370008468628,2847469.0,208.01300048828125,211.77862548828125,204.0311279296875,206.77439880371094,19004689099.0,8912.83203125,9062.4150390625,8856.8271484375,9003.0703125,43148462663
2020-05-06,0.6424540281295776,0.673891007900238,0.6225839853286743,0.6225839853286743,2677563.0,206.48135375976562,211.5346221923828,204.04087829589844,204.0557861328125,20343543799.0,9007.44140625,9411.4677734375,8966.7060546875,9268.76171875,49371886931
2020-05-07,0.6225839853286743,0.6322680115699768,0.5733759999275208,0.6129779815673828,3355830.0,203.91285705566406,214.39247131347656,202.07484436035156,212.28941345214844,23594744655.0,9261.8955078125,9992.6640625,9138.322265625,9951.5185546875,61112700562
2020-05-08,0.6129779815673828,0.6366180181503296,0.589851975440979,0.6049219965934753,2488195.0,212.1982421875,216.3276824951172,208.8307342529297,212.9915771484375,20445139356.0,9936.162109375,9996.7431640625,9767.1728515625,9842.666015625,51780748042
2020-05-09,0.6040419936180115,0.6254289746284485,0.5884479880332947,0.6045269966125488,2128503.0,213.1421661376953,214.73912048339844,209.07151794433594,211.60012817382812,18950547549.0,9840.90625,9913.86328125,9580.64453125,9593.896484375,46566121841
2020-05-10,0.6044610142707825,0.6123030185699463,0.5130810141563416,0.5370339751243591,2327581.0,211.5522003173828,211.5522003173828,182.71116638183594,188.5995635986328,25211575193.0,9591.1689453125,9595.5810546875,8395.107421875,8756.4306640625,63325279337
2020-05-11,0.5362550020217896,0.5718600153923035,0.5051940083503723,0.5152729749679565,2098481.0,188.63218688964844,191.36233520507812,180.7183380126953,185.912841796875,20054601647.0,8755.53515625,9033.470703125,8374.3232421875,8601.7958984375,57119858802
2020-05-12,0.5133910179138184,0.5597590208053589,0.5052509903907776,0.5385760068893433,2198625.0,185.87733459472656,191.60134887695312,185.70179748535156,189.3125,15899726284.0,8610.3857421875,8949.8984375,8569.6435546875,8804.4775390625,42142717533
2020-05-13,0.5383719801902771,0.564873993396759,0.5180379748344421,0.5505319833755493,2326446.0,189.3740997314453,200.19732666015625,189.12770080566406,199.1932830810547,17054662289.0,8805.3876953125,9317.87890625,8805.3876953125,9269.9873046875,45558144023
2020-05-14,0.5505319833755493,0.5809460282325745,0.5501099824905396,0.5691180229187012,2047897.0,198.89151000976562,204.1175994873047,196.8688201904297,202.9490966796875,20150524861.0,9271.3291015625,9793.2685546875,9255.03515625,9733.7216796875,56426907637
2020-05-15,0.5691930055618286,0.5746200084686279,0.5470929741859436,0.5597519874572754,1850070.0,202.9553985595703,203.56639099121094,193.75567626953125,195.62266540527344,16602342092.0,9734.291015625,9755.828125,9261.3984375,9328.197265625,48158802327
2020-05-16,0.5589810013771057,0.6065340042114258,0.5543609857559204,0.599120020866394,2300409.0,195.61338806152344,202.7711944580078,194.5015869140625,200.6771240234375,15379081645.0,9333.240234375,9564.205078125,9260.6943359375,9377.013671875,36164766408
2020-05-17,0.5952280163764954,0.6401960253715515,0.5891749858856201,0.6129890084266663,2936428.0,200.60887145996094,209.1609344482422,200.10279846191406,207.15869140625,15470397303.0,9374.9296875,9823.001953125,9349.5458984375,9670.7392578125,40084250663
2020-05-18,0.6126819849014282,0.6743929982185364,0.6096490025520325,0.6526700258255005,3314359.0,207.17977905273438,215.90846252441406,207.10906982421875,214.52505493164062,17411566928.0,9675.6953125,9906.0302734375,9570.359375,9726.5751953125,41827139896
2020-05-19,0.6509739756584167,0.65447998046875,0.6112480163574219,0.6244540214538574,2380263.0,214.6049346923828,214.6049346923828,210.14305114746094,213.45111083984375,14346192779.0,9727.0634765625,9836.0478515625,9539.6240234375,9729.0380859375,39254288955
2020-05-20,0.6224750280380249,0.6266559958457947,0.5752829909324646,0.5791559815406799,2302926.0,213.4462432861328,214.71682739257812,207.97581481933594,210.09674072265625,12730175511.0,9725.3291015625,9804.7939453125,9447.201171875,9522.9814453125,36546239703
2020-05-21,0.579692006111145,0.6137890219688416,0.5433459877967834,0.6089149713516235,2863017.0,210.129150390625,211.62518310546875,193.346435546875,199.88360595703125,13308321229.0,9522.740234375,9555.2421875,8869.9306640625,9081.76171875,39326160532
2020-05-22,0.6052389740943909,0.6764320135116577,0.582830011844635,0.6388750076293945,3411419.0,199.8371124267578,208.59153747558594,198.04086303710938,207.169189453125,12041592114.0,9080.3349609375,9232.9365234375,9008.638671875,9182.5771484375,29810773699
2020-05-23,0.6374149918556213,0.6388490200042725,0.5882470011711121,0.6130310297012329,2638524.0,207.19448852539062,210.38645935058594,205.29421997070312,208.69439697265625,10665476768.0,9185.0625,9302.501953125,9118.1083984375,9209.287109375,27727866812
2020-05-24,0.6132889986038208,0.6132889986038208,0.5484319925308228,0.5490530133247375,2786816.0,208.716064453125,210.59507751464844,202.37034606933594,202.37034606933594,11833299572.0,9212.283203125,9288.404296875,8787.2509765625,8790.3681640625,32518803300
2020-05-25,0.5485699772834778,0.6501380205154419,0.5380640029907227,0.6008570194244385,4509580.0,201.98265075683594,206.3614501953125,200.6675567626953,205.3197479248047,10415044124.0,8786.107421875,8951.005859375,8719.66796875,8906.9345703125,31288157264
2020-05-26,0.5991039872169495,0.6123530268669128,0.5664629936218262,0.5733069777488708,2689697.0,205.2595672607422,205.75254821777344,200.2642822265625,201.90231323242188,10159741290.0,8909.5859375,8991.9677734375,8757.2939453125,8835.052734375,29584186947
2020-05-27,0.5733069777488708,0.6110870242118835,0.5714430212974548,0.5909850001335144,2536916.0,201.89300537109375,208.86343383789062,201.78506469726562,208.86343383789062,10631034756.0,8837.380859375,9203.3203125,8834.1572265625,9181.017578125,32740536902
2020-05-28,0.5908839702606201,0.5923979878425598,0.5669479966163635,0.5751550197601318,2662788.0,208.88543701171875,220.27650451660156,206.24266052246094,219.84042358398438,12212469604.0,9184.9453125,9546.3193359375,9148.45703125,9525.7509765625,34367073114
2020-05-29,0.5746989846229553,0.59340500831604,0.5668579936027527,0.5794150233268738,2066857.0,219.925048828125,224.2168731689453,218.23805236816406,220.6751251220703,12265816557.0,9528.35546875,9573.6669921875,9379.3388671875,9439.1240234375,32896642044
2020-05-30,0.5813549757003784,0.6024889945983887,0.5670499801635742,0.5879330039024353,2449095.0,220.7172088623047,243.94314575195312,218.7444610595703,242.34559631347656,15027397867.0,9438.9140625,9704.0302734375,9366.7294921875,9700.4140625,32722975141
2020-05-31,0.5879030227661133,0.5939970016479492,0.5692449808120728,0.5700219869613647,1892967.0,242.35137939453125,244.04525756835938,230.05282592773438,230.9757080078125,12234904813.0,9700.10546875,9700.34375,9432.296875,9461.05859375,27773290299
2020-06-01,0.5734720230102539,0.5878390073776245,0.5673480033874512,0.5774949789047241,2159877.0,230.86026000976562,248.2362823486328,230.48805236816406,246.99176025390625,13951727936.0,9463.60546875,10199.5654296875,9450.8994140625,10167.2685546875,35198901068
2020-06-02,0.5771420001983643,0.5897250175476074,0.5522940158843994,0.5646690130233765,1295757.0,246.82818603515625,252.2220001220703,233.2252960205078,237.21905517578125,13782107567.0,10162.9736328125,10182.3408203125,9460.5712890625,9529.8037109375,39137252109
2020-06-03,0.5646690130233765,0.5910249948501587,0.5644609928131104,0.5866209864616394,877446.0,237.3952178955078,244.1793212890625,235.46444702148438,244.1793212890625,9861760817.0,9533.7607421875,9682.859375,9471.8466796875,9656.7177734375,25007459262
2020-06-04,0.5868669748306274,0.5916399955749512,0.5645179748535156,0.5872989892959595,901641.0,244.10528564453125,245.92897033691406,236.7653045654297,244.4263916015625,10170414304.0,9655.8544921875,9887.6103515625,9525.2470703125,9800.63671875,25921805072
2020-06-05,0.5872989892959595,0.6982790231704712,0.5779250264167786,0.6611549854278564,4322092.0,244.34959411621094,247.32949829101562,240.6820526123047,241.22198486328125,9293963914.0,9800.2158203125,9869.2373046875,9663.216796875,9665.533203125,23509628646
2020-06-06,0.6610710024833679,0.6616190075874329,0.6117810010910034,0.6224430203437805,1604055.0,241.20135498046875,245.98104858398438,239.7245330810547,241.9313201904297,8114873845.0,9664.904296875,9773.431640625,9591.0244140625,9653.6796875,20438419222
2020-06-07,0.6224430203437805,0.6244440078735352,0.5933979749679565,0.6165779829025269,716785.0,241.9080810546875,245.4352569580078,236.32525634765625,245.16725158691406,9544883157.0,9653.0029296875,9768.498046875,9458.150390625,9758.8525390625,25015250846
2020-06-08,0.6150779724121094,0.679000973701477,0.6133099794387817,0.6683130264282227,1440234.0,245.17857360839844,246.64419555664062,241.5421905517578,246.30990600585938,8076783299.0,9760.0634765625,9782.306640625,9675.8857421875,9771.4892578125,21486346312
2020-06-09,0.6677839756011963,0.6680880188941956,0.6272420287132263,0.6580020189285278,988327.0,246.17501831054688,248.34243774414062,242.3385467529297,244.9114532470703,8446545788.0,9774.3603515625,9836.369140625,9664.7197265625,9795.7001953125,23717842783
2020-06-10,0.6580380201339722,0.6700429916381836,0.633404016494751,0.6448670029640198,1096203.0,244.8220672607422,248.65115356445312,242.8197479248047,247.4449462890625,8792990206.0,9794.119140625,9908.896484375,9728.291015625,9870.0947265625,25706567601
2020-06-11,0.6448879837989807,0.650534987449646,0.5700820088386536,0.5737419724464417,1122221.0,247.5485382080078,249.8883056640625,229.94297790527344,231.70266723632812,12356528860.0,9870.078125,9938.2978515625,9263.0693359375,9321.78125,30247143440
2020-06-12,0.574059009552002,0.604653000831604,0.569920003414154,0.5938689708709717,940323.0,231.62545776367188,239.3546905517578,229.6450653076172,237.4932098388672,8868955009.0,9320.6904296875,9540.4658203125,9285.8515625,9480.84375,22610564515
2020-06-13,0.5939480066299438,0.6114389896392822,0.5854849815368652,0.608942985534668,764757.0,237.54461669921875,239.19309997558594,235.88967895507812,238.90884399414062,7141624980.0,9480.7353515625,9493.2119140625,9396.009765625,9475.27734375,17564322315
2020-06-14,0.6109269857406616,0.618257999420166,0.5808990001678467,0.5870770215988159,873416.0,238.9681854248047,239.10145568847656,232.95819091796875,234.1147003173828,7439385176.0,9477.5537109375,9482.2705078125,9347.59375,9386.7880859375,18991732746
2020-06-15,0.5883730053901672,0.5918970108032227,0.5472869873046875,0.5706390142440796,942666.0,234.0583038330078,234.2378387451172,221.24176025390625,229.9289093017578,10536099884.0,9386.03515625,9504.8603515625,8990.17578125,9450.7021484375,26699704768
2020-06-16,0.5705789923667908,0.5898280143737793,0.5686889886856079,0.5855759978294373,652020.0,229.76229858398438,236.39430236816406,228.4261474609375,234.41616821289062,7965648016.0,9454.2666015625,9579.4306640625,9400.4453125,9538.0244140625,21565537209
2020-06-17,0.5854970216751099,0.590129017829895,0.5651170015335083,0.5815619826316833,673274.0,234.49237060546875,235.9540557861328,229.34164428710938,233.0282745361328,7701391592.0,9533.7841796875,9540.4228515625,9327.33984375,9480.2548828125,20177709879
2020-06-18,0.5815820097923279,0.6503090262413025,0.5792850255966187,0.6209560036659241,1349341.0,232.89869689941406,234.57064819335938,228.95143127441406,232.10116577148438,6713800872.0,9481.5673828125,9482.7822265625,9328.3955078125,9411.8408203125,17770083003
2020-06-19,0.6224070191383362,0.8363980054855347,0.6203839778900146,0.684332013130188,6577471.0,231.95497131347656,232.15411376953125,226.79518127441406,227.13829040527344,6946372590.0,9410.2939453125,9440.8759765625,9274.2958984375,9288.0185546875,19632223107
2020-06-20,0.6825230121612549,0.6885830163955688,0.6256260275840759,0.6435909867286682,1714405.0,226.9763641357422,231.4490203857422,226.640625,229.27426147460938,6252830566.0,9290.9599609375,9394.9716796875,9247.3798828125,9332.3408203125,17130541557
2020-06-21,0.6461349725723267,0.7485420107841492,0.6368799805641174,0.6731489896774292,2238347.0,229.2161407470703,232.35894775390625,228.4929962158203,228.9898223876953,5600408178.0,9330.9267578125,9401.107421875,9300.4306640625,9303.6298828125,15324301169
2020-06-22,0.6725770235061646,0.7431129813194275,0.6458770036697388,0.7268480062484741,1620388.0,229.0033721923828,243.77601623535156,228.9347381591797,242.53318786621094,9079586552.0,9300.9150390625,9655.0732421875,9296.8720703125,9648.7177734375,21104009514
2020-06-23,0.7267730236053467,0.7606329917907715,0.7007120251655579,0.7082970142364502,1327340.0,242.53701782226562,244.86441040039062,239.75973510742188,244.14215087890625,6624530348.0,9644.076171875,9670.541015625,9547.2470703125,9629.658203125,17006433272
2020-06-24,0.7085300087928772,0.8006920218467712,0.6935009956359863,0.7369940280914307,2769054.0,244.18592834472656,248.50802612304688,232.8077392578125,235.7724609375,8815030025.0,9632.1494140625,9680.3671875,9278.2333984375,9313.6103515625,18961716076
2020-06-25,0.7371000051498413,0.7567049860954285,0.6992400288581848,0.7131940126419067,1751581.0,235.70285034179688,236.05340576171875,230.29660034179688,232.94448852539062,7010426122.0,9314.126953125,9340.1611328125,9095.32421875,9264.8134765625,18616048626
2020-06-26,0.7125309705734253,0.7519919872283936,0.6815320253372192,0.7411440014839172,1664662.0,232.8774871826172,233.9019317626953,229.25946044921875,229.6680450439453,7187490226.0,9260.9951171875,9310.5166015625,9101.73828125,9162.91796875,18341465837
2020-06-27,0.7395970225334167,0.7522109746932983,0.6758379936218262,0.7135480046272278,1681428.0,229.63148498535156,232.49342346191406,220.5645751953125,222.9597930908203,6918380955.0,9167.82421875,9207.810546875,8998.216796875,9045.390625,17273093144
2020-06-28,0.7135480046272278,0.8439769744873047,0.6870949864387512,0.7984949946403503,3412582.0,222.91448974609375,228.59828186035156,219.47267150878906,225.34716796875,6205925718.0,9048.4609375,9197.546875,8975.525390625,9143.58203125,14560870760
2020-06-29,0.7984949946403503,0.8853390216827393,0.7700089812278748,0.8524540066719055,2147791.0,225.36143493652344,229.90321350097656,222.25498962402344,228.1948699951172,6726164653.0,9140.029296875,9237.5732421875,9041.8759765625,9190.8544921875,16460547078
2020-06-30,0.8530219793319702,1.0291759967803955,0.8501039743423462,0.8600940108299255,3887548.0,227.9684295654297,229.476806640625,224.815185546875,226.31500244140625,6094093001.0,9185.5810546875,9217.8359375,9084.837890625,9137.9931640625,15735797744
2020-07-01,0.8633639812469482,0.9017149806022644,0.8209270238876343,0.8326420187950134,1772560.0,226.13458251953125,232.75611877441406,224.8357391357422,231.11341857910156,6463737443.0,9145.9853515625,9309.7548828125,9104.7353515625,9228.3251953125,15971550355
2020-07-02,0.8321160078048706,0.8371269702911377,0.7536680102348328,0.7802190184593201,1749581.0,231.28890991210938,232.39688110351562,225.4619598388672,229.39219665527344,6212210566.0,9231.1396484375,9274.962890625,9036.623046875,9123.41015625,16338916796
2020-07-03,0.7820360064506531,0.7860350012779236,0.7551130056381226,0.7680929899215698,1144958.0,229.31895446777344,229.6293182373047,224.91397094726562,225.38706970214844,5109032700.0,9124.8427734375,9202.3447265625,9058.794921875,9087.3037109375,13078970999
2020-07-04,0.7679409980773926,0.8231549859046936,0.761451005935669,0.7803720235824585,1644301.0,225.28848266601562,230.05413818359375,225.13331604003906,229.07411193847656,5228310135.0,9084.2333984375,9183.2958984375,9053.6298828125,9132.48828125,12290528515
2020-07-05,0.7801010012626648,0.7855470180511475,0.6426349878311157,0.6916639804840088,3799016.0,228.9761962890625,229.85671997070312,224.54449462890625,227.6645965576172,5292172429.0,9126.0908203125,9162.18359375,8977.015625,9073.9423828125,12903406143
2020-07-06,0.6916639804840088,0.721045970916748,0.6865800023078918,0.7079079747200012,1120773.0,227.6850128173828,242.13270568847656,227.02952575683594,241.51022338867188,8782917553.0,9072.849609375,9375.474609375,9058.6640625,9375.474609375,17889263252
2020-07-07,0.7078580260276794,0.7808930277824402,0.7019219994544983,0.7530480027198792,1700041.0,240.97259521484375,242.68185424804688,234.21865844726562,239.07553100585938,6441497597.0,9349.1611328125,9360.6171875,9201.8154296875,9252.27734375,13839652595
2020-07-08,0.7530480027198792,0.8275229930877686,0.7434110045433044,0.7967129945755005,2220223.0,239.15997314453125,248.30886840820312,238.39837646484375,246.67001342773438,9892586411.0,9253.0205078125,9450.3359375,9249.5,9428.3330078125,19702359883
2020-07-09,0.7940179705619812,0.8823580145835876,0.759905993938446,0.8534529805183411,2668724.0,246.748291015625,247.2916717529297,239.89865112304688,243.01596069335938,8429099199.0,9427.994140625,9431.37890625,9234.9990234375,9277.9677734375,18000702524
2020-07-10,0.8533040285110474,0.9396290183067322,0.8428500294685364,0.9135599732398987,1856095.0,242.86801147460938,242.8837890625,236.73052978515625,240.9849853515625,7281370522.0,9273.357421875,9287.4716796875,9118.001953125,9278.8076171875,16860035605
2020-07-11,0.9135599732398987,0.926347017288208,0.8590949773788452,0.9246240258216858,1788814.0,241.04478454589844,241.52748107910156,238.33123779296875,239.4581756591797,5643067316.0,9277.51171875,9293.5322265625,9199.4853515625,9240.3466796875,13249910444
2020-07-12,0.9238560199737549,1.130977988243103,0.9141169786453247,1.0167160034179688,4693371.0,239.4596405029297,243.31114196777344,237.7702178955078,242.13169860839844,6596394718.0,9241.0546875,9319.4189453125,9197.4501953125,9276.5,14452361907
2020-07-13,1.0167160034179688,1.2876629829406738,1.0088839530944824,1.175734043121338,4062069.0,242.18186950683594,244.31051635742188,238.2323760986328,239.60458374023438,7787751468.0,9277.205078125,9306.4052734375,9224.29296875,9243.6142578125,17519821266
2020-07-14,1.172476053237915,1.2460060119628906,1.1191660165786743,1.148074984550476,2213135.0,239.97561645507812,242.0037841796875,237.7961883544922,240.21148681640625,7357458555.0,9238.703125,9283.841796875,9171.6611328125,9243.2138671875,18085038362
2020-07-15,1.147523045539856,1.3968349695205688,1.1414580345153809,1.289597988128662,3355229.0,240.14364624023438,241.40269470214844,237.09617614746094,238.42352294921875,6189328448.0,9241.8974609375,9275.3251953125,9171.93359375,9192.8369140625,15844731575
2020-07-16,1.28403902053833,1.3749669790267944,0.8550440073013306,0.8724409937858582,7486568.0,238.45091247558594,239.00625610351562,231.6211700439453,233.64088439941406,5832057567.0,9191.98046875,9214.3125,9088.947265625,9132.2275390625,15713967523
2020-07-17,0.870760977268219,1.0468419790267944,0.8018839955329895,0.9778370261192322,8973774.0,233.69139099121094,234.41506958007812,232.10997009277344,232.77308654785156,5859850529.0,9131.8125,9182.25390625,9089.2021484375,9151.392578125,13944570749
2020-07-18,0.9775149822235107,1.000715970993042,0.9317259788513184,0.9665830135345459,2923007.0,232.85568237304688,236.54397583007812,232.32489013671875,235.4838104248047,5397402117.0,9151.18359375,9230.9833984375,9100.82421875,9159.0400390625,12252601475
2020-07-19,0.9680039882659912,0.9703540205955505,0.8995149731636047,0.9203490018844604,2206671.0,235.4582977294922,239.1606903076172,233.2797393798828,238.48751831054688,6251377305.0,9158.005859375,9201.3984375,9097.6328125,9185.8173828125,12939002784
2020-07-20,0.9205150008201599,0.9215840101242065,0.8518779873847961,0.8730890154838562,3036871.0,238.494873046875,239.5762481689453,234.85264587402344,236.15316772460938,5600686192.0,9187.220703125,9214.2705078125,9137.509765625,9164.2314453125,13755604146
2020-07-21,0.8729280233383179,1.008254051208496,0.8603159785270691,0.9771659970283508,4299502.0,236.30250549316406,246.18626403808594,235.68096923828125,245.0167236328125,6806696015.0,9162.5146484375,9407.2626953125,9149.3896484375,9374.8876953125,18069581956
2020-07-22,0.9771980047225952,1.1047040224075317,0.9724850058555603,1.0440870523452759,5295002.0,245.03726196289062,262.98504638671875,242.48434448242188,262.1906433105469,7702077383.0,9375.080078125,9530.5185546875,9319.6533203125,9525.36328125,16532254884
2020-07-23,1.0461549758911133,1.1012179851531982,0.9973940253257751,1.0498440265655518,2970423.0,262.3886413574219,277.5834655761719,261.0470886230469,274.6890563964844,10281309262.0,9527.1416015625,9610.2470703125,9483.00390625,9581.072265625,18146399002
2020-07-24,1.0498440265655518,1.053954005241394,0.9747800230979919,0.9953460097312927,1991763.0,274.7226867675781,286.1928405761719,269.2397766113281,279.2154235839844,9466060358.0,9585.5146484375,9623.3369140625,9481.4541015625,9536.892578125,16552768325
2020-07-25,0.9954400062561035,1.4327399730682373,0.9953969717025757,1.252223014831543,9978279.0,279.0263671875,306.7409973144531,279.0263671875,304.0567626953125,10785021813.0,9539.4853515625,9704.556640625,9530.2119140625,9677.11328125,16610070933
2020-07-26,1.2447279691696167,1.6246479749679565,1.2382830381393433,1.5651099681854248,10463130.0,303.6923828125,316.3863220214844,300.267822265625,309.64361572265625,12003973026.0,9680.234375,10023.8076171875,9652.84765625,9905.1669921875,20507998997
2020-07-27,1.5650980472564697,2.0427401065826416,1.5610870122909546,1.7786359786987305,32838355.0,309.6579284667969,330.7012023925781,309.6579284667969,321.51409912109375,15644257058.0,9905.2177734375,11298.2216796875,9903.9697265625,10990.873046875,35359749590
2020-07-28,1.7841110229492188,1.858672022819519,1.6117689609527588,1.7840670347213745,9692632.0,321.8297424316406,325.9059753417969,307.7213439941406,316.6572570800781,12357108065.0,11017.4638671875,11204.3271484375,10632.6318359375,10912.8232421875,28766551142
2020-07-29,1.785662055015564,2.0956220626831055,1.5931659936904907,1.6582889556884766,10348945.0,316.55535888671875,324.38079833984375,313.1095886230469,318.1908874511719,10878845706.0,10912.953125,11304.3974609375,10856.1416015625,11100.4677734375,24617249715
2020-07-30,1.6582889556884766,1.7964489459991455,1.6357120275497437,1.6868070363998413,5222980.0,318.1449890136719,338.6311950683594,315.7510986328125,334.5866394042969,11827689045.0,11099.8330078125,11169.3564453125,10895.455078125,11111.2138671875,22857247901
2020-07-31,1.6868070363998413,1.6884880065917969,1.5104049444198608,1.5381779670715332,4822046.0,334.63372802734375,348.6113586425781,329.3409423828125,345.5546569824219,12030600492.0,11110.2109375,11415.8642578125,10987.0537109375,11323.466796875,23160469766
2020-08-01,1.5327589511871338,1.6622289419174194,1.4988720417022705,1.526610016822815,4589882.0,345.7986145019531,388.84796142578125,343.5874328613281,385.19970703125,14045259477.0,11322.5703125,11794.775390625,11239.6826171875,11759.5927734375,26075670303
2020-08-02,1.5299099683761597,1.7468229532241821,1.411972999572754,1.7428100109100342,7216576.0,385.54986572265625,411.2283020019531,357.1436462402344,370.6717224121094,18909744275.0,11758.7646484375,12034.14453125,11018.1298828125,11053.6142578125,27410067336
2020-08-03,1.7322900295257568,1.8300340175628662,1.6687259674072266,1.802610993385315,5836036.0,371.13385009765625,396.5069885253906,369.3363342285156,386.295166015625,12834648062.0,11043.7685546875,11453.0791015625,11012.4150390625,11246.3486328125,20271713443
2020-08-04,1.8000119924545288,1.949874997138977,1.794983983039856,1.8716390132904053,5495665.0,386.1564636230469,400.70062255859375,382.985107421875,389.87548828125,14086704221.0,11246.203125,11385.3818359375,11094.1455078125,11205.892578125,21250197042
2020-08-05,1.870736002922058,1.8881219625473022,1.709509015083313,1.7545499801635742,5405764.0,389.7108154296875,406.303955078125,386.2184753417969,401.590576171875,12875466638.0,11203.8232421875,11786.6171875,11158.28515625,11747.0224609375,24411254471
2020-08-06,1.7545499801635742,2.2280030250549316,1.7467830181121826,2.206347942352295,11143557.0,401.5838623046875,403.4886779785156,392.6001892089844,394.9619445800781,11304626458.0,11749.87109375,11902.3359375,11598.7138671875,11779.7734375,23400740340
2020-08-07,2.2031660079956055,2.2031660079956055,1.8855719566345215,2.0859029293060303,8068102.0,395.22686767578125,398.2490234375,367.9355163574219,379.5128479003906,12751687084.0,11778.89453125,11898.0380859375,11408.59375,11601.47265625,23132312867
2020-08-08,2.0838890075683594,2.5695900917053223,2.0265378952026367,2.4736249446868896,10919229.0,379.55157470703125,393.98736572265625,377.3497314453125,393.98736572265625,9342060531.0,11604.5537109375,11800.064453125,11558.431640625,11754.0458984375,17572057837
2020-08-09,2.4715559482574463,2.7068231105804443,2.3025009632110596,2.6652278900146484,12107837.0,395.30523681640625,399.7370910644531,385.8307189941406,391.1204528808594,9451065592.0,11737.3251953125,11806.056640625,11548.7841796875,11675.7392578125,17489608833
2020-08-10,2.6652278900146484,3.3979289531707764,2.525897979736328,3.1317930221557617,22863251.0,391.04150390625,399.3759460449219,391.04150390625,395.8875732421875,11685827893.0,11662.2568359375,12045.140625,11662.2568359375,11878.111328125,26114112569
2020-08-11,3.131042003631592,3.48653507232666,2.753633975982666,3.3034191131591797,36356155.0,395.89471435546875,398.4789123535156,370.8606262207031,380.3840637207031,12792218737.0,11881.6474609375,11932.7109375,11195.708984375,11410.525390625,27039782640
2020-08-12,3.307957887649536,3.916167974472046,3.1039791107177734,3.7697510719299316,28461707.0,380.0638122558594,391.31231689453125,367.9236145019531,391.024169921875,12408772745.0,11404.5966796875,11748.396484375,11249.60546875,11584.9345703125,25064548486
2020-08-13,3.770703077316284,4.155814170837402,3.528520107269287,3.7559709548950195,28236179.0,390.8381042480469,432.90460205078125,379.71087646484375,428.7417907714844,18480303526.0,11588.4052734375,11796.396484375,11216.8720703125,11784.1376953125,27522199497
2020-08-14,3.7601680755615234,3.789997100830078,3.3326539993286133,3.4093880653381348,18427950.0,428.6772766113281,444.5777587890625,423.3458557128906,437.3978271484375,15064589987.0,11772.6591796875,12150.994140625,11685.455078125,11768.87109375,24237958589
2020-08-15,3.412554979324341,3.719944953918457,3.1654651165008545,3.1837949752807617,13155762.0,437.56298828125,441.7546081542969,429.8746032714844,433.35491943359375,12416067894.0,11768.697265625,11963.203125,11768.697265625,11865.6982421875,23354924400
2020-08-16,3.185405969619751,3.4706881046295166,3.138688087463379,3.385653018951416,10395313.0,433.3505859375,436.2658386230469,415.08624267578125,433.78662109375,12168816874.0,11866.685546875,11934.9013671875,11737.1884765625,11892.8037109375,20583375490
2020-08-17,3.385653018951416,3.3859989643096924,3.087985038757324,3.0986080169677734,10723919.0,433.9737548828125,442.7349853515625,422.64727783203125,429.53125,13227089410.0,11895.658203125,12359.056640625,11806.6962890625,12254.40234375,28227687027
2020-08-18,3.104469060897827,3.7099111080169678,2.894413948059082,3.3299760818481445,30350145.0,429.66961669921875,432.5802917480469,419.6741027832031,423.6693115234375,11978984079.0,12251.8955078125,12335.70703125,11954.525390625,11991.2333984375,26043227672
2020-08-19,3.3286960124969482,3.483863115310669,2.8381080627441406,2.899040937423706,14838389.0,423.73858642578125,427.024658203125,396.6783447265625,406.4637756347656,13137391167.0,11990.884765625,12028.923828125,11687.3330078125,11758.283203125,24502851117
2020-08-20,2.899040937423706,3.4318430423736572,2.896235942840576,3.2082669734954834,13756478.0,406.7589111328125,418.73443603515625,404.0260925292969,416.4397888183594,10043032427.0,11761.5,11900.4111328125,11710.0634765625,11878.3720703125,20175242945
2020-08-21,3.2097179889678955,3.223289966583252,2.913770914077759,2.9436678886413574,11796736.0,416.1487731933594,418.6379699707031,387.4411315917969,389.1263427734375,11781796374.0,11878.0263671875,11899.259765625,11564.9794921875,11592.4892578125,23762425999
2020-08-22,2.945307970046997,3.1948649883270264,2.757327079772949,3.020885944366455,10296805.0,389.0310974121094,396.4665832519531,382.81463623046875,395.83514404296875,10131847985.0,11585.4775390625,11689.4072265625,11448.8056640625,11681.8251953125,20224191306
2020-08-23,3.0208630561828613,3.4034149646759033,3.0188379287719727,3.3224310874938965,11991402.0,395.5628356933594,396.49041748046875,385.039794921875,391.3844909667969,8137303970.0,11679.6962890625,11713.4296875,11559.9208984375,11664.84765625,18482062658
2020-08-24,3.3122220039367676,3.607538938522339,3.224431037902832,3.3449859619140625,15785208.0,391.6789855957031,409.3885803222656,389.3146057128906,408.1441955566406,10328860398.0,11663.689453125,11807.6318359375,11623.25,11774.595703125,20681511755
2020-08-25,3.3496639728546143,3.3582470417022705,3.027719020843506,3.264849901199341,13444308.0,408.0716857910156,408.5279235839844,374.3553771972656,384.00103759765625,12428442042.0,11773.5888671875,11778.2998046875,11189.8505859375,11366.134765625,26301509932
2020-08-26,3.2660410404205322,3.7953240871429443,3.1943109035491943,3.5583748817443848,22147431.0,383.9774475097656,391.8732604980469,378.7058410644531,386.46612548828125,9967343483.0,11366.89453125,11530.052734375,11296.9931640625,11488.36328125,22466660958
2020-08-27,3.5578439235687256,3.854706048965454,3.2922139167785645,3.4450600147247314,21031356.0,386.60986328125,395.34918212890625,374.8664855957031,382.63262939453125,10457777652.0,11485.6083984375,11570.7861328125,11185.94140625,11323.3974609375,23240415076
2020-08-28,3.4524950981140137,4.309593200683594,3.4472808837890625,4.011393070220947,27212888.0,382.62957763671875,397.75762939453125,381.2738342285156,395.8746643066406,9120674421.0,11325.2958984375,11545.615234375,11316.4228515625,11542.5,19807127588
2020-08-29,4.01421594619751,4.105240821838379,3.78711199760437,3.968808889389038,14585964.0,395.6875915527344,405.6163635253906,393.03741455078125,399.9214782714844,8777703481.0,11541.0546875,11585.640625,11466.29296875,11506.865234375,17485597759
2020-08-30,3.970010995864868,4.705005168914795,3.9191319942474365,4.4358229637146,22220239.0,399.61669921875,428.6639709472656,399.6083679199219,428.3957214355469,11211948040.0,11508.7138671875,11715.2646484375,11492.3818359375,11711.505859375,19760127945
2020-08-31,4.4216790199279785,4.872941017150879,4.109681129455566,4.782045841217041,20950150.0,428.5090026855469,438.5603332519531,419.7701721191406,435.0797424316406,12774741797.0,11713.306640625,11768.876953125,11598.318359375,11680.8203125,22285928250
2020-09-01,4.781050205230713,4.94473123550415,4.344515800476074,4.344515800476074,16944927.0,434.87445068359375,487.2118835449219,432.0791931152344,477.0519104003906,18862763756.0,11679.31640625,12067.0810546875,11601.12890625,11970.478515625,27311555343
2020-09-02,4.3526930809021,4.355938911437988,3.7051639556884766,4.1644721031188965,23655802.0,477.00787353515625,480.33099365234375,424.46002197265625,440.0404968261719,19691854014.0,11964.8232421875,11964.8232421875,11290.7939453125,11414.0341796875,28037405299
2020-09-03,4.168772220611572,4.440814018249512,3.5273399353027344,3.5273399353027344,26473634.0,440.239990234375,449.532470703125,381.12969970703125,385.67193603515625,19622845896.0,11407.19140625,11443.0224609375,10182.46484375,10245.296875,31927261555
2020-09-04,3.523390054702759,3.834104061126709,3.1988940238952637,3.5457940101623535,17729340.0,384.671630859375,402.4117431640625,371.6366882324219,388.24114990234375,16747106257.0,10230.365234375,10663.919921875,10207.9404296875,10511.8134765625,29965130374
2020-09-05,3.5509839057922363,3.6602439880371094,2.1916749477386475,2.5979158878326416,25062205.0,388.03839111328125,394.1722717285156,316.77435302734375,335.26007080078125,29880047640.0,10512.5302734375,10581.5712890625,9946.67578125,10169.5673828125,44916565292
2020-09-06,2.6003170013427734,3.1756370067596436,2.288191080093384,3.086042881011963,20375890.0,335.3345642089844,359.7640380859375,319.0419006347656,353.3622741699219,27643678917.0,10167.216796875,10353.927734375,10056.8857421875,10280.3515625,37071460174
2020-09-07,3.0860838890075684,3.1895599365234375,2.391493082046509,2.928528070449829,17135013.0,353.45025634765625,358.2118835449219,326.2543640136719,352.6734924316406,21763614732.0,10280.998046875,10399.1533203125,9916.4931640625,10369.5634765625,33703098409
2020-09-08,2.927628993988037,2.9397358894348145,2.3986411094665527,2.4689769744873047,10163725.0,353.2022705078125,355.5628662109375,328.8167724609375,337.60211181640625,17991403432.0,10369.306640625,10414.775390625,9945.1103515625,10131.5166015625,33430927462
2020-09-09,2.4711780548095703,3.751715898513794,2.389806032180786,3.636378049850464,52354542.0,337.8249206542969,359.16448974609375,332.1650085449219,351.1100158691406,14547933520.0,10134.1513671875,10350.54296875,10017.2509765625,10242.34765625,24128292755
2020-09-10,3.636378049850464,3.851309061050415,3.3208088874816895,3.469836950302124,31177875.0,351.4293212890625,377.3935852050781,351.11175537109375,368.1018981933594,31421134556.0,10242.330078125,10503.912109375,10238.1357421875,10363.138671875,54406443211
2020-09-11,3.4673349857330322,3.5010130405426025,3.040170907974243,3.4274280071258545,17090627.0,368.1184997558594,376.6304016113281,355.58258056640625,374.6955871582031,27296269329.0,10369.0283203125,10434.9228515625,10140.8369140625,10400.9150390625,45201121775
2020-09-12,3.4191019535064697,3.4670519828796387,3.1507270336151123,3.332659959793091,10368518.0,374.59539794921875,387.5384521484375,367.8421936035156,387.18310546875,13295405814.0,10409.861328125,10578.837890625,10292.38671875,10442.1708984375,36750077324
2020-09-13,3.336380958557129,3.4667820930480957,3.005402088165283,3.2258388996124268,15316353.0,387.519287109375,388.9598083496094,354.3401794433594,365.57000732421875,15005899191.0,10452.3994140625,10577.21484375,10224.330078125,10323.755859375,36506852789
2020-09-14,3.2315258979797363,3.5249340534210205,3.0941739082336426,3.2691330909729004,21301450.0,365.6995849609375,384.4851989746094,357.56976318359375,377.26885986328125,17536695361.0,10328.734375,10800.0107421875,10266.0087890625,10680.837890625,35453581940
2020-09-15,3.2691330909729004,3.3200669288635254,2.9184730052948,2.9391210079193115,11992538.0,377.1540222167969,381.50830078125,363.6068115234375,364.8392028808594,16140584321.0,10677.7548828125,10938.6318359375,10656.4599609375,10796.951171875,32509451925
2020-09-16,2.9393069744110107,2.9393069744110107,2.453839063644409,2.5453989505767822,24199804.0,364.7439880371094,372.7674255371094,356.6827392578125,365.8122863769531,16107612177.0,10797.76171875,11100.1240234375,10704.884765625,10974.9052734375,30769986455
2020-09-17,2.5453989505767822,2.9341020584106445,2.3700339794158936,2.891874074935913,23792220.0,365.86578369140625,393.901611328125,364.7951354980469,389.01922607421875,19899531080.0,10973.251953125,11037.4208984375,10774.6279296875,10948.990234375,38151810523
2020-09-18,2.891874074935913,3.1593170166015625,2.741676092147827,3.1079399585723877,23510207.0,389.3374938964844,391.9041442871094,376.9649963378906,384.3645324707031,14108357740.0,10951.8203125,11034.908203125,10829.6572265625,10944.5859375,26341903912
2020-09-19,3.1117470264434814,3.253420114517212,2.9717040061950684,3.028891086578369,10763973.0,384.0416564941406,387.07635498046875,378.72406005859375,385.54437255859375,11049507684.0,10933.7529296875,11134.0927734375,10909.6181640625,11094.3466796875,22764204008
2020-09-20,3.0310280323028564,3.032876968383789,2.7201380729675293,2.8709030151367188,9217295.0,385.5979919433594,385.5979919433594,367.0943603515625,371.0528259277344,12292195784.0,11095.8701171875,11095.8701171875,10814.4775390625,10938.271484375,24699523788
2020-09-21,2.8709030151367188,3.026940107345581,2.5004189014434814,2.7825090885162354,19492894.0,371.400146484375,375.7370300292969,336.0689697265625,341.78607177734375,17398267133.0,10934.92578125,10988.3046875,10380.2607421875,10462.259765625,28884999244
2020-09-22,2.7736880779266357,2.9943699836730957,2.66860294342041,2.9155189990997314,18556523.0,341.72381591796875,346.600830078125,336.85504150390625,344.503173828125,12732578043.0,10459.6240234375,10568.0771484375,10382.7265625,10538.4599609375,23621787804
2020-09-23,2.9303550720214844,3.065337896347046,2.746303081512451,2.836756944656372,16096650.0,344.58990478515625,344.67138671875,318.9692077636719,321.1163024902344,12899346599.0,10535.4921875,10537.828125,10197.865234375,10246.1865234375,23788661867
2020-09-24,2.838120937347412,3.25156307220459,2.795646905899048,3.1327149868011475,18993326.0,320.9850158691406,351.46148681640625,318.54510498046875,349.3555908203125,15714304470.0,10248.7861328125,10771.056640625,10231.490234375,10760.06640625,47144380902
2020-09-25,3.1455440521240234,3.265165090560913,2.9117720127105713,3.1886119842529297,15935143.0,349.41143798828125,357.7727355957031,339.01593017578125,352.1832580566406,14381086966.0,10761.109375,10777.6962890625,10578.9140625,10692.716796875,39348590957
2020-09-26,3.1880300045013428,3.2039060592651367,3.041266918182373,3.1347029209136963,11018475.0,352.35089111328125,355.8547668457031,348.10711669921875,355.48809814453125,13049148579.0,10695.5751953125,10772.9990234375,10667.28125,10750.7236328125,46852525493
2020-09-27,3.133837938308716,3.17349910736084,3.0105509757995605,3.152946949005127,9734368.0,354.95989990234375,361.9844055175781,349.8340759277344,357.4385070800781,13598126926.0,10746.892578125,10803.9765625,10622.921875,10775.26953125,53745972818
2020-09-28,3.152704954147339,3.204190969467163,2.9359540939331055,2.9566779136657715,10950201.0,357.9259338378906,366.4321594238281,354.5476379394531,355.159423828125,14258455166.0,10776.61328125,10945.34765625,10703.8935546875,10709.65234375,47762394731
2020-09-29,2.9583609104156494,3.0100948810577393,2.901789903640747,2.9464330673217773,8821253.0,354.3630065917969,360.3533630371094,352.1468505859375,359.75738525390625,11600013236.0,10709.650390625,10860.0009765625,10649.4951171875,10844.640625,46582396602
2020-09-30,2.9490740299224854,2.9793479442596436,2.835669994354248,2.897876024246216,7767702.0,360.03851318359375,361.17877197265625,353.32794189453125,359.9378662109375,11818610610.0,10843.87109375,10847.2568359375,10669.3212890625,10784.4912109375,44171073700
2020-10-01,2.8981618881225586,2.9858338832855225,2.657397985458374,2.861027956008911,10825966.0,360.30914306640625,369.264404296875,346.47705078125,353.2059020996094,14679481911.0,10795.2548828125,10933.6240234375,10472.3564453125,10619.4521484375,40023134100
2020-10-02,2.864197015762329,2.8766350746154785,2.4577910900115967,2.6260828971862793,15856539.0,352.9496765136719,354.11541748046875,336.4671630859375,346.2389221191406,14215390463.0,10619.8212890625,10657.837890625,10416.689453125,10575.974609375,48661453918
2020-10-03,2.6273350715637207,2.669495105743408,2.5473029613494873,2.5473029613494873,6155891.0,346.2186279296875,351.3077087402344,344.66656494140625,346.5220947265625,10060167889.0,10575.1005859375,10598.9404296875,10511.1298828125,10549.3291015625,44660271563
2020-10-04,2.5430119037628174,2.588036060333252,2.428889036178589,2.5159950256347656,7075729.0,346.60223388671875,354.0457458496094,345.1310119628906,352.5790100097656,10696959020.0,10550.4404296875,10686.0,10534.3916015625,10669.5830078125,71251776995
2020-10-05,2.519134998321533,2.662623882293701,2.467319965362549,2.657644033432007,8105684.0,352.73681640625,355.2140808105469,349.6799011230469,353.956787109375,11809507622.0,10676.529296875,10793.5078125,10634.6005859375,10793.33984375,47537578009
2020-10-06,2.6552000045776367,2.6552000045776367,2.1476919651031494,2.1762499809265137,9739071.0,353.95648193359375,354.989013671875,338.0032958984375,340.81585693359375,12830796112.0,10796.306640625,10797.578125,10528.890625,10604.40625,42623695307
2020-10-07,2.175808906555176,2.391937017440796,2.0957601070404053,2.2917959690093994,11759752.0,340.9430847167969,342.4508361816406,334.5455627441406,341.80865478515625,11929918060.0,10603.35546875,10680.5078125,10562.5068359375,10668.96875,37799458436
2020-10-08,2.2999820709228516,2.430609941482544,2.0285260677337646,2.365220069885254,14931922.0,342.0446472167969,352.21148681640625,335.6474914550781,350.7661437988281,13461017711.0,10669.37109375,10945.7373046875,10562.6064453125,10915.685546875,63314794397
2020-10-09,2.3677420616149902,2.62526798248291,2.3170900344848633,2.5398590564727783,12002959.0,351.1128845214844,368.3103332519531,348.2058410644531,365.5904846191406,13043501763.0,10927.9130859375,11102.671875,10846.8505859375,11064.4580078125,22799117613
2020-10-10,2.536932945251465,2.59409499168396,2.403172016143799,2.406090021133423,8842884.0,365.4024658203125,378.26715087890625,365.3540344238281,370.96759033203125,13618484324.0,11059.142578125,11442.2109375,11056.9404296875,11296.361328125,22877978588
2020-10-11,2.407366991043091,2.457566022872925,2.344921112060547,2.4265780448913574,7170647.0,370.9284362792969,377.2467956542969,369.8280334472656,375.1420593261719,12584512533.0,11296.08203125,11428.8134765625,11288.6279296875,11384.181640625,19968627060
2020-10-12,2.426115036010742,2.698638916015625,2.4158620834350586,2.5870718955993652,12289969.0,374.7987365722656,395.1221618652344,366.642333984375,387.73126220703125,15867455424.0,11392.6357421875,11698.4677734375,11240.6865234375,11555.36328125,26163972642
2020-10-13,2.5848910808563232,2.5848910808563232,2.3481709957122803,2.404910087585449,11415737.0,387.1429443359375,387.37567138671875,375.58245849609375,381.1907653808594,14226744838.0,11548.7197265625,11548.984375,11321.224609375,11425.8994140625,24241420251
2020-10-14,2.408195972442627,2.4366140365600586,2.2462570667266846,2.3146350383758545,9436239.0,381.9714660644531,387.2961730957031,374.1750183105469,379.4840393066406,13918846567.0,11429.0478515625,11539.9775390625,11307.8310546875,11429.5068359375,24103426719
2020-10-15,2.3148000240325928,2.3357961177825928,2.203418016433716,2.2664361000061035,8332483.0,379.1922302246094,381.2087707519531,371.3541259765625,377.44183349609375,14964182545.0,11426.6025390625,11569.9140625,11303.603515625,11495.349609375,24487233058
2020-10-16,2.265199899673462,2.2656710147857666,2.1279211044311523,2.149385929107666,13637728.0,377.8684997558594,380.0215148925781,362.597412109375,366.22900390625,14670784817.0,11502.828125,11540.0615234375,11223.0126953125,11322.123046875,25635480772
2020-10-17,2.1456360816955566,2.23830509185791,2.13240909576416,2.201843023300171,6612612.0,366.0157165527344,369.76812744140625,364.489013671875,368.8559265136719,10951115359.0,11322.123046875,11386.26171875,11285.345703125,11358.1015625,19130430174
2020-10-18,2.2027499675750732,2.2488460540771484,2.1783270835876465,2.2142670154571533,6294162.0,368.7275390625,378.59765625,368.129150390625,378.21368408203125,11047103109.0,11355.982421875,11483.359375,11347.578125,11483.359375,18283314340
2020-10-19,2.213371992111206,2.2135119438171387,2.053210973739624,2.058079957962036,8248860.0,378.4696350097656,383.3176574707031,373.7022705078125,379.93560791015625,12811242092.0,11495.0380859375,11799.0927734375,11408.2900390625,11742.037109375,23860769928
2020-10-20,2.0581018924713135,2.0978610515594482,1.8541539907455444,1.8886719942092896,13129043.0,379.7196960449219,380.7610168457031,367.60107421875,369.13690185546875,13741586582.0,11745.974609375,11999.91796875,11681.48046875,11916.3349609375,30915821592
2020-10-21,1.8886120319366455,2.0662059783935547,1.8612350225448608,1.8903779983520508,19275509.0,369.0594177246094,400.62725830078125,368.72796630859375,392.1899719238281,20241324322.0,11913.0771484375,13184.56640625,11900.9287109375,12823.689453125,43414712626
2020-10-22,1.8903720378875732,2.0824339389801025,1.8898169994354248,1.9556529521942139,11445663.0,391.4886169433594,420.14166259765625,391.27630615234375,413.7729797363281,15772846485.0,12801.6357421875,13161.59375,12717.09375,12965.8916015625,34729759598
2020-10-23,1.9570679664611816,1.9847710132598877,1.853309988975525,1.960034966468811,11497445.0,414.05133056640625,418.9599304199219,403.08203125,409.7666931152344,14256222052.0,12971.548828125,13015.9619140625,12752.6474609375,12931.5390625,28974975003
2020-10-24,1.960034966468811,1.961650013923645,1.8823440074920654,1.9118280410766602,7581827.0,409.7672424316406,416.59967041015625,407.8517150878906,412.4576110839844,12201739194.0,12931.57421875,13145.06640625,12885.7470703125,13108.0625,24542317940
2020-10-25,1.9118280410766602,1.922942042350769,1.7686439752578735,1.7874590158462524,9092334.0,412.4576416015625,417.1592102050781,405.35064697265625,406.2177734375,10890207469.0,13108.0634765625,13329.18359375,12910.0615234375,13031.173828125,24406920575
2020-10-26,1.7874590158462524,1.8629900217056274,1.6293649673461914,1.6854660511016846,13396736.0,406.2179870605469,411.2798767089844,383.78289794921875,393.8883056640625,15155684229.0,13031.201171875,13225.2978515625,12822.3828125,13075.248046875,29461458313
2020-10-27,1.6854660511016846,1.7454030513763428,1.605286955833435,1.7102320194244385,14384427.0,393.88818359375,409.7728576660156,390.60845947265625,403.9970397949219,13940434102.0,13075.2421875,13759.6689453125,13060.837890625,13654.21875,33749878156
2020-10-28,1.7102320194244385,1.719027042388916,1.3945720195770264,1.4900530576705933,17089719.0,403.9971008300781,408.9647521972656,381.1463317871094,388.6507568359375,15276441134.0,13654.21484375,13837.6953125,12932.2509765625,13271.28515625,35867318895
2020-10-29,1.4900530576705933,1.5668920278549194,1.4124259948730469,1.4289360046386719,8024138.0,388.65106201171875,393.2276916503906,381.28875732421875,386.7301025390625,12920477749.0,13271.298828125,13612.0478515625,12980.0595703125,13437.8828125,56499499598
2020-10-30,1.4289360046386719,1.4673190116882324,1.3422130346298218,1.4413360357284546,8528336.0,386.7302551269531,391.4647216796875,375.0924072265625,382.8199768066406,13688056970.0,13437.8740234375,13651.5166015625,13136.1982421875,13546.5224609375,30581485201
2020-10-31,1.4413360357284546,1.54932701587677,1.429893970489502,1.5406999588012695,6449388.0,382.8200378417969,393.0101318359375,381.2952575683594,386.59033203125,11276963426.0,13546.5322265625,14028.2138671875,13457.5302734375,13780.9951171875,30306464719
2020-11-01,1.5406999588012695,1.6379029750823975,1.5135430097579956,1.5998400449752808,6877557.0,386.59033203125,397.1161193847656,385.16552734375,396.3581848144531,10475146018.0,13780.9951171875,13862.033203125,13628.3779296875,13737.109375,24453857900
2020-11-02,1.5998400449752808,1.63018000125885,1.4676949977874756,1.474071979522705,6366346.0,396.3559875488281,403.2407531738281,381.01763916015625,383.15673828125,13997574252.0,13737.0322265625,13808.3232421875,13243.16015625,13550.4892578125,30771455468
2020-11-03,1.474071979522705,1.4805010557174683,1.4121860265731812,1.4122339487075806,6536977.0,383.1560363769531,389.515380859375,371.312744140625,387.6021728515625,12588494762.0,13550.451171875,13984.9814453125,13325.44140625,13950.30078125,29869951617
2020-11-04,1.4122339487075806,1.4128979444503784,1.2818679809570312,1.3922549486160278,11406316.0,387.60321044921875,407.6656494140625,377.8276062011719,402.1419982910156,15126077675.0,13950.48828125,14218.7666015625,13580.4716796875,14133.70703125,35116364962
2020-11-05,1.3922549486160278,1.4861700534820557,1.3038250207901,1.4052180051803589,8924132.0,402.1429443359375,417.52593994140625,397.2458190917969,414.0673522949219,15440711038.0,14133.7333984375,15706.404296875,14102.0888671875,15579.8486328125,40856321439
2020-11-06,1.4052180051803589,1.9407069683074951,1.4000109434127808,1.9137400388717651,22547497.0,414.06671142578125,456.20062255859375,412.9822998046875,454.71929931640625,16738305610.0,15579.7294921875,15903.4375,15226.83984375,15565.880859375,39837841971
2020-11-07,1.9137400388717651,2.4813690185546875,1.8448309898376465,2.031964063644409,51426100.0,454.7225646972656,465.67547607421875,428.45635986328125,435.713134765625,18873289788.0,15565.880859375,15737.095703125,14423.203125,14833.75390625,35024953706
2020-11-08,2.031964063644409,2.2647790908813477,1.9744019508361816,2.1565980911254883,25931043.0,435.71881103515625,457.78045654296875,433.1537780761719,453.5547790527344,11292383601.0,14833.75390625,15637.3203125,14744.1103515625,15479.5673828125,26632075029
2020-11-09,2.1565980911254883,2.1893129348754883,1.958752989768982,2.0286519527435303,18210626.0,453.57415771484375,457.349609375,435.16387939453125,444.1630554199219,13704320630.0,15479.595703125,15785.13671875,14865.529296875,15332.3154296875,34149115566
2020-11-10,2.0286519527435303,2.307987928390503,2.0123209953308105,2.2479870319366455,16170833.0,444.1663818359375,453.75836181640625,439.6001281738281,449.67962646484375,12090381666.0,15332.3505859375,15450.3291015625,15124.9599609375,15290.90234375,25574938143
2020-11-11,2.2479870319366455,2.2841410636901855,1.9741649627685547,2.0021250247955322,13877949.0,449.6796569824219,473.578857421875,449.5249328613281,462.9605407714844,14075403511.0,15290.9091796875,15916.2607421875,15290.0068359375,15701.33984375,29772374934
2020-11-12,2.0021250247955322,2.050297975540161,1.8317279815673828,1.8991379737854004,11506048.0,462.95953369140625,467.6778259277344,452.0724182128906,461.0052795410156,12877327234.0,15701.298828125,16305.00390625,15534.771484375,16276.34375,34175758344
2020-11-13,1.8991379737854004,2.0611159801483154,1.8991379737854004,2.020792007446289,11621744.0,461.0054931640625,475.2172546386719,457.2982482910156,474.6264343261719,13191505725.0,16276.4404296875,16463.177734375,15992.15234375,16317.80859375,31599492172
2020-11-14,2.020792007446289,2.0334908962249756,1.8752789497375488,1.9170160293579102,8134593.0,474.6264343261719,475.16143798828125,452.986083984375,460.14984130859375,10312037942.0,16317.80859375,16317.80859375,15749.193359375,16068.138671875,27481710135
2020-11-15,1.9170160293579102,2.209059000015259,1.9168479442596436,2.04323410987854,18621333.0,460.14990234375,460.99407958984375,440.25433349609375,447.55908203125,10308617165.0,16068.1396484375,16123.1103515625,15793.5341796875,15955.587890625,23653867583
2020-11-16,2.04323410987854,2.36021089553833,1.9948530197143555,2.255354881286621,22156135.0,447.5589904785156,463.8310241699219,445.5016174316406,459.9403076171875,11441239444.0,15955.5771484375,16816.181640625,15880.7060546875,16716.111328125,31526766675
2020-11-17,2.2810800075531006,2.318186044692993,2.1325900554656982,2.202181100845337,17074175.0,464.4066467285156,482.2322082519531,460.776611328125,480.3600769042969,14593057877.0,16685.69140625,17782.919921875,16564.544921875,17645.40625,39006849170
2020-11-18,2.202181100845337,2.2059218883514404,2.012692928314209,2.1150290966033936,14629648.0,480.3468322753906,491.9999084472656,465.8309631347656,479.48406982421875,17880199224.0,17645.19140625,18393.94921875,17352.90625,17804.005859375,49064800278
2020-11-19,2.1150290966033936,2.1750218868255615,2.0181660652160645,2.0767691135406494,10155987.0,479.48101806640625,480.1217346191406,465.7042541503906,471.63043212890625,12473929218.0,17803.861328125,18119.546875,17382.5546875,17817.08984375,36985055355
2020-11-20,2.0767691135406494,2.230391025543213,2.056972026824951,2.0953919887542725,11113990.0,471.6314697265625,513.6103515625,471.6314697265625,509.74456787109375,18629943296.0,17817.083984375,18773.2265625,17765.794921875,18621.314453125,36992873940
2020-11-21,2.0953919887542725,2.4988279342651367,2.0485239028930664,2.382205009460449,20288343.0,509.7445983886719,550.2274169921875,504.2377624511719,549.4866333007812,20757099184.0,18621.31640625,18936.62109375,18444.359375,18642.232421875,39650210707
2020-11-22,2.382205009460449,2.4038209915161133,2.0539379119873047,2.1448450088500977,16416065.0,549.4866333007812,579.3724975585938,514.5172119140625,558.068115234375,21967049601.0,18642.232421875,18688.96875,17671.384765625,18370.001953125,41280434226
2020-11-23,2.1448450088500977,2.3515989780426025,2.1203150749206543,2.276376962661743,15487339.0,558.0595092773438,609.9876098632812,551.2652587890625,608.4540405273438,27272302872.0,18370.017578125,18711.42578125,18000.796875,18364.12109375,42741112308
2020-11-24,2.2772409915924072,2.466383934020996,2.1437950134277344,2.2679669857025146,25036626.0,608.5227661132812,621.1734008789062,593.8351440429688,603.8977661132812,23281758100.0,18365.015625,19348.271484375,18128.65625,19107.46484375,51469565009
2020-11-25,2.2694849967956543,2.4775869846343994,2.182776927947998,2.270034074783325,24870951.0,603.9020385742188,605.0941772460938,559.67138671875,570.6866455078125,20088492893.0,19104.41015625,19390.96484375,18581.146484375,18732.12109375,43710357371
2020-11-26,2.2665340900421143,2.2917020320892334,1.7414929866790771,1.9030369520187378,33038223.0,570.514892578125,575.6414794921875,485.497314453125,518.8011474609375,31104004592.0,18729.83984375,18866.28515625,16351.03515625,17150.623046875,61396835737
2020-11-27,1.9033349752426147,1.9706530570983887,1.7803629636764526,1.8579490184783936,13307808.0,519.1080932617188,530.7771606445312,497.24261474609375,517.4937133789062,16831105703.0,17153.9140625,17445.0234375,16526.423828125,17108.40234375,38886494645
2020-11-28,1.8598250150680542,1.939715027809143,1.8107099533081055,1.8889349699020386,11661883.0,517.5973510742188,548.0448608398438,508.1253662109375,538.2297973632812,14770243833.0,17112.93359375,17853.939453125,16910.65234375,17717.4140625,32601040734
2020-11-29,1.8879129886627197,1.9438849687576294,1.8572269678115845,1.915155053138733,6139511.0,538.2645874023438,576.6024169921875,531.987548828125,575.758056640625,15017517758.0,17719.634765625,18283.62890625,17559.1171875,18177.484375,31133957704
2020-11-30,1.9151420593261719,2.0135910511016846,1.911929965019226,1.9668910503387451,8716571.0,575.757080078125,615.2405395507812,571.5377807617188,614.842529296875,20276867833.0,18178.322265625,19749.263671875,18178.322265625,19625.8359375,47728480399
2020-12-01,1.9683209657669067,2.130341053009033,1.932263970375061,1.976307988166809,12847022.0,615.0703125,635.1605834960938,571.7539672851562,587.3241577148438,27178964465.0,19633.76953125,19845.974609375,18321.921875,18802.998046875,49633658712
2020-12-02,1.9772659540176392,2.187437057495117,1.9566999673843384,2.115401029586792,15849828.0,587.2615966796875,604.0224609375,578.7410278320312,598.3523559570312,16883292129.0,18801.744140625,19308.330078125,18347.71875,19201.091796875,37387697139
2020-12-03,2.117116928100586,2.2213099002838135,2.0850300788879395,2.1003708839416504,18106122.0,598.459228515625,622.4526977539062,588.3463745117188,616.708740234375,16146190946.0,19205.92578125,19566.19140625,18925.78515625,19445.3984375,31930317405
2020-12-04,2.098602056503296,2.1120710372924805,1.847344994544983,1.8559529781341553,9019864.0,616.7227783203125,618.983154296875,569.2835083007812,569.3541870117188,16337589997.0,19446.966796875,19511.404296875,18697.193359375,18699.765625,33872388058
2020-12-05,1.8559679985046387,1.9807219505310059,1.8254940509796143,1.9787739515304565,7750781.0,569.34765625,596.595458984375,563.1066284179688,596.595458984375,13498010566.0,18698.384765625,19160.44921875,18590.193359375,19154.23046875,27242455064
2020-12-06,1.9786579608917236,1.9838980436325073,1.8158539533615112,1.8542490005493164,7167230.0,596.5686645507812,606.7919311523438,584.4117431640625,601.9089965820312,11290893016.0,19154.1796875,19390.5,18897.89453125,19345.12109375,25293775714
2020-12-07,1.8534510135650635,1.8956880569458008,1.8094849586486816,1.8311729431152344,6425070.0,601.797119140625,602.9179077148438,585.4286499023438,591.8433837890625,10720480962.0,19343.12890625,19411.828125,18931.142578125,19191.630859375,26896357742
2020-12-08,1.8312220573425293,1.8315809965133667,1.6451059579849243,1.6653519868850708,11304051.0,591.9008178710938,594.7515869140625,552.46923828125,554.8277587890625,14398919320.0,19191.529296875,19283.478515625,18269.9453125,18321.14453125,31692288756
2020-12-09,1.6646219491958618,1.6742769479751587,1.5036760568618774,1.6623040437698364,10461119.0,554.7929077148438,577.2883911132812,532.9984130859375,573.4791259765625,15855915840.0,18320.884765625,18626.29296875,17935.546875,18553.916015625,34420373071
2020-12-10,1.6624139547348022,1.6651350259780884,1.545240044593811,1.5741510391235352,6167983.0,573.5040283203125,574.6001586914062,549.7840576171875,559.6785278320312,11672582040.0,18553.298828125,18553.298828125,17957.064453125,18264.9921875,25547132265
2020-12-11,1.5723659992218018,1.5767090320587158,1.4406019449234009,1.4445849657058716,8273918.0,559.67919921875,560.376708984375,537.8116455078125,545.79736328125,11098819124.0,18263.9296875,18268.453125,17619.533203125,18058.904296875,27919640985
2020-12-12,1.4415899515151978,1.5374289751052856,1.4407060146331787,1.4909119606018066,7085231.0,545.5785522460938,573.3394165039062,545.24560546875,568.5673217773438,8534557897.0,18051.3203125,18919.55078125,18046.041015625,18803.65625,21752580802
2020-12-13,1.4907150268554688,1.642915964126587,1.458117961883545,1.5654560327529907,8389349.0,568.60986328125,593.78125,564.5659790039062,589.6632080078125,9070377862.0,18806.765625,19381.53515625,18734.33203125,19142.3828125,25450468637
2020-12-14,1.5679680109024048,1.6228690147399902,1.5236979722976685,1.5916459560394287,8672052.0,589.782470703125,590.4929809570312,577.118408203125,586.0111694335938,8125837102.0,19144.4921875,19305.099609375,19012.708984375,19246.64453125,22473997681
2020-12-15,1.5910300016403198,1.7994129657745361,1.5892629623413086,1.7606710195541382,19470080.0,586.0217895507812,596.2477416992188,580.6287841796875,589.3555908203125,9326645840.0,19246.919921875,19525.0078125,19079.841796875,19417.076171875,26741982541
2020-12-16,1.76009202003479,1.7875839471817017,1.610018014907837,1.7835979461669922,18277631.0,589.378662109375,636.6403198242188,582.0391235351562,636.1818237304688,15817248373.0,19418.818359375,21458.908203125,19298.31640625,21310.59765625,44409011479
2020-12-17,1.783892035484314,1.8031200170516968,1.6552170515060425,1.6786340475082397,15461477.0,636.1541748046875,673.834228515625,628.7493896484375,642.8689575195312,25479532147.0,21308.3515625,23642.66015625,21234.67578125,22805.162109375,71378606374
2020-12-18,1.6790239810943604,1.706326961517334,1.6369869709014893,1.698799967765808,7879397.0,642.9169921875,662.6990966796875,632.3560791015625,654.8119506835938,15756303983.0,22806.796875,23238.6015625,22399.8125,23137.9609375,40387896275
2020-12-19,1.699267029762268,1.7642539739608765,1.6642630100250244,1.6686509847640991,9095045.0,654.6242065429688,668.7695922851562,646.6162109375,659.2979125976562,12830893778.0,23132.865234375,24085.85546875,22826.47265625,23869.83203125,38487546580
2020-12-20,1.670714020729065,1.6844300031661987,1.5277140140533447,1.5635759830474854,9093229.0,659.18505859375,659.9237060546875,625.0144653320312,638.2908325195312,13375855442.0,23861.765625,24209.66015625,23147.7109375,23477.294921875,37844228422
2020-12-21,1.5637749433517456,1.61832594871521,1.4951510429382324,1.5419150590896606,8333991.0,638.315185546875,646.8465576171875,600.8360595703125,609.81787109375,14419493621.0,23474.455078125,24059.982421875,22159.3671875,22803.08203125,45852713981
2020-12-22,1.5396089553833008,1.574079990386963,1.4744850397109985,1.4902859926223755,11066565.0,609.4205322265625,635.0765991210938,589.552001953125,634.8541870117188,14745890080.0,22794.0390625,23789.90234375,22430.60546875,23783.029296875,44171632681
2020-12-23,1.4902199506759644,1.5105849504470825,1.0901609659194946,1.2056920528411865,16776307.0,634.8245849609375,637.122802734375,560.3642578125,583.714599609375,15261413038.0,23781.974609375,24024.490234375,22802.646484375,23241.345703125,51146161904
2020-12-24,1.207705020904541,1.3836679458618164,1.1730070114135742,1.3624080419540405,9236939.0,584.1356201171875,613.815185546875,568.5963745117188,611.607177734375,14317413703.0,23240.203125,23768.337890625,22777.59765625,23735.94921875,41080759713
2020-12-25,1.3614959716796875,1.4529240131378174,1.3472360372543335,1.445402979850769,9359549.0,611.5545654296875,633.0614013671875,605.4244384765625,626.4107055664062,13520927700.0,23733.5703125,24710.1015625,23463.673828125,24664.791015625,42068395846
2020-12-26,1.4460140466690063,1.4475170373916626,1.313423991203308,1.3242379426956177,6798656.0,626.498046875,650.721435546875,617.402099609375,635.8358154296875,14761125202.0,24677.015625,26718.0703125,24522.689453125,26437.037109375,48332647295
2020-12-27,1.3250739574432373,1.4087450504302979,1.2682499885559082,1.3030420541763306,12286531.0,635.8871459960938,711.3935546875,628.3349609375,682.642333984375,26093552821.0,26439.373046875,28288.83984375,25922.76953125,26272.294921875,66479895605
2020-12-28,1.3039929866790771,1.5170379877090454,1.294348955154419,1.515684962272644,12668150.0,683.205810546875,745.8777465820312,683.205810546875,730.3973388671875,24222565862.0,26280.822265625,27389.111328125,26207.640625,27084.80859375,49056742893
2020-12-29,1.515462040901184,1.7275819778442383,1.4397200345993042,1.6743450164794922,26355259.0,730.3587036132812,737.952880859375,692.1494140625,731.5201416015625,18710683199.0,27081.810546875,27370.720703125,25987.298828125,27362.4375,45265946774
2020-12-30,1.669693946838379,1.6807910203933716,1.5298329591751099,1.5354570150375366,12663616.0,731.4728393554688,754.30322265625,720.9888916015625,751.6189575195312,17294574210.0,27360.08984375,28937.740234375,27360.08984375,28840.953125,51287442704
2020-12-31,1.535606026649475,1.5506099462509155,1.4302630424499512,1.5108979940414429,12763260.0,751.6266479492188,754.2994384765625,726.5119018554688,737.8034057617188,13926846861.0,28841.57421875,29244.876953125,28201.9921875,29001.720703125,46754964848
2021-01-01,1.5097750425338745,1.8596559762954712,1.5020380020141602,1.8420840501785278,25722549.0,737.7083740234375,749.2018432617188,719.792236328125,730.3675537109375,13652004358.0,28994.009765625,29600.626953125,28803.5859375,29374.15234375,40730301359
2021-01-02,1.8455859422683716,1.9892950057983398,1.7214820384979248,1.7992750406265259,31671064.0,730.4026489257812,786.7984619140625,718.1094970703125,774.5349731445312,19740771179.0,29376.455078125,33155.1171875,29091.181640625,32127.267578125,67865420765
2021-01-03,1.7999019622802734,2.364980936050415,1.7999019622802734,2.1617519855499268,55073422.0,774.5118408203125,1006.5650024414062,771.5616455078125,975.5076904296875,45200463368.0,32129.408203125,34608.55859375,32052.31640625,32782.0234375,78665235202
2021-01-04,2.16241192817688,2.4850969314575195,1.8763420581817627,2.4850969314575195,59955405.0,977.058837890625,1153.189208984375,912.3053588867188,1040.2330322265625,56945985763.0,32810.94921875,33440.21875,28722.755859375,31971.9140625,81163475344
2021-01-05,2.4909820556640625,2.5026159286499023,2.077742099761963,2.157217025756836,50555207.0,1041.498779296875,1129.3714599609375,986.811279296875,1100.006103515625,41535932781.0,31977.041015625,34437.58984375,30221.1875,33992.4296875,67547324782
2021-01-06,2.159626007080078,2.185892105102539,1.9075850248336792,1.929216980934143,50263975.0,1101.0050048828125,1209.4285888671875,1064.2333984375,1207.1121826171875,44699914188.0,34013.61328125,36879.69921875,33514.03515625,36824.36328125,75289433811
2021-01-07,1.9365860223770142,2.611830949783325,1.9330430030822754,2.3727450370788574,159870278.0,1208.078369140625,1282.57958984375,1167.443115234375,1225.6781005859375,40468027280.0,36833.875,40180.3671875,36491.19140625,39371.04296875,84762141031
2021-01-08,2.3687400817871094,3.779320001602173,2.180928945541382,3.2198870182037354,206412154.0,1225.9678955078125,1273.8275146484375,1076.08154296875,1224.1971435546875,44334826666.0,39381.765625,41946.73828125,36838.63671875,40797.609375,88107519480
2021-01-09,3.223541021347046,3.662787914276123,2.938307046890259,3.3853819370269775,91906875.0,1223.740478515625,1303.871826171875,1182.2703857421875,1281.0772705078125,33233105361.0,40788.640625,41436.3515625,38980.875,40254.546875,61984162837
2021-01-10,3.390026092529297,3.733551025390625,3.196234941482544,3.466110944747925,62766977.0,1280.87109375,1347.9261474609375,1194.715576171875,1262.2467041015625,40616938053.0,40254.21875,41420.19140625,35984.62890625,38356.44140625,79980747690
2021-01-11,3.4610650539398193,3.51357102394104,2.5971240997314453,3.1080899238586426,82877500.0,1261.6229248046875,1261.6229248046875,924.922607421875,1090.1453857421875,60733630300.0,38346.53125,38346.53125,30549.599609375,35566.65625,123320567399
2021-01-12,3.1036880016326904,3.8444159030914307,3.0800349712371826,3.6133980751037598,73484689.0,1088.5267333984375,1149.240234375,1012.76416015625,1043.4345703125,37494601692.0,35516.359375,36568.52734375,32697.9765625,33922.9609375,74773277909
2021-01-13,3.628382921218872,3.6288249492645264,3.27492094039917,3.513782024383545,57994893.0,1043.740966796875,1134.3385009765625,994.549072265625,1130.7393798828125,30109792795.0,33915.12109375,37599.9609375,32584.66796875,37316.359375,69364315979
2021-01-14,3.516036033630371,3.5428659915924072,3.181973934173584,3.2781639099121094,59283112.0,1130.231201171875,1244.1630859375,1093.060791015625,1218.4530029296875,33410915929.0,37325.109375,39966.40625,36868.5625,39187.328125,63615990033
2021-01-15,3.2803990840911865,3.4359219074249268,2.9851911067962646,3.2501609325408936,45331739.0,1221.877197265625,1250.505859375,1090.7210693359375,1171.8345947265625,35972039310.0,39156.70703125,39577.7109375,34659.58984375,36825.3671875,67760757881
2021-01-16,3.248934030532837,3.7032320499420166,3.248934030532837,3.4470551013946533,68035606.0,1171.443115234375,1290.0535888671875,1157.623779296875,1233.53759765625,32319240157.0,36821.6484375,37864.3671875,35633.5546875,36178.140625,57706187875
2021-01-17,3.4348700046539307,3.965372085571289,3.3197460174560547,3.81813907623291,85407766.0,1233.453369140625,1265.6446533203125,1174.3885498046875,1230.1722412109375,29258032819.0,36163.6484375,36722.3515625,34069.3203125,35791.27734375,52359854336
2021-01-18,3.8221309185028076,4.14792013168335,3.6557610034942627,3.7955150604248047,70601713.0,1230.313232421875,1259.4500732421875,1187.31103515625,1257.279541015625,25817455560.0,35792.23828125,37299.28515625,34883.84375,36630.07421875,49511702429
2021-01-19,3.7920429706573486,4.031448841094971,3.609023094177246,3.6418659687042236,44547768.0,1257.4345703125,1432.300048828125,1254.52294921875,1377.2958984375,47195935190.0,36642.234375,37755.890625,36069.8046875,36069.8046875,57244195486
2021-01-20,3.63557505607605,3.7370030879974365,3.3440840244293213,3.7235779762268066,46698656.0,1375.2484130859375,1405.744140625,1243.2999267578125,1382.2740478515625,46784030909.0,36050.11328125,36378.328125,33570.4765625,35547.75,66834573161
2021-01-21,3.721669912338257,3.734325885772705,2.982696056365967,2.9905359745025635,43834765.0,1382.6844482421875,1382.6844482421875,1098.4761962890625,1121.5709228515625,45932464754.0,35549.3984375,35552.6796875,30250.75,30825.69921875,75643067688
2021-01-22,2.989919900894165,3.497145891189575,2.5409860610961914,3.346229076385498,63361382.0,1118.8890380859375,1271.6876220703125,1046.5965576171875,1236.51220703125,43918338506.0,30817.625,33811.8515625,28953.373046875,33005.76171875,77207272511
2021-01-23,3.3410348892211914,3.597301959991455,3.3157620429992676,3.5041120052337646,27904470.0,1235.2679443359375,1272.151123046875,1200.893310546875,1230.9906005859375,27253895441.0,32985.7578125,33360.9765625,31493.16015625,32067.642578125,48354737975
2021-01-24,3.507110118865967,3.7930490970611572,3.4894940853118896,3.634411096572876,32747555.0,1231.2105712890625,1395.111328125,1225.2740478515625,1391.609375,36418163554.0,32064.376953125,32944.0078125,31106.685546875,32289.37890625,48643830599
2021-01-25,3.6346449851989746,3.9743568897247314,3.4513099193573,3.6999809741973877,80055958.0,1390.639892578125,1467.784912109375,1304.9739990234375,1324.414794921875,43565777745.0,32285.798828125,34802.7421875,32087.787109375,32366.392578125,59897054838
2021-01-26,3.6989591121673584,4.096916198730469,3.6826319694519043,4.04734992980957,78823456.0,1323.74169921875,1376.0850830078125,1253.34033203125,1357.05810546875,41572917750.0,32358.61328125,32794.55078125,31030.265625,32569.849609375,60255421470
2021-01-27,4.048630237579346,4.048630237579346,3.531601905822754,3.690587043762207,35195110.0,1358.3333740234375,1368.0740966796875,1215.311279296875,1253.1871337890625,39394416990.0,32564.029296875,32564.029296875,29367.138671875,30432.546875,62576762015
2021-01-28,3.6863698959350586,3.943490982055664,3.6098809242248535,3.8220720291137695,31410527.0,1251.27978515625,1356.2886962890625,1226.1739501953125,1332.4921875,34637234789.0,30441.041015625,33858.3125,30023.20703125,33466.09765625,76517157706
2021-01-29,3.8615810871124268,3.89260196685791,3.639385938644409,3.8346760272979736,44053151.0,1369.0867919921875,1428.981201171875,1292.2401123046875,1382.5228271484375,53611955259.0,34318.671875,38406.26171875,32064.814453125,34316.38671875,117894572511
2021-01-30,3.837682008743286,4.311975955963135,3.774104118347168,4.224276065826416,53378198.0,1382.23193359375,1402.3997802734375,1328.529052734375,1376.115478515625,30616574234.0,34295.93359375,34834.70703125,32940.1875,34269.5234375,65141828798
2021-01-31,4.237314224243164,4.787010192871094,4.170497894287109,4.264143943786621,78376267.0,1376.8236083984375,1378.916015625,1288.5015869140625,1314.9862060546875,25198853581.0,34270.87890625,34288.33203125,32270.17578125,33114.359375,52754542671
2021-02-01,4.261250972747803,4.611601829528809,4.118255138397217,4.611601829528809,39361629.0,1314.855224609375,1373.8458251953125,1274.3577880859375,1369.04052734375,29210670920.0,33114.578125,34638.21484375,32384.228515625,33537.17578125,61400400660
2021-02-02,4.613740921020508,5.403642177581787,4.480119228363037,5.267508029937744,98755962.0,1369.505126953125,1542.990966796875,1362.771240234375,1515.1937255859375,45437142801.0,33533.19921875,35896.8828125,33489.21875,35510.2890625,63088585433
2021-02-03,5.246592044830322,5.780780792236328,5.072738170623779,5.71599006652832,49386327.0,1514.7696533203125,1660.9095458984375,1510.01025390625,1660.9095458984375,41874566399.0,35510.8203125,37480.1875,35443.984375,37472.08984375,61166818159
2021-02-04,5.731748104095459,6.53101110458374,5.603236198425293,6.426064968109131,108249482.0,1661.170166015625,1689.1866455078125,1561.853515625,1594.7626953125,44396871836.0,37475.10546875,38592.17578125,36317.5,36926.06640625,68838074392
2021-02-05,6.435369968414307,7.127117156982422,6.426446914672852,6.681719779968262,92892157.0,1594.7933349609375,1756.510986328125,1594.7933349609375,1718.65087890625,40108628454.0,36931.546875,38225.90625,36658.76171875,38144.30859375,58598066402
2021-02-06,6.687301158905029,6.799130916595459,5.713828086853027,6.110806941986084,102365494.0,1717.7974853515625,1738.314453125,1649.0687255859375,1677.8468017578125,39873420648.0,38138.38671875,40846.546875,38138.38671875,39266.01171875,71326033653
2021-02-07,6.117644786834717,6.871513843536377,5.76859188079834,6.700462818145752,105451103.0,1677.605712890625,1690.03662109375,1501.750244140625,1614.227783203125,39889440151.0,39250.19140625,39621.8359375,37446.15234375,38903.44140625,65500641143
2021-02-08,6.702446937561035,8.055932998657227,6.488927841186523,7.8832502365112305,155254261.0,1613.6422119140625,1770.5908203125,1571.5799560546875,1746.6168212890625,48012285956.0,38886.828125,46203.9296875,38076.32421875,46196.46484375,101467222687
2021-02-09,7.869794845581055,8.46778392791748,7.570215225219727,7.816792964935303,121037873.0,1746.9261474609375,1815.963623046875,1711.62060546875,1768.0350341796875,44180727529.0,46184.9921875,48003.72265625,45166.9609375,46481.10546875,91809846886
2021-02-10,7.818552017211914,9.072604179382324,7.613846778869629,9.072214126586914,120679902.0,1768.039794921875,1826.69677734375,1686.5423583984375,1744.243408203125,41916084617.0,46469.76171875,47145.56640625,43881.15234375,44918.18359375,87301089896
2021-02-11,9.08035659790039,9.707003593444824,8.761316299438477,9.215352058410645,53600048.0,1743.7142333984375,1806.5390625,1708.67919921875,1783.7979736328125,36021495262.0,44898.7109375,48463.46875,44187.76171875,47909.33203125,81388911810
2021-02-12,9.214790344238281,9.92445182800293,9.079011917114258,9.2470121383667,91484664.0,1783.4891357421875,1861.35693359375,1744.1689453125,1843.5325927734375,37905036865.0,47877.03515625,48745.734375,46424.9765625,47504.8515625,76555041196
2021-02-13,9.23603343963623,9.499038696289062,8.683009147644043,8.732455253601074,91417968.0,1843.98681640625,1871.603515625,1770.612060546875,1814.10986328125,35359490535.0,47491.203125,48047.74609375,46392.28125,47105.515625,70250456155
2021-02-14,8.742988586425781,9.22029972076416,8.559715270996094,8.738896369934082,93500423.0,1814.372314453125,1848.154052734375,1789.9141845703125,1805.0841064453125,31439114900.0,47114.5078125,49487.640625,47114.5078125,48717.2890625,71248675228
2021-02-15,8.724266052246094,9.310638427734375,7.840470790863037,8.861739158630371,109854635.0,1804.6767578125,1833.83056640625,1683.9066162109375,1779.791015625,38955610883.0,48696.53515625,48875.5703125,46347.4765625,47945.05859375,77069903166
2021-02-16,8.860748291015625,8.980367660522461,7.983557224273682,8.297866821289062,71625205.0,1778.945556640625,1824.5186767578125,1729.6419677734375,1781.0675048828125,34269369268.0,47944.45703125,50341.1015625,47201.3046875,49199.87109375,77049582886
2021-02-17,8.298688888549805,8.433298110961914,7.544398784637451,8.222577095031738,89948578.0,1781.35009765625,1853.6676025390625,1736.705810546875,1848.458251953125,35955412703.0,49207.27734375,52533.9140625,49072.37890625,52149.0078125,80820545404
2021-02-18,8.232871055603027,9.2791748046875,8.232871055603027,8.980451583862305,77306770.0,1848.206298828125,1949.9034423828125,1848.206298828125,1937.44921875,28255902969.0,52140.97265625,52474.10546875,51015.765625,51679.796875,52054723579
2021-02-19,8.97996997833252,11.680577278137207,8.556981086730957,11.465653419494629,261175711.0,1938.85986328125,1969.5469970703125,1896.6844482421875,1960.164794921875,26268814253.0,51675.98046875,56113.65234375,50937.27734375,55888.1328125,63495496918
2021-02-20,11.478087425231934,11.786737442016602,9.8158540725708,10.002663612365723,140264810.0,1959.9029541015625,2036.2864990234375,1830.531494140625,1919.5340576171875,34696091102.0,55887.3359375,57505.2265625,54626.55859375,56099.51953125,68145460026
2021-02-21,9.987549781799316,11.640289306640625,9.887046813964844,11.0855131149292,137742366.0,1918.673095703125,1974.2596435546875,1890.3681640625,1935.60107421875,23626547717.0,56068.56640625,58330.5703125,55672.609375,57539.9453125,51897585191
2021-02-22,11.073036193847656,14.54564094543457,9.255904197692871,14.454785346984863,574136241.0,1935.557861328125,1936.4537353515625,1580.6265869140625,1781.992919921875,42409646036.0,57532.73828125,57533.390625,48967.56640625,54207.3203125,92052420332
2021-02-23,14.421626091003418,15.74337100982666,11.599893569946289,15.2015380859375,485252846.0,1781.4090576171875,1781.4090576171875,1378.8409423828125,1570.2039794921875,52029864713.0,54204.9296875,54204.9296875,45290.58984375,48824.42578125,106102492824
2021-02-24,15.213842391967773,18.146621704101562,14.861799240112305,17.30270767211914,375439707.0,1571.4764404296875,1710.9837646484375,1511.0189208984375,1626.57568359375,31329000537.0,48835.0859375,51290.13671875,47213.5,49705.33203125,63695521388
2021-02-25,17.230182647705078,17.695444107055664,13.795912742614746,13.816014289855957,364505276.0,1625.3939208984375,1670.22412109375,1465.0589599609375,1475.7037353515625,24481681873.0,49709.08203125,51948.96875,47093.8515625,47093.8515625,54506565949
2021-02-26,13.865891456604004,15.483704566955566,13.12014102935791,13.58794116973877,289687328.0,1478.6533203125,1559.0289306640625,1407.979248046875,1446.03369140625,31435997881.0,47180.46484375,48370.78515625,44454.84375,46339.76171875,350967941479
2021-02-27,13.601573944091797,14.612065315246582,13.057272911071777,13.201168060302734,247640940.0,1446.929443359375,1524.932373046875,1433.7869873046875,1459.97314453125,20742103233.0,46344.7734375,48253.26953125,45269.02734375,46188.453125,45910946382
2021-02-28,13.20776653289795,13.77901554107666,11.489982604980469,13.08924674987793,300493226.0,1459.8604736328125,1468.3914794921875,1300.47216796875,1416.0489501953125,27637026080.0,46194.015625,46716.4296875,43241.6171875,45137.76953125,53443887451
2021-03-01,13.108434677124023,15.516057014465332,13.057385444641113,14.955588340759277,306451693.0,1417.151123046875,1567.694580078125,1416.4161376953125,1564.7076416015625,24032838645.0,45159.50390625,49784.015625,45115.09375,49631.2421875,53891300112
2021-03-02,14.96684455871582,15.224124908447266,13.460748672485352,13.958921432495117,178549852.0,1564.0634765625,1597.610107421875,1461.325439453125,1492.6087646484375,22523669722.0,49612.10546875,50127.51171875,47228.84375,48378.98828125,47530897720
2021-03-03,13.963540077209473,14.729358673095703,13.767048835754395,14.115591049194336,153830742.0,1491.451171875,1650.360595703125,1481.90576171875,1575.8531494140625,22674780680.0,48415.81640625,52535.13671875,48274.3203125,50538.2421875,53220811975
2021-03-04,14.094866752624512,14.260360717773438,12.771269798278809,13.097983360290527,116364466.0,1574.623779296875,1622.953857421875,1511.1033935546875,1541.914306640625,22906118718.0,50522.3046875,51735.08984375,47656.9296875,48561.16796875,52343816680
2021-03-05,13.066306114196777,13.079861640930176,12.184608459472656,12.610443115234375,90978408.0,1541.541748046875,1547.878173828125,1450.891357421875,1533.2750244140625,21067146937.0,48527.03125,49396.4296875,46542.515625,48927.3046875,48625928883
2021-03-06,12.569936752319336,13.27048110961914,11.901227951049805,13.036458015441895,118851546.0,1532.372802734375,1669.1065673828125,1519.14111328125,1654.7415771484375,22746262366.0,48899.23046875,49147.21875,47257.52734375,48912.3828125,34363564661
2021-03-07,13.043927192687988,13.996903419494629,12.726385116577148,13.877732276916504,117548176.0,1655.3924560546875,1730.9241943359375,1636.564453125,1723.15380859375,23809935410.0,48918.6796875,51384.3671875,48918.6796875,51206.69140625,43137459378
2021-03-08,13.826814651489258,13.87082576751709,13.08228874206543,13.602188110351562,115525659.0,1724.229248046875,1835.192138671875,1670.9420166015625,1834.7279052734375,27630991158.0,51174.1171875,52314.0703125,49506.0546875,52246.5234375,48597428048
2021-03-09,13.615290641784668,14.986444473266602,13.320186614990234,14.84631061553955,134867044.0,1835.1480712890625,1868.048828125,1804.266357421875,1868.048828125,23461244507.0,52272.96875,54824.1171875,51981.83203125,54824.1171875,50912227385
2021-03-10,14.850929260253906,15.18793773651123,14.07906436920166,14.231083869934082,103150901.0,1868.489013671875,1873.80322265625,1766.490478515625,1799.166259765625,25154173185.0,54824.01171875,57258.25390625,53290.890625,56008.55078125,57295577614
2021-03-11,14.219837188720703,16.239398956298828,13.704225540161133,15.992279052734375,229272516.0,1798.033935546875,1843.81884765625,1734.6170654296875,1826.1949462890625,24013132909.0,55963.1796875,58091.0625,54484.59375,57805.12109375,56772343595
2021-03-12,16.020919799804688,16.485795974731445,14.111228942871094,14.552142143249512,185287457.0,1826.5467529296875,1839.497314453125,1728.98095703125,1772.1024169921875,22435821312.0,57821.21875,57996.62109375,55376.6484375,57332.08984375,55689944702
2021-03-13,14.563802719116211,15.394397735595703,13.920056343078613,15.308802604675293,145102757.0,1772.1663818359375,1937.6455078125,1733.639892578125,1924.6854248046875,25014689475.0,57343.37109375,61683.86328125,56217.97265625,61243.0859375,60669829814
2021-03-14,15.301581382751465,15.349831581115723,14.378764152526855,14.50826644897461,90232804.0,1923.86376953125,1930.77978515625,1845.1199951171875,1854.5643310546875,19344589211.0,61221.1328125,61597.91796875,59302.31640625,59302.31640625,43901225564
2021-03-15,14.477127075195312,14.790472984313965,13.698057174682617,14.186661720275879,102600692.0,1854.086669921875,1889.1966552734375,1749.6063232421875,1791.7022705078125,26244738810.0,59267.4296875,60540.9921875,55393.1640625,55907.19921875,66419369890
2021-03-16,14.163911819458008,14.282896041870117,13.229814529418945,13.622773170471191,112303590.0,1792.413818359375,1817.0601806640625,1720.05322265625,1806.9718017578125,23828509590.0,55840.78515625,56833.1796875,53555.02734375,56804.90234375,59749798599
2021-03-17,13.634963989257812,14.266797065734863,13.130529403686523,14.220203399658203,94696339.0,1807.05615234375,1839.8189697265625,1749.179931640625,1823.4493408203125,24512917348.0,56825.828125,58969.81640625,54528.62890625,58870.89453125,60258313191
2021-03-18,14.210677146911621,14.745476722717285,13.82728385925293,14.230025291442871,79074263.0,1823.158447265625,1848.6461181640625,1705.716064453125,1782.8551025390625,23263845504.0,58893.078125,60116.25,54253.578125,57858.921875,55746041000
2021-03-19,14.232649803161621,14.488219261169434,13.93245792388916,14.204795837402344,68715211.0,1782.5687255859375,1841.196044921875,1746.473388671875,1817.6241455078125,21249297710.0,57850.44140625,59498.375,56643.703125,58346.65234375,49063873786
2021-03-20,14.195825576782227,14.978218078613281,14.152045249938965,14.211980819702148,68049683.0,1817.522705078125,1874.708984375,1811.7286376953125,1812.6346435546875,22677674970.0,58332.26171875,60031.28515625,58213.296875,58313.64453125,50361731222
2021-03-21,14.218328475952148,14.36572265625,13.668253898620605,14.332205772399902,64229338.0,1812.6065673828125,1823.35302734375,1764.1392822265625,1788.217041015625,22977404620.0,58309.9140625,58767.8984375,56005.6171875,57523.421875,51943414539
2021-03-22,14.3502779006958,16.599872589111328,14.202885627746582,14.919293403625488,260995136.0,1788.3621826171875,1811.96826171875,1674.2998046875,1691.333984375,23599296129.0,57517.890625,58471.48046875,54288.15625,54529.14453125,56521454974
2021-03-23,14.84861946105957,15.243708610534668,14.097057342529297,14.20483112335205,106780662.0,1690.871826171875,1725.1087646484375,1662.5399169921875,1678.650146484375,21998237965.0,54511.66015625,55985.44140625,53470.6953125,54738.9453125,56435023914
2021-03-24,14.190396308898926,15.371431350708008,13.661297798156738,13.661297798156738,118813690.0,1678.0025634765625,1740.42822265625,1570.7879638671875,1593.4134521484375,31228051473.0,54710.48828125,57262.3828125,52514.33203125,52774.265625,70567223787
2021-03-25,13.650586128234863,13.705249786376953,12.614725112915039,13.02508544921875,116277943.0,1593.123291015625,1625.9114990234375,1560.3704833984375,1595.3592529296875,29650328701.0,52726.74609375,53392.38671875,50856.5703125,51704.16015625,67999812841
2021-03-26,13.01952838897705,14.804293632507324,12.370457649230957,14.779420852661133,149987319.0,1595.2100830078125,1702.9228515625,1594.7366943359375,1702.842041015625,22548516548.0,51683.01171875,55137.3125,51579.85546875,55137.3125,56652197978
2021-03-27,14.786246299743652,16.80416488647461,14.75804615020752,16.50832176208496,223872587.0,1703.0361328125,1732.8243408203125,1674.3193359375,1716.49462890625,18102277710.0,55137.56640625,56568.21484375,54242.91015625,55973.51171875,47266542233
2021-03-28,16.47942352294922,19.386005401611328,16.345008850097656,18.016233444213867,426120062.0,1716.4056396484375,1728.5841064453125,1672.660400390625,1691.35595703125,16599472938.0,55974.94140625,56610.3125,55071.11328125,55950.74609375,47686580918
2021-03-29,18.083303451538086,18.987842559814453,17.700363159179688,18.854808807373047,216748601.0,1691.26318359375,1837.18798828125,1683.716552734375,1819.6849365234375,22796570548.0,55947.8984375,58342.09765625,55139.33984375,57750.19921875,57625587027
2021-03-30,18.891403198242188,20.869474411010742,18.891403198242188,19.233924865722656,264028427.0,1819.46630859375,1860.9747314453125,1793.92236328125,1846.03369140625,22512781703.0,57750.1328125,59447.22265625,57251.55078125,58917.69140625,54414116432
2021-03-31,19.1016845703125,19.795801162719727,18.1562557220459,19.465229034423828,206011018.0,1846.0982666015625,1947.8377685546875,1793.002197265625,1918.362060546875,30226902621.0,58930.27734375,59930.02734375,57726.41796875,58918.83203125,65520826225
2021-04-01,19.415681838989258,20.361539840698242,18.84424591064453,19.084901809692383,173731886.0,1919.1572265625,1989.0550537109375,1912.178466796875,1977.27685546875,30914259795.0,58926.5625,59586.0703125,58505.27734375,59095.80859375,61669163792
2021-04-02,19.084630966186523,19.824573516845703,18.568418502807617,19.810222625732422,131061660.0,1976.9327392578125,2152.451904296875,1960.6787109375,2143.2255859375,34862511022.0,59098.87890625,60267.1875,58869.28125,59384.3125,58727860620
2021-04-03,19.796451568603516,23.82718849182129,19.78944969177246,22.552276611328125,483057740.0,2142.89599609375,2144.96240234375,2028.4224853515625,2028.4224853515625,32011518871.0,59397.41015625,60110.26953125,57603.890625,57603.890625,59641344484
2021-04-04,22.52737045288086,25.56953239440918,22.212968826293945,24.061323165893555,426557980.0,2027.6712646484375,2110.353515625,2007.11181640625,2093.122802734375,26006501902.0,57604.83984375,58913.74609375,57168.67578125,58758.5546875,50749662970
2021-04-05,23.9288387298584,24.777637481689453,22.80645179748535,22.984283447265625,264085329.0,2093.2607421875,2140.9853515625,2032.3876953125,2107.88720703125,28889391170.0,58760.875,59891.296875,57694.82421875,59057.87890625,60706272115
2021-04-06,22.977840423583984,25.346525192260742,21.87661361694336,24.95714569091797,320886935.0,2109.4931640625,2151.223388671875,2057.609130859375,2118.37890625,29222865881.0,59171.93359375,59479.578125,57646.80859375,58192.359375,66058027988
2021-04-07,25.145559310913086,27.48761558532715,23.089359283447266,26.47808074951172,676846221.0,2117.728515625,2133.1875,1945.442138671875,1971.0772705078125,36116271935.0,58186.5078125,58731.14453125,55604.0234375,56048.9375,75645303584
2021-04-08,26.51459312438965,27.97001075744629,25.72493553161621,27.033987045288086,377988327.0,1969.1331787109375,2091.516357421875,1959.0794677734375,2088.57373046875,25312956529.0,56099.9140625,58338.73828125,55879.0859375,58323.953125,53053855641
2021-04-09,26.985803604125977,29.014734268188477,26.903825759887695,27.778274536132812,282477938.0,2088.772216796875,2102.873779296875,2055.163330078125,2072.10888671875,19812472092.0,58326.5625,58937.046875,57807.86328125,58245.00390625,46655208546
2021-04-10,27.64971160888672,28.257970809936523,25.963226318359375,26.84140396118164,270235258.0,2071.111572265625,2196.996337890625,2062.78759765625,2135.942138671875,24986243611.0,58253.77734375,61276.6640625,58038.70703125,59793.234375,58238470525
2021-04-11,26.80805015563965,28.687227249145508,25.578319549560547,27.9318904876709,232938762.0,2136.156982421875,2165.19140625,2119.86572265625,2157.656982421875,19692836132.0,59846.23046875,60790.5546875,59289.796875,60204.96484375,46280252580
2021-04-12,27.918367385864258,29.862302780151367,26.842742919921875,28.512123107910156,308804546.0,2157.36181640625,2199.71875,2110.368896484375,2139.353271484375,21727936609.0,60175.9453125,61253.03515625,59589.875,59893.453125,51828688519
2021-04-13,28.541011810302734,28.797941207885742,26.4176025390625,27.4355525970459,258183912.0,2139.3642578125,2318.42333984375,2138.5595703125,2299.187744140625,29456642939.0,59890.01953125,63742.28515625,59869.95703125,63503.45703125,69983454362
2021-04-14,27.400005340576172,27.48269271850586,24.792020797729492,26.47511100769043,342565805.0,2299.347900390625,2449.6875,2284.563720703125,2435.10498046875,35592822986.0,63523.75390625,64863.09765625,61554.796875,63109.6953125,77451779687
2021-04-15,26.436843872070312,28.249399185180664,25.53941535949707,27.818313598632812,221346739.0,2436.03466796875,2544.267333984375,2409.924072265625,2519.1162109375,32325606817.0,63075.1953125,63821.671875,62208.96484375,63314.01171875,60954381579
2021-04-16,27.820323944091797,28.226879119873047,24.972917556762695,25.39736557006836,240665351.0,2516.601806640625,2547.5556640625,2318.675048828125,2431.946533203125,36196928256.0,63258.50390625,63594.72265625,60222.53125,61572.7890625,84293007468
2021-04-17,25.369205474853516,26.819766998291016,25.09987449645996,25.09987449645996,201720376.0,2429.98095703125,2497.38525390625,2333.682861328125,2344.89501953125,32349808978.0,61529.921875,62572.17578125,60361.3515625,60683.8203125,66138759198
2021-04-18,25.135501861572266,32.90256881713867,21.539209365844727,32.30291748046875,1155150688.0,2346.452392578125,2365.46044921875,2011.766845703125,2237.136962890625,50696368718.0,60701.88671875,61057.45703125,52829.53515625,56216.18359375,97468872758
2021-04-19,32.33952331542969,36.080257415771484,29.925907135009766,31.67589569091797,1219130981.0,2238.03271484375,2276.77685546875,2086.688720703125,2166.188720703125,34060654971.0,56191.5859375,57520.0546875,54368.59375,55724.265625,65344865159
2021-04-20,31.476289749145508,32.69721984863281,28.932571411132812,31.77005386352539,793008154.0,2161.939453125,2345.8349609375,2060.143798828125,2330.2109375,39433483315.0,55681.79296875,57062.1484375,53448.046875,56473.03125,67849323955
2021-04-21,31.681537628173828,35.004302978515625,30.167491912841797,32.51304244995117,729130141.0,2331.16015625,2467.20068359375,2238.366943359375,2364.751708984375,38899067643.0,56471.12890625,56757.97265625,53695.46875,53906.08984375,54926612466
2021-04-22,32.68342971801758,40.97186279296875,31.600690841674805,38.8797607421875,1638622971.0,2357.87109375,2641.094970703125,2315.960205078125,2403.53515625,53575904724.0,53857.10546875,55410.23046875,50583.8125,51762.2734375,74798630778
2021-04-23,38.8991813659668,41.463260650634766,31.664270401000977,36.97842025756836,1612232268.0,2401.25634765625,2439.537109375,2117.03955078125,2363.586181640625,55413933925.0,51739.80859375,52120.79296875,47714.6640625,51093.65234375,86668667320
2021-04-24,37.25749588012695,43.532222747802734,34.683292388916016,40.7373161315918,1101380795.0,2367.19921875,2367.740966796875,2163.693115234375,2211.625732421875,31854226936.0,51143.2265625,51167.5625,48805.28515625,50050.8671875,49014494781
2021-04-25,40.8454704284668,48.43426513671875,40.51201629638672,47.36762619018555,1583800800.0,2214.413818359375,2354.086669921875,2172.51513671875,2316.0595703125,31814355546.0,50052.83203125,50506.01953125,47159.484375,49004.25390625,46117114240
2021-04-26,47.54185485839844,48.31078338623047,43.371726989746094,43.97651672363281,1357487872.0,2319.47802734375,2536.33740234375,2308.315185546875,2534.481689453125,35208325408.0,49077.79296875,54288.00390625,48852.796875,54021.75390625,58284039825
2021-04-27,43.89356994628906,46.54861068725586,42.55732727050781,43.2390022277832,904891996.0,2534.03125,2676.392822265625,2485.375,2662.865234375,32275969215.0,54030.3046875,55416.96484375,53319.1875,55033.1171875,49448222757
2021-04-28,43.161441802978516,46.91656494140625,40.67207336425781,44.825984954833984,1021154320.0,2664.685546875,2757.477294921875,2564.08154296875,2746.380126953125,34269031076.0,55036.63671875,56227.20703125,53887.91796875,54824.703125,48000572955
2021-04-29,44.84994888305664,46.07149124145508,40.950984954833984,42.460540771484375,772259307.0,2748.649658203125,2797.972412109375,2672.106689453125,2756.876953125,32578127990.0,54858.08984375,55115.84375,52418.02734375,53555.109375,46088929780
2021-04-30,42.50004577636719,44.2701530456543,41.24350357055664,42.95600128173828,534976437.0,2757.734130859375,2796.054931640625,2728.169921875,2773.20703125,29777179889.0,53568.6640625,57900.71875,53129.6015625,57750.17578125,52395931985
2021-05-01,42.89333724975586,49.84457778930664,42.03086471557617,49.50802230834961,859524423.0,2772.83837890625,2951.44091796875,2755.908447265625,2945.892822265625,28726205272.0,57714.6640625,58448.33984375,57052.2734375,57828.05078125,42836427360
2021-05-02,49.50080490112305,49.896671295166016,45.9818229675293,46.890987396240234,571072187.0,2945.56005859375,2984.891845703125,2860.526123046875,2952.05615234375,28032013047.0,57825.86328125,57902.59375,56141.90625,56631.078125,38177405335
2021-05-03,46.90397644042969,49.00945281982422,45.04447555541992,45.93368911743164,609194252.0,2951.17578125,3450.037841796875,2951.17578125,3431.086181640625,49174290212.0,56620.2734375,58973.30859375,56590.87109375,57200.29296875,51713139031
2021-05-04,45.983360290527344,47.75715637207031,42.31310272216797,42.729557037353516,682976428.0,3431.131591796875,3523.5859375,3180.74267578125,3253.62939453125,62402045158.0,57214.1796875,57214.1796875,53191.42578125,53333.5390625,68564706967
2021-05-05,42.637237548828125,45.927791595458984,42.31573486328125,44.92357635498047,503781975.0,3240.5546875,3541.462646484375,3213.1015625,3522.783203125,48334198383.0,53252.1640625,57911.36328125,52969.0546875,57424.0078125,69241316747
2021-05-06,44.97405242919922,44.97405242919922,42.591583251953125,43.4556770324707,391497018.0,3524.930908203125,3598.89599609375,3386.239990234375,3490.88037109375,44300394788.0,57441.30859375,58363.31640625,55382.5078125,56396.515625,69523285106
2021-05-07,43.502655029296875,46.05956268310547,41.43837356567383,43.1550178527832,514344601.0,3490.105224609375,3573.2900390625,3370.261962890625,3484.72900390625,39607240515.0,56413.953125,58606.6328125,55321.84765625,57356.40234375,68434023376
2021-05-08,43.15206527709961,46.6390266418457,42.29801940917969,45.56153106689453,451056655.0,3481.988037109375,3950.1650390625,3453.7685546875,3902.647705078125,50208491286.0,57352.765625,59464.61328125,56975.2109375,58803.77734375,65382980634
2021-05-09,45.61763000488281,47.1212158203125,43.29694366455078,44.330196380615234,510603312.0,3911.463134765625,3981.259033203125,3743.989013671875,3928.8447265625,50568290278.0,58877.390625,59210.8828125,56482.00390625,58232.31640625,65906690347
2021-05-10,44.34209442138672,45.87750244140625,39.5588493347168,42.90963363647461,499528076.0,3924.413330078125,4197.47314453125,3684.45166015625,3952.2939453125,62691789007.0,58250.87109375,59519.35546875,54071.45703125,55859.796875,71776546298
2021-05-11,42.87227249145508,45.15120315551758,39.762969970703125,44.57746887207031,473731333.0,3948.27197265625,4178.208984375,3783.889404296875,4168.701171875,52679737865.0,55847.2421875,56872.54296875,54608.65234375,56704.57421875,61308396325
2021-05-12,44.59152603149414,48.979034423828125,42.45730972290039,42.45730972290039,1151668076.0,4174.6357421875,4362.3505859375,3785.8486328125,3785.8486328125,69023382175.0,56714.53125,57939.36328125,49150.53515625,49150.53515625,75215403907
2021-05-13,43.235084533691406,45.41709899902344,37.526893615722656,40.99785232543945,1016860656.0,3828.91845703125,4032.5634765625,3549.4072265625,3715.1484375,78398214539.0,49735.43359375,51330.84375,46980.01953125,49716.19140625,96721152926
2021-05-14,41.03451919555664,44.79143524169922,39.986053466796875,42.717864990234375,504167711.0,3720.122314453125,4171.01708984375,3703.39990234375,4079.057373046875,48174271215.0,49682.98046875,51438.1171875,48868.578125,49880.53515625,55737497453
2021-05-15,42.699947357177734,45.391788482666016,39.37460708618164,43.461307525634766,500445722.0,4075.95166015625,4129.185546875,3638.1220703125,3638.1220703125,42422321751.0,49855.49609375,50639.6640625,46664.140625,46760.1875,59161047474
2021-05-16,43.40169143676758,52.50135040283203,41.915496826171875,47.200828552246094,1990976771.0,3641.830810546875,3878.89599609375,3350.95166015625,3587.506103515625,47359478734.0,46716.63671875,49720.04296875,43963.3515625,46456.05859375,64047871555
2021-05-17,46.89802169799805,51.87602996826172,43.30291748046875,46.86320495605469,1951921366.0,3581.343017578125,3587.765625,3129.0087890625,3282.397705078125,54061732774.0,46415.8984375,46623.55859375,42207.2890625,43537.51171875,74903638450
2021-05-18,46.66041946411133,58.30292510986328,46.187557220458984,55.91096115112305,2025388219.0,3276.872314453125,3562.465087890625,3246.404052734375,3380.070068359375,40416525218.0,43488.05859375,45812.45703125,42367.83203125,42909.40234375,56187365084
2021-05-19,56.089256286621094,57.52577209472656,29.429859161376953,35.107181549072266,2772224999.0,3382.6572265625,3437.935791015625,1952.460205078125,2460.67919921875,84482912776.0,42944.9765625,43546.1171875,30681.49609375,37002.44140625,126358098747
2021-05-20,35.04304504394531,51.25844955444336,32.31814193725586,44.74274826049805,2487748626.0,2439.638671875,2993.145263671875,2170.22900390625,2784.294189453125,67610826680.0,36753.66796875,42462.984375,35050.6171875,40782.73828125,88281943359
2021-05-21,44.4472541809082,47.645591735839844,33.83739471435547,38.81285095214844,1769762028.0,2772.34130859375,2938.205078125,2113.34716796875,2430.621337890625,53774070802.0,40596.94921875,42172.171875,33616.453125,37304.69140625,82051616861
2021-05-22,38.988380432128906,40.009578704833984,31.25486183166504,31.315582275390625,1078751751.0,2436.0146484375,2483.983154296875,2168.124267578125,2295.70556640625,42089937660.0,37371.03125,38831.0546875,35383.68359375,37536.6328125,57377273240
2021-05-23,31.225767135620117,32.4362678527832,19.13983917236328,24.68874740600586,1925832341.0,2298.3671875,2384.41162109375,1737.46875,2109.579833984375,56005721977.0,37531.44921875,38289.21875,31227.33984375,34770.58203125,78469274361
2021-05-24,24.498319625854492,32.094451904296875,24.498319625854492,31.283571243286133,1346786023.0,2099.93603515625,2672.595703125,2090.6396484375,2643.591064453125,53697121740.0,34700.36328125,39835.140625,34551.08203125,38705.98046875,67359584098
2021-05-25,31.396347045898438,33.130126953125,26.100074768066406,29.99707794189453,909470305.0,2649.033203125,2750.534912109375,2394.35546875,2706.62890625,49558333256.0,38795.78125,39776.3515625,36581.4296875,38402.22265625,56211915803
2021-05-26,30.047990798950195,37.23763656616211,29.008554458618164,35.539817810058594,1069991365.0,2707.052734375,2911.735595703125,2652.094482421875,2888.69873046875,42499766020.0,38392.625,40782.078125,37905.8359375,39294.19921875,51346735160
2021-05-27,35.48244857788086,35.52705001831055,31.12712860107422,33.584590911865234,649389058.0,2888.75244140625,2888.75244140625,2642.60791015625,2736.488525390625,33373635283.0,39316.890625,40379.6171875,37247.90234375,38436.96875,43210968721
2021-05-28,33.6755256652832,34.502506256103516,28.0671443939209,29.039276123046875,600255582.0,2742.468994140625,2761.36328125,2336.361328125,2419.90625,39999114805.0,38507.08203125,38856.96875,34779.0390625,35697.60546875,55200191952
2021-05-29,29.003129959106445,30.0223388671875,25.750940322875977,27.376420974731445,376859866.0,2414.067138671875,2566.9384765625,2208.490966796875,2279.51416015625,33773720220.0,35684.15625,37234.5,33693.9296875,34616.06640625,45231013335
2021-05-30,27.408315658569336,29.74925422668457,25.650293350219727,28.602659225463867,359661704.0,2278.288818359375,2472.187744140625,2188.83447265625,2390.305419921875,25876619428.0,34607.40625,36400.66796875,33520.73828125,35678.12890625,31646080921
2021-05-31,28.60424041748047,32.98358917236328,27.52474594116211,32.816246032714844,534826504.0,2387.198486328125,2715.85498046875,2279.505126953125,2714.9453125,31007383150.0,35658.59375,37468.25,34241.9453125,37332.85546875,39009847639
2021-06-01,32.7708854675293,33.2899169921875,29.880172729492188,30.985260009765625,432053117.0,2707.560546875,2739.737548828125,2531.16064453125,2633.518310546875,27363223090.0,37293.79296875,37896.734375,35787.0859375,36684.92578125,34639423297
2021-06-02,30.935237884521484,35.03815460205078,30.432857513427734,33.95631790161133,497567418.0,2634.4560546875,2801.392333984375,2555.4013671875,2706.125,27723267359.0,36699.921875,38231.33984375,35966.30859375,37575.1796875,33070867190
2021-06-03,34.018714904785156,41.14537811279297,33.792232513427734,39.47090530395508,960056106.0,2708.376220703125,2891.2548828125,2667.684326171875,2855.12646484375,30038207402.0,37599.41015625,39478.953125,37243.97265625,39208.765625,35460750427
2021-06-04,39.581302642822266,39.60986328125,34.3109016418457,37.415069580078125,1056279506.0,2857.16552734375,2857.16552734375,2562.637451171875,2688.195068359375,34173841611.0,39242.484375,39242.484375,35717.72265625,36894.40625,41831090187
2021-06-05,37.41737747192383,42.82267379760742,37.0991096496582,39.58539962768555,1112426664.0,2691.619384765625,2817.48486328125,2558.233642578125,2630.576904296875,30496672724.0,36880.15625,37917.71484375,34900.4140625,35551.95703125,35959473399
2021-06-06,39.74912643432617,43.377193450927734,38.96399688720703,42.30837631225586,794387364.0,2629.748779296875,2743.441162109375,2616.162353515625,2715.0927734375,25311639414.0,35538.609375,36436.421875,35304.578125,35862.37890625,28913440585
2021-06-07,42.25367736816406,44.10055923461914,38.09083938598633,38.262332916259766,923157614.0,2713.04736328125,2845.18505859375,2583.9951171875,2590.26318359375,30600111277.0,35835.265625,36790.5703125,33480.640625,33560.70703125,33683936663
2021-06-08,38.25127029418945,42.47829055786133,33.68545913696289,41.51781463623047,1786996802.0,2594.602294921875,2620.84619140625,2315.546630859375,2517.438720703125,41909736778.0,33589.51953125,34017.38671875,31114.443359375,33472.6328125,49902050442
2021-06-09,41.27979278564453,43.99756622314453,39.36863327026367,42.031776428222656,1218831041.0,2510.19921875,2625.070556640625,2412.19775390625,2608.26708984375,36075832186.0,33416.9765625,37537.37109375,32475.865234375,37345.12109375,53972919008
2021-06-10,42.0240364074707,43.00490951538086,39.59678268432617,41.09867477416992,595246689.0,2611.142578125,2619.957763671875,2435.401611328125,2471.5185546875,28753626390.0,37389.515625,38334.32421875,35847.59375,36702.59765625,43576032854
2021-06-11,41.11015319824219,41.31248474121094,35.31117248535156,36.046085357666016,518666603.0,2472.85888671875,2495.414794921875,2326.86962890625,2353.768798828125,24832564195.0,36697.03125,37608.6953125,36044.44921875,37334.3984375,38699736985
2021-06-12,36.16435241699219,37.61422348022461,34.31815719604492,36.441688537597656,549070417.0,2354.752197265625,2447.227783203125,2265.758056640625,2372.484375,25724364410.0,37340.14453125,37408.92578125,34728.19140625,35552.515625,37924228550
2021-06-13,36.51470947265625,39.3599739074707,34.782989501953125,38.77043533325195,452988674.0,2372.690185546875,2547.367919921875,2312.64013671875,2508.3916015625,27092945370.0,35555.7890625,39322.78125,34864.109375,39097.859375,40669112838
2021-06-14,38.70452117919922,40.47652053833008,36.81413269042969,38.71305465698242,477871463.0,2508.7705078125,2606.432861328125,2469.38818359375,2537.89111328125,26964576331.0,39016.96875,40978.36328125,38757.28515625,40218.4765625,43148914673
2021-06-15,40.53583908081055,41.75867462158203,39.435813903808594,41.153648376464844,605285143.0,2587.7626953125,2639.229248046875,2515.153076171875,2610.936767578125,29005279219.0,40427.16796875,41295.26953125,39609.46875,40406.26953125,46420149185
2021-06-16,39.54534912109375,41.496307373046875,37.50349807739258,39.703617095947266,576016902.0,2544.86474609375,2554.62890625,2354.3505859375,2367.66357421875,24101926180.0,40168.69140625,40516.77734375,38176.03515625,38347.0625,39211635100
2021-06-17,39.68927001953125,41.237430572509766,38.28608322143555,39.264591217041016,417775600.0,2367.306396484375,2457.175537109375,2312.301513671875,2372.001953125,21871633186.0,38341.421875,39513.671875,37439.67578125,38053.50390625,37096670047
2021-06-18,39.26678466796875,39.427127838134766,35.0040168762207,36.64879608154297,424163369.0,2374.5869140625,2377.195068359375,2147.308349609375,2231.733154296875,22752818388.0,38099.4765625,38187.26171875,35255.85546875,35787.24609375,36200887275
2021-06-19,36.81910705566406,37.35458755493164,34.981605529785156,35.35343551635742,264640750.0,2235.1591796875,2278.4150390625,2168.885009765625,2178.4990234375,18765854896.0,35854.52734375,36457.796875,34933.0625,35615.87109375,31207279719
2021-06-20,35.23702621459961,35.92838668823242,31.36209487915039,35.32201385498047,452587531.0,2171.337890625,2275.3828125,2049.962646484375,2246.364501953125,22535930423.0,35563.140625,36059.484375,33432.07421875,35698.296875,36664034054
2021-06-21,35.261436462402344,35.497615814208984,25.949079513549805,26.657400131225586,760344541.0,2245.31787109375,2259.464111328125,1867.1854248046875,1888.447509765625,33745173825.0,35641.14453125,35721.640625,31295.935546875,31676.693359375,52809038594
2021-06-22,26.592830657958984,28.712968826293945,20.380443572998047,26.7718563079834,1258580061.0,1886.6676025390625,1993.1597900390625,1707.6005859375,1874.9500732421875,35547251725.0,31622.376953125,33292.453125,28893.62109375,32505.66015625,58964353058
2021-06-23,26.91294288635254,32.7729606628418,25.69648551940918,30.048887252807617,1111302687.0,1878.625,2043.5303955078125,1827.571533203125,1989.736328125,28408659206.0,32515.71484375,34753.41015625,31772.6328125,33723.02734375,46317108925
2021-06-24,30.846078872680664,32.991310119628906,28.548385620117188,31.181034088134766,641150364.0,1968.9573974609375,2032.33935546875,1887.4320068359375,1988.456298828125,20272845769.0,33682.80078125,35228.8515625,32385.21484375,34662.4375,33123368116
2021-06-25,31.16853141784668,32.90251541137695,28.035079956054688,28.698862075805664,632052177.0,1989.2158203125,2017.759521484375,1794.400390625,1813.21728515625,22774334998.0,34659.10546875,35487.24609375,31350.884765625,31637.779296875,40230904226
2021-06-26,28.607898712158203,30.007036209106445,26.710813522338867,29.712854385375977,560342710.0,1810.88427734375,1850.1798095703125,1719.5594482421875,1829.2392578125,20637542361.0,31594.6640625,32637.587890625,30184.501953125,32186.27734375,38585385521
2021-06-27,29.752639770507812,31.929391860961914,29.271196365356445,31.929391860961914,497353288.0,1830.9969482421875,1979.9581298828125,1811.245849609375,1978.8946533203125,19885474742.0,32287.5234375,34656.12890625,32071.7578125,34649.64453125,35511640894
2021-06-28,31.880830764770508,34.24322509765625,31.035127639770508,32.92778015136719,473612135.0,1981.386474609375,2139.805419921875,1963.615478515625,2079.657470703125,25514602841.0,34679.12109375,35219.890625,33902.07421875,34434.3359375,33892523752
2021-06-29,33.00978469848633,35.788578033447266,32.7266845703125,33.86680221557617,471854279.0,2083.44873046875,2242.23876953125,2076.240234375,2160.768310546875,24815124419.0,34475.55859375,36542.109375,34252.484375,35867.77734375,37901460044
2021-06-30,33.96297073364258,35.9547233581543,31.601350784301758,35.55640411376953,570984168.0,2164.21630859375,2282.989013671875,2090.7607421875,2274.547607421875,25828056268.0,35908.38671875,36074.7578125,34086.15234375,35040.8359375,34059036099
2021-07-01,35.505653381347656,35.53819274902344,32.38627243041992,33.40403366088867,474665321.0,2274.3974609375,2274.3974609375,2081.0810546875,2113.60546875,29061701793.0,35035.984375,35035.984375,32883.78125,33572.1171875,37838957079
2021-07-02,33.30630874633789,34.03178787231445,31.479923248291016,34.02048110961914,440298780.0,2109.892578125,2155.596435546875,2021.8248291015625,2150.040283203125,31796212554.0,33549.6015625,33939.58984375,32770.6796875,33897.046875,38728974942
2021-07-03,34.01557540893555,35.40476989746094,33.2984733581543,34.478816986083984,327019964.0,2150.8349609375,2237.567138671875,2117.590087890625,2226.1142578125,17433361641.0,33854.421875,34909.26171875,33402.6953125,34668.546875,24383958643
2021-07-04,34.4951171875,35.50237274169922,33.55573654174805,34.31060028076172,303420520.0,2226.55029296875,2384.286865234375,2190.837646484375,2321.72412109375,18787107473.0,34665.56640625,35937.56640625,34396.4765625,35287.78125,24924307911
2021-07-05,34.28255081176758,34.461822509765625,32.48269271850586,32.984588623046875,313839322.0,2321.9228515625,2321.9228515625,2163.04150390625,2198.58251953125,20103794829.0,35284.34375,35284.34375,33213.66015625,33746.00390625,26721554282
2021-07-06,32.93030548095703,34.97831726074219,32.93030548095703,34.26913833618164,365336040.0,2197.91943359375,2346.294921875,2197.91943359375,2324.679443359375,20891861314.0,33723.5078125,35038.53515625,33599.91796875,34235.1953125,26501259870
2021-07-07,34.23280715942383,38.01170349121094,33.8420295715332,36.59136962890625,519252659.0,2323.20849609375,2403.7734375,2298.02685546875,2315.161865234375,22398345285.0,34225.6796875,34997.6640625,33839.2890625,33855.328125,24796027477
2021-07-08,36.71971893310547,36.915283203125,32.80227279663086,33.20372772216797,498201257.0,2317.94921875,2324.0068359375,2089.414306640625,2120.0263671875,23188123689.0,33889.60546875,33907.90625,32133.18359375,32877.37109375,29910396946
2021-07-09,33.13433074951172,34.38794708251953,31.99104881286621,33.2646484375,327170629.0,2115.573974609375,2185.376220703125,2051.066650390625,2146.6923828125,23029574602.0,32861.671875,34042.29296875,32318.880859375,33798.01171875,27436021028
2021-07-10,33.31843948364258,34.14048767089844,31.186784744262695,31.788644790649414,296566657.0,2146.999755859375,2190.1240234375,2081.923583984375,2111.403564453125,17581542471.0,33811.2421875,34209.0703125,33116.01171875,33520.51953125,22971873468
2021-07-11,31.693038940429688,32.53633499145508,31.41175651550293,32.17784118652344,211679810.0,2110.875732421875,2172.6533203125,2083.8037109375,2139.664794921875,14705386138.0,33509.078125,34584.703125,33346.73828125,34240.1875,20108729370
2021-07-12,32.17338943481445,32.6440544128418,30.074201583862305,30.848087310791016,221058993.0,2140.5068359375,2167.710205078125,2011.0189208984375,2036.7210693359375,17768129077.0,34254.015625,34592.15625,32697.30859375,33155.84765625,24321499537
2021-07-13,30.78640365600586,31.093704223632812,28.918607711791992,29.12118911743164,197825362.0,2034.098388671875,2040.693603515625,1922.577880859375,1940.083984375,16621628658.0,33125.46875,33327.1015625,32261.419921875,32702.025390625,19120856669
2021-07-14,29.14269256591797,31.435338973999023,27.515703201293945,31.2810001373291,331866434.0,1941.1678466796875,2015.107421875,1869.22314453125,1994.331298828125,17342819679.0,32723.845703125,33061.3984375,31639.125,32822.34765625,21376531210
2021-07-15,31.360700607299805,31.4834041595459,28.008403778076172,28.45210075378418,329918376.0,1994.7120361328125,2037.7425537109375,1883.272216796875,1911.1756591796875,15688092552.0,32827.875,33159.640625,31175.708984375,31780.73046875,21300524237
2021-07-16,28.5490665435791,29.442203521728516,26.228809356689453,26.37000846862793,374718328.0,1916.598388671875,1959.6962890625,1853.59033203125,1880.3829345703125,14884569147.0,31841.55078125,32218.40625,31100.673828125,31421.5390625,23699476918
2021-07-17,26.25412368774414,27.69698715209961,26.04067039489746,26.721668243408203,289689475.0,1876.88134765625,1917.597900390625,1855.5908203125,1898.8251953125,13364282076.0,31397.30859375,31935.9453125,31223.990234375,31533.068359375,18895018942
2021-07-18,26.784170150756836,27.733564376831055,26.360977172851562,26.751909255981445,230336396.0,1900.1943359375,1988.33642578125,1883.0125732421875,1895.5521240234375,13791868728.0,31533.884765625,32398.99609375,31215.4921875,31796.810546875,18787986667
2021-07-19,26.671239852905273,26.72174644470215,24.012245178222656,24.44757652282715,361915410.0,1893.0535888671875,1916.1180419921875,1807.909912109375,1817.296630859375,14157735481.0,31800.01171875,31885.859375,30563.734375,30817.83203125,20434789545
2021-07-20,24.51030158996582,24.975603103637695,22.177541732788086,23.48955535888672,413439963.0,1819.08203125,1836.998046875,1722.05078125,1787.5107421875,17368597636.0,30838.28515625,31006.1875,29360.955078125,29807.34765625,23148267245
2021-07-21,23.443456649780273,27.4164981842041,22.86536979675293,26.623079299926758,555770206.0,1786.2762451171875,2025.680419921875,1759.0233154296875,1990.9708251953125,21253359756.0,29796.28515625,32752.326171875,29526.18359375,32110.693359375,28203024559
2021-07-22,26.66532325744629,28.135990142822266,25.95220947265625,27.70208168029785,364666998.0,1994.8228759765625,2044.116455078125,1954.2978515625,2025.2027587890625,17495480331.0,32138.873046875,32576.400390625,31745.298828125,32313.10546875,19555230518
2021-07-23,27.70650863647461,28.690610885620117,26.425710678100586,28.513879776000977,407955237.0,2025.105712890625,2129.441162109375,2000.436279296875,2124.776611328125,16200392492.0,32305.958984375,33581.55078125,32057.892578125,33581.55078125,22552046192
2021-07-24,28.517900466918945,29.50779914855957,28.06863784790039,28.702619552612305,353750758.0,2123.961181640625,2197.6494140625,2107.323486328125,2189.21875,16057446601.0,33593.73046875,34490.390625,33424.859375,34292.4453125,21664706865
2021-07-25,28.64940071105957,28.87297821044922,26.528553009033203,28.168773651123047,309208018.0,2187.1455078125,2194.438232421875,2108.829833984375,2191.373779296875,14566483636.0,34290.29296875,35364.92578125,33881.8359375,35350.1875,20856685287
2021-07-26,28.227025985717773,31.05401611328125,27.903797149658203,28.306642532348633,743673802.0,2191.309814453125,2428.817138671875,2177.32958984375,2233.36669921875,29614324233.0,35384.03125,40499.67578125,35287.3125,37337.53515625,51022126212
2021-07-27,28.210498809814453,28.95267105102539,27.005430221557617,28.065326690673828,375599550.0,2230.197021484375,2316.9501953125,2154.731201171875,2298.33349609375,23067480378.0,37276.03515625,39406.94140625,36441.7265625,39406.94140625,35097370560
2021-07-28,28.145641326904297,28.7469539642334,27.41233253479004,27.815410614013672,315682626.0,2302.081298828125,2341.77783203125,2250.9140625,2296.54541015625,18991302378.0,39503.1875,40816.0703125,38862.4375,39995.90625,38702404695
2021-07-29,27.877975463867188,31.88614845275879,27.372438430786133,31.281137466430664,448009571.0,2299.011962890625,2396.451904296875,2273.40478515625,2380.956787109375,16313373113.0,39995.453125,40593.0703125,39352.05859375,40008.421875,27167146027
2021-07-30,31.275415420532227,33.05512619018555,30.067672729492188,32.393943786621094,617830199.0,2382.545166015625,2469.704833984375,2322.337158203125,2466.96142578125,20212848934.0,40027.484375,42235.546875,38397.35546875,42235.546875,33072782960
2021-07-31,32.35328674316406,36.86825942993164,31.68321990966797,36.82731246948242,587168181.0,2461.57568359375,2551.1611328125,2423.816162109375,2536.2099609375,18001710283.0,42196.3046875,42231.44921875,41110.83203125,41626.1953125,25802845343
2021-08-01,36.67912673950195,36.719913482666016,33.28300476074219,34.25436019897461,490639931.0,2530.462890625,2695.429443359375,2520.931884765625,2561.85205078125,22697987055.0,41460.84375,42541.6796875,39540.94140625,39974.89453125,26688438115
2021-08-02,34.1905632019043,35.91239547729492,33.06065368652344,33.22241973876953,407399691.0,2557.774658203125,2665.73095703125,2511.375244140625,2610.1533203125,22162754104.0,39907.26171875,40419.1796875,38746.34765625,39201.9453125,25595265436
2021-08-03,33.19142532348633,35.833091735839844,32.40266036987305,33.99644088745117,474629269.0,2609.4130859375,2630.314208984375,2449.353515625,2502.349609375,22696753413.0,39178.40234375,39750.03125,37782.05078125,38152.98046875,26189830450
2021-08-04,34.10835647583008,36.6524772644043,33.2731819152832,35.76362609863281,413657602.0,2508.544921875,2764.443603515625,2463.469482421875,2724.619873046875,25038698173.0,38213.33203125,39952.296875,37589.1640625,39747.50390625,25372562724
2021-08-05,35.771976470947266,38.208866119384766,35.53385543823242,37.35513687133789,595137193.0,2725.669677734375,2840.4306640625,2540.68408203125,2827.328857421875,31057928075.0,39744.515625,41341.93359375,37458.00390625,40869.5546875,35185031017
2021-08-06,37.3553581237793,40.388084411621094,35.68829345703125,39.446102142333984,589190671.0,2827.50341796875,2944.9033203125,2727.792724609375,2890.941650390625,26528577879.0,40865.8671875,43271.66015625,39932.1796875,42816.5,38226483046
2021-08-07,39.49230194091797,40.50587844848633,37.62660217285156,39.403472900390625,534979916.0,2891.70751953125,3170.229736328125,2868.53564453125,3157.23876953125,33081467129.0,42832.796875,44689.859375,42618.56640625,44555.80078125,40030862141
2021-08-08,39.465904235839844,39.53329086303711,36.935577392578125,37.673824310302734,358570315.0,3161.232666015625,3184.60400390625,2951.747314453125,3013.732666015625,28433638008.0,44574.4375,45282.3515625,43331.91015625,43798.1171875,36302664750
2021-08-09,37.66049575805664,40.00484085083008,36.481170654296875,38.767784118652344,377034585.0,3012.8857421875,3185.701171875,2900.926025390625,3167.856201171875,31983260936.0,43791.92578125,46456.83203125,42848.6875,46365.40234375,38734079049
2021-08-10,38.678810119628906,41.66090774536133,38.22317123413086,40.63979721069336,452480699.0,3163.050048828125,3228.940673828125,3059.22900390625,3141.691162109375,27605221710.0,46280.84765625,46637.98828125,44705.5546875,45585.03125,33546019517
2021-08-11,40.64894104003906,43.739139556884766,40.628238677978516,41.74411392211914,507980107.0,3142.830322265625,3269.20947265625,3122.91650390625,3164.2451171875,26729035052.0,45599.703125,46735.6328125,45351.7109375,45593.63671875,34319709073
2021-08-12,41.70451354980469,43.40190887451172,39.38155746459961,41.099361419677734,527833804.0,3164.17578125,3236.314697265625,2984.1669921875,3043.414306640625,25403699845.0,45576.87890625,46228.91015625,43861.4453125,44428.2890625,33723620826
2021-08-13,41.1143684387207,44.9005241394043,40.72161865234375,44.894500732421875,541894525.0,3049.001220703125,3324.671630859375,3037.676025390625,3322.211669921875,23868866254.0,44439.69140625,47831.9765625,44282.41796875,47793.3203125,31744259539
2021-08-14,44.85142517089844,44.871238708496094,42.937660217285156,44.112850189208984,363834257.0,3322.7626953125,3329.281005859375,3214.519775390625,3265.443359375,19860862133.0,47810.6875,48098.68359375,46177.6328125,47096.9453125,31211354442
2021-08-15,44.14995574951172,54.62955093383789,43.450008392333984,53.74515914916992,1448656564.0,3266.276123046875,3320.084228515625,3117.791748046875,3310.504150390625,22166205051.0,47096.66796875,47357.10546875,45579.58984375,47047.00390625,30988958446
2021-08-16,53.5411491394043,68.82237243652344,52.465850830078125,62.432464599609375,3799339365.0,3309.422119140625,3333.994873046875,3139.778564453125,3156.509521484375,23080039949.0,47019.9609375,47998.09765625,45700.3203125,46004.484375,32776876610
2021-08-17,62.11532974243164,74.8892593383789,58.9813346862793,64.21070861816406,4043742154.0,3149.38037109375,3288.812744140625,2996.46826171875,3014.845947265625,25509056745.0,45936.45703125,47139.5703125,44512.41796875,44695.359375,33451362600
2021-08-18,64.16835021972656,80.11990356445312,60.26971435546875,72.5433120727539,4507409622.0,3011.963623046875,3124.97607421875,2959.0283203125,3020.08984375,21539248425.0,44686.75,45952.0625,44364.02734375,44801.1875,32194123075
2021-08-19,72.83856201171875,75.09242248535156,68.6104965209961,72.75760650634766,2467398203.0,3019.126953125,3184.435546875,2963.150146484375,3182.7021484375,19546290360.0,44741.8828125,46970.76171875,43998.31640625,46717.578125,37204312299
2021-08-20,72.7489013671875,79.99000549316406,70.93728637695312,78.72461700439453,1844455899.0,3182.16259765625,3298.24658203125,3178.103759765625,3286.935302734375,20885619828.0,46723.12109375,49342.15234375,46650.70703125,49339.17578125,34706867452
2021-08-21,78.69892883300781,81.81377410888672,72.69692993164062,73.75621032714844,1513097171.0,3286.931640625,3307.3515625,3209.8662109375,3226.083984375,18113977628.0,49327.07421875,49717.01953125,48312.19921875,48905.4921875,40585205312
2021-08-22,73.86833953857422,77.48115539550781,71.55394744873047,72.80391693115234,968933849.0,3226.227294921875,3272.733154296875,3142.007080078125,3242.115478515625,15983278460.0,48869.10546875,49471.609375,48199.94140625,49321.65234375,25370975378
2021-08-23,72.7694091796875,76.70532989501953,71.68074798583984,75.70803833007812,1372134245.0,3241.357421875,3373.38427734375,3235.851318359375,3319.25732421875,20511110509.0,49291.67578125,50482.078125,49074.60546875,49546.1484375,34305053719
2021-08-24,75.7801742553711,79.3709487915039,68.61978912353516,70.67090606689453,2153611667.0,3324.85546875,3358.688232421875,3154.121337890625,3172.456298828125,20131028906.0,49562.34765625,49878.76953125,47687.1171875,47706.1171875,35361168834
2021-08-25,70.67996215820312,72.70286560058594,66.22276306152344,71.95156860351562,1551240766.0,3174.269775390625,3248.727294921875,3086.114990234375,3224.915283203125,18902728235.0,47727.2578125,49202.87890625,47163.61328125,48960.7890625,32646349931
2021-08-26,71.97343444824219,78.05520629882812,66.26455688476562,75.31620788574219,2713050538.0,3228.747314453125,3249.6552734375,3060.228759765625,3100.325439453125,17405668117.0,49002.640625,49347.58203125,46405.78125,46942.21875,32666549568
2021-08-27,74.81178283691406,88.85427856445312,72.71512603759766,88.08698272705078,3263988286.0,3096.406005859375,3281.840576171875,3064.485107421875,3270.600830078125,18489602004.0,46894.5546875,49112.78515625,46394.28125,49058.66796875,34511076995
2021-08-28,88.00001525878906,97.84294891357422,85.79064178466797,96.70317077636719,2580080503.0,3275.1044921875,3284.845947265625,3217.403564453125,3244.4033203125,13709633698.0,49072.5859375,49283.50390625,48499.23828125,48902.40234375,28568103401
2021-08-29,96.56397247314453,97.77787780761719,90.99362182617188,94.46967315673828,1830344091.0,3246.77099609375,3283.235595703125,3158.84033203125,3227.002685546875,13296586731.0,48911.25,49644.11328125,47925.85546875,48829.83203125,25889650240
2021-08-30,94.3448715209961,116.85022735595703,94.0377197265625,110.54480743408203,5274104165.0,3227.192626953125,3346.5810546875,3151.444580078125,3224.374267578125,19306924485.0,48834.8515625,48925.60546875,46950.2734375,47054.984375,31847007016
2021-08-31,109.75614929199219,130.01461791992188,103.35130310058594,108.48377227783203,7590894022.0,3227.758056640625,3466.9921875,3195.216552734375,3433.732666015625,27280502987.0,47024.33984375,48189.55078125,46750.09375,47166.6875,34730363427
2021-09-01,107.4444808959961,119.53011322021484,106.27082061767578,111.03300476074219,3974443896.0,3430.762451171875,3836.867431640625,3387.408447265625,3834.828125,30070890104.0,47099.7734375,49111.08984375,46562.4375,48847.02734375,39139399125
2021-09-02,110.73123931884766,131.96188354492188,109.65261840820312,128.10238647460938,5074399603.0,3825.02783203125,3830.71142578125,3726.75048828125,3790.989990234375,24387397330.0,48807.84765625,50343.421875,48652.3203125,49327.72265625,39508070319
2021-09-03,128.3890838623047,148.8341827392578,128.3890838623047,146.5830535888672,7526373837.0,3787.486572265625,4022.46923828125,3712.67822265625,3940.61474609375,26207765094.0,49288.25,50982.2734375,48386.0859375,50025.375,43206179619
2021-09-04,146.4184112548828,150.42855834960938,136.44955444335938,139.11306762695312,3970422964.0,3937.91015625,3969.44873046875,3837.93115234375,3887.828369140625,20806963328.0,50009.32421875,50545.58203125,49548.78125,49944.625,37471327794
2021-09-05,138.99014282226562,144.99786376953125,135.07997131347656,142.0708770751953,2996918105.0,3886.3310546875,3979.1865234375,3838.4873046875,3952.133544921875,18371468576.0,49937.859375,51868.6796875,49538.59765625,51753.41015625,30322676319
2021-09-06,142.0628204345703,165.8787384033203,138.0382080078125,164.38092041015625,5774090688.0,3951.520751953125,3968.426513671875,3868.994384765625,3928.37939453125,18674691198.0,51769.00390625,52700.94140625,51053.6796875,52633.53515625,38884105426
2021-09-07,164.18368530273438,194.8197021484375,133.10025024414062,173.14892578125,17068643416.0,3926.527587890625,3945.314208984375,3062.222412109375,3426.394287109375,39131346397.0,52660.48046875,52853.765625,43285.20703125,46811.12890625,65210059683
2021-09-08,173.278564453125,197.989013671875,147.99118041992188,191.04139709472656,13187213606.0,3428.378173828125,3559.121337890625,3224.764892578125,3497.315185546875,31738430771.0,46827.76171875,47334.0546875,44561.39453125,46091.390625,49007762488
2021-09-09,209.47079467773438,214.95718383789062,181.4458770751953,188.19580078125,12676272744.0,3452.54833984375,3562.99267578125,3400.51708984375,3427.340087890625,24118055831.0,45774.7421875,47261.94921875,45669.73828125,46391.421875,38672657013
2021-09-10,187.61280822753906,196.9451904296875,168.69082641601562,179.865234375,7087524572.0,3425.56494140625,3512.5712890625,3157.05908203125,3211.505859375,22355974097.0,46396.6640625,47031.7421875,44344.484375,44883.91015625,39154666597
2021-09-11,179.36622619628906,193.40560913085938,175.56541442871094,178.8678741455078,5367389010.0,3209.030517578125,3346.5263671875,3208.9619140625,3270.278076171875,18627122934.0,44869.83984375,45969.29296875,44818.265625,45201.45703125,34499835245
2021-09-12,179.23016357421875,181.56825256347656,170.5845947265625,174.53762817382812,3012633094.0,3270.291748046875,3462.46826171875,3235.109375,3410.134521484375,16810411424.0,45206.62890625,46364.87890625,44790.4609375,46063.26953125,27881980161
2021-09-13,174.41845703125,174.93186950683594,150.9744110107422,169.26954650878906,6437530449.0,3407.471923828125,3426.502197265625,3121.51416015625,3285.51171875,22721552948.0,46057.21484375,46598.6796875,43591.3203125,44963.07421875,40969943253
2021-09-14,169.77452087402344,171.30116271972656,143.55311584472656,158.09481811523438,5799758794.0,3286.31640625,3429.169677734375,3273.630859375,3429.169677734375,19125420848.0,44960.05078125,47218.125,44752.33203125,47092.4921875,38652152880
2021-09-15,158.41543579101562,166.17529296875,154.2395477294922,159.1173858642578,3908939772.0,3431.21728515625,3615.28271484375,3365.9130859375,3615.28271484375,17548551804.0,47098.0,48450.46875,46773.328125,48176.34765625,30484496466
2021-09-16,158.80728149414062,163.12283325195312,147.6532745361328,152.47406005859375,3215168472.0,3613.07373046875,3673.310791015625,3489.8056640625,3571.294921875,20093903064.0,48158.90625,48486.828125,47079.55859375,47783.359375,31764293754
2021-09-17,152.3514404296875,153.44493103027344,135.24522399902344,147.5930633544922,4675731485.0,3569.568115234375,3589.30517578125,3356.449951171875,3398.538818359375,17722363229.0,47771.00390625,48160.921875,46832.5234375,47267.51953125,28727713711
2021-09-18,147.44876098632812,171.1427764892578,144.3922576904297,169.18421936035156,5415012910.0,3397.4228515625,3540.8076171875,3371.892333984375,3432.018310546875,15995220233.0,47273.52734375,48791.78125,47087.28515625,48278.36328125,28575630451
2021-09-19,169.22633361816406,170.65211486816406,151.2509765625,152.51669311523438,3350530308.0,3433.287841796875,3448.322021484375,3286.17236328125,3329.447998046875,14257609743.0,48268.85546875,48328.3671875,46919.8046875,47260.21875,26967722648
2021-09-20,152.7944793701172,153.38766479492188,131.2610321044922,132.13446044921875,5623667250.0,3329.670654296875,3343.325439453125,2940.839111328125,2958.993408203125,27371684581.0,47261.40625,47328.19921875,42598.9140625,42843.80078125,43909845642
2021-09-21,132.76231384277344,144.46844482421875,116.34320068359375,123.95039367675781,5243953819.0,2977.310546875,3101.697509765625,2676.407470703125,2764.43115234375,30405062665.0,43012.234375,43607.609375,39787.609375,40693.67578125,48701090088
2021-09-22,124.17745208740234,150.94151306152344,122.34915924072266,147.92425537109375,4952222859.0,2763.209228515625,3089.0830078125,2741.440673828125,3077.867919921875,23742102645.0,40677.953125,43978.62109375,40625.6328125,43574.5078125,38139709246
2021-09-23,148.05516052246094,152.364990234375,143.20126342773438,149.75357055664062,3389212044.0,3077.974365234375,3173.544677734375,3038.097900390625,3155.523681640625,18516291047.0,43560.296875,44942.17578125,43109.33984375,44895.09765625,34244064430
2021-09-24,149.9354705810547,151.201904296875,128.8013153076172,139.39564514160156,3852350632.0,3154.56201171875,3159.64404296875,2747.337646484375,2931.669189453125,25595422789.0,44894.30078125,45080.4921875,40936.55859375,42839.75,42839345714
2021-09-25,139.2965545654297,144.0725555419922,134.10775756835938,136.17892456054688,2037106949.0,2930.884765625,2968.99462890625,2818.970458984375,2925.565673828125,18932786754.0,42840.890625,42996.2578125,41759.921875,42716.59375,31604717236
2021-09-26,136.21615600585938,140.7817840576172,125.11542510986328,135.69937133789062,2674182809.0,2926.343017578125,3114.857421875,2744.5830078125,3062.265380859375,21172766310.0,42721.62890625,43919.30078125,40848.4609375,43208.5390625,30661222077
2021-09-27,135.93136596679688,148.49783325195312,133.98428344726562,136.72842407226562,2867246888.0,3065.837890625,3163.6650390625,2932.69287109375,2934.138916015625,19164053681.0,43234.18359375,44313.24609375,42190.6328125,42235.73046875,30980029059
2021-09-28,136.5089111328125,139.2943572998047,128.2448272705078,131.53721618652344,2422542861.0,2928.96337890625,2970.7705078125,2793.360595703125,2807.296630859375,16895079070.0,42200.8984375,42775.14453125,40931.6640625,41034.54296875,30214940550
2021-09-29,132.33853149414062,140.03817749023438,131.2336883544922,135.35145568847656,2428105040.0,2809.297607421875,2946.88134765625,2786.98828125,2853.143310546875,15763456158.0,41064.984375,42545.2578125,40829.66796875,41564.36328125,30602359905
2021-09-30,135.41290283203125,142.85316467285156,134.31326293945312,141.0690460205078,2244376110.0,2852.558837890625,3046.51953125,2840.28955078125,3001.678955078125,17661065099.0,41551.26953125,44092.6015625,41444.58203125,43790.89453125,31141681925
2021-10-01,141.38291931152344,164.737548828125,138.4369354248047,161.682373046875,4387488320.0,3001.12939453125,3329.853515625,2978.654296875,3307.51611328125,22307625573.0,43816.7421875,48436.01171875,43320.0234375,48116.94140625,42850641582
2021-10-02,161.59439086914062,174.90069580078125,156.3223419189453,169.093017578125,3471658582.0,3308.870361328125,3464.83740234375,3260.027587890625,3391.6943359375,19202671704.0,48137.46875,48282.0625,47465.49609375,47711.48828125,30614346492
2021-10-03,169.11370849609375,176.9703369140625,166.07000732421875,172.5891571044922,3149579954.0,3390.767578125,3484.605712890625,3348.1201171875,3418.358642578125,15516566862.0,47680.02734375,49130.69140625,47157.2890625,48199.953125,26638115879
2021-10-04,172.9616241455078,172.9616241455078,162.77333068847656,166.73191833496094,3109040100.0,3418.7763671875,3434.775390625,3283.44873046875,3380.089111328125,17747154101.0,48208.90625,49456.77734375,47045.00390625,49112.90234375,33383173002
2021-10-05,166.99496459960938,169.9793701171875,160.59315490722656,164.11582946777344,2541087419.0,3381.784423828125,3541.45166015625,3365.817626953125,3518.5185546875,16632591670.0,49174.9609375,51839.984375,49072.83984375,51514.8125,35873904236
2021-10-06,164.60519409179688,165.3619842529297,150.76837158203125,154.1077423095703,3259712887.0,3516.5703125,3622.55126953125,3354.4697265625,3580.56201171875,21855226591.0,51486.6640625,55568.46484375,50488.19140625,55361.44921875,49034730168
2021-10-07,153.96115112304688,161.3629913330078,150.5420379638672,154.28118896484375,2579187256.0,3576.814453125,3650.01318359375,3479.9091796875,3587.974853515625,19090322927.0,55338.625,55338.625,53525.46875,53805.984375,36807860413
2021-10-08,154.2565460205078,168.84637451171875,152.75576782226562,158.94920349121094,2781848650.0,3587.832763671875,3667.95751953125,3547.828125,3563.75927734375,16222029488.0,53802.14453125,55922.98046875,53688.0546875,53967.84765625,34800873924
2021-10-09,158.70469665527344,161.40731811523438,154.8697967529297,156.82583618164062,1522023824.0,3559.997802734375,3628.2373046875,3544.640380859375,3575.716796875,12707036942.0,53929.78125,55397.9453125,53735.14453125,54968.22265625,32491211414
2021-10-10,156.75192260742188,158.361572265625,146.8982391357422,148.0487060546875,1556965341.0,3575.0205078125,3603.244873046875,3414.970947265625,3425.852783203125,16171746693.0,54952.8203125,56401.3046875,54264.2578125,54771.578125,39527792364
2021-10-11,147.80044555664062,153.921142578125,140.3639678955078,144.85813903808594,1851795187.0,3419.726806640625,3622.28955078125,3385.76171875,3545.35400390625,18579189588.0,54734.125,57793.0390625,54519.765625,57484.7890625,42637331698
2021-10-12,145.00765991210938,153.26397705078125,137.8115692138672,152.73712158203125,2853992440.0,3546.477783203125,3546.477783203125,3407.338134765625,3492.5732421875,18109578443.0,57526.83203125,57627.87890625,54477.97265625,56041.05859375,41083758949
2021-10-13,152.52392578125,155.34799194335938,144.40786743164062,148.17604064941406,2105226551.0,3492.753662109375,3607.74169921875,3417.60205078125,3606.20166015625,16211275589.0,56038.2578125,57688.66015625,54370.97265625,57401.09765625,41684252783
2021-10-14,148.01727294921875,155.32974243164062,147.3309326171875,149.75680541992188,1948101208.0,3604.958984375,3819.258544921875,3590.275146484375,3786.01416015625,19443499909.0,57372.83203125,58478.734375,56957.07421875,57321.5234375,36615791366
2021-10-15,150.04660034179688,165.12220764160156,146.98483276367188,162.59620666503906,3970589003.0,3790.154296875,3895.46630859375,3735.363525390625,3862.634765625,20966841512.0,57345.90234375,62757.12890625,56868.14453125,61593.94921875,51780081801
2021-10-16,163.0070343017578,164.71371459960938,156.73756408691406,157.538818359375,1531502795.0,3865.66650390625,3962.453125,3805.885986328125,3830.382080078125,16578095629.0,61609.52734375,62274.4765625,60206.12109375,60892.1796875,34250964237
2021-10-17,157.46356201171875,167.42599487304688,154.09034729003906,159.74380493164062,2168838138.0,3829.85888671875,3914.89794921875,3660.723388671875,3847.1044921875,15908090346.0,60887.65234375,61645.5234375,59164.46875,61553.6171875,29032367511
2021-10-18,159.9974822998047,162.8562774658203,155.0302276611328,157.2312774658203,1698878759.0,3847.72998046875,3888.209228515625,3686.75048828125,3748.76025390625,17386204158.0,61548.8046875,62614.66015625,60012.7578125,62026.078125,38055562075
2021-10-19,157.210205078125,159.40586853027344,153.22100830078125,156.01702880859375,1400902548.0,3747.162841796875,3883.9287109375,3736.7802734375,3877.65087890625,15998757133.0,62043.1640625,64434.53515625,61622.93359375,64261.9921875,40471196346
2021-10-20,155.88339233398438,176.440673828125,155.19984436035156,175.94686889648438,3315306825.0,3877.73095703125,4167.47216796875,3833.2880859375,4155.9921875,20338319988.0,64284.5859375,66930.390625,63610.67578125,65992.8359375,40788955582
2021-10-21,176.7655487060547,193.59915161132812,176.7655487060547,190.3184356689453,6865815461.0,4161.71337890625,4366.08837890625,4032.48388671875,4054.32275390625,28220661820.0,66002.234375,66600.546875,62117.41015625,62210.171875,45908121370
2021-10-22,190.45489501953125,214.04444885253906,188.27362060546875,196.43153381347656,7486821306.0,4055.6865234375,4162.9755859375,3908.34033203125,3970.181884765625,19432937968.0,62237.890625,63715.0234375,60122.796875,60692.265625,38434082775
2021-10-23,196.30047607421875,205.6698760986328,192.56275939941406,197.703857421875,3253670286.0,3971.3564453125,4171.66357421875,3944.6318359375,4171.66357421875,14781537792.0,60694.62890625,61743.87890625,59826.5234375,61393.6171875,26882546034
2021-10-24,197.97311401367188,204.71910095214844,185.5724334716797,202.3619842529297,3413057378.0,4171.85595703125,4185.7294921875,3967.120361328125,4087.903076171875,14978083638.0,61368.34375,61505.8046875,59643.34375,60930.8359375,27316183882
2021-10-25,202.3164825439453,218.7318878173828,198.2024383544922,210.1042938232422,4837376169.0,4084.42578125,4236.6669921875,4072.03466796875,4217.876953125,15995727040.0,60893.92578125,63729.32421875,60691.80078125,63039.82421875,31064911614
2021-10-26,209.53164672851562,213.9828643798828,197.4866485595703,199.8072509765625,3194205752.0,4217.337890625,4289.13134765625,4106.82373046875,4131.10205078125,17157714562.0,63032.76171875,63229.02734375,59991.16015625,60363.79296875,34878965587
2021-10-27,199.87448120117188,205.4047393798828,178.73086547851562,183.77459716796875,4552692842.0,4132.17333984375,4299.15283203125,3930.25732421875,3930.25732421875,26219530404.0,60352.0,61435.18359375,58208.1875,58482.38671875,43657076893
2021-10-28,184.5157012939453,201.0453643798828,182.217529296875,194.86398315429688,3463958628.0,3924.8154296875,4293.15087890625,3905.7060546875,4287.31884765625,25958154575.0,58470.73046875,62128.6328125,58206.91796875,60622.13671875,45257083247
2021-10-29,194.90643310546875,204.8966064453125,194.90643310546875,200.18275451660156,2468703579.0,4288.6865234375,4455.7353515625,4271.70751953125,4414.74658203125,22967641914.0,60624.87109375,62927.609375,60329.96484375,62227.96484375,36856881767
2021-10-30,200.22572326660156,200.38623046875,187.8165740966797,195.4160614013672,1732207667.0,4414.24365234375,4426.8486328125,4252.494140625,4325.650390625,14615490626.0,62239.36328125,62330.14453125,60918.38671875,61888.83203125,32157938616
2021-10-31,195.77377319335938,205.1633758544922,186.06298828125,202.4210205078125,2577364486.0,4322.744140625,4394.44970703125,4179.01611328125,4288.07421875,17498160238.0,61850.48828125,62406.171875,60074.328125,61318.95703125,32241199927
2021-11-01,202.62921142578125,211.36083984375,198.2389678955078,203.5450897216797,3157612663.0,4288.21728515625,4377.322265625,4160.966796875,4324.626953125,17985288261.0,61320.44921875,62419.00390625,59695.18359375,61004.40625,36150572843
2021-11-02,203.51791381835938,222.2330322265625,201.18038940429688,220.23959350585938,3020087232.0,4322.5009765625,4599.9482421875,4288.6865234375,4584.798828125,20794448222.0,60963.25390625,64242.79296875,60673.0546875,63226.40234375,37746665647
2021-11-03,221.07675170898438,246.321533203125,216.19619750976562,242.89881896972656,6024951132.0,4589.6845703125,4664.91015625,4462.97607421875,4607.19384765625,21220463155.0,63254.3359375,63516.9375,61184.23828125,62970.046875,36124731509
2021-11-04,243.09780883789062,250.46633911132812,235.15087890625,247.3877716064453,4440296290.0,4604.6787109375,4606.51611328125,4426.62255859375,4537.32421875,18415244464.0,62941.8046875,63123.2890625,60799.6640625,61452.23046875,32615846901
2021-11-05,247.27093505859375,248.3839111328125,231.1608123779297,236.47433471679688,2752870913.0,4537.42333984375,4570.89599609375,4447.4873046875,4486.2431640625,15086003586.0,61460.078125,62541.46875,60844.609375,61125.67578125,30605102446
2021-11-06,236.4927520751953,260.0621032714844,235.2899627685547,258.934326171875,3869779683.0,4482.64794921875,4530.9970703125,4334.9736328125,4521.5810546875,14429076700.0,61068.875,61590.68359375,60163.78125,61527.48046875,29094934221
2021-11-07,258.78155517578125,258.85009765625,246.12242126464844,249.823486328125,2624869522.0,4523.98193359375,4640.921875,4510.984375,4620.5546875,13541376033.0,61554.921875,63326.98828125,61432.48828125,63326.98828125,24726754302
2021-11-08,249.97926330566406,253.25418090820312,241.14013671875,248.46717834472656,3344410176.0,4619.6494140625,4822.36328125,4619.6494140625,4812.08740234375,19290896267.0,63344.06640625,67673.7421875,63344.06640625,67566.828125,41125608330
2021-11-09,248.35684204101562,253.17982482910156,237.89529418945312,239.213134765625,2819309492.0,4810.0712890625,4837.58935546875,4718.0390625,4735.06884765625,20834172627.0,67549.734375,68530.3359375,66382.0625,66971.828125,42357991721
2021-11-10,239.1337432861328,247.94703674316406,218.3885498046875,233.77952575683594,3873202098.0,4733.36279296875,4859.5029296875,4485.09326171875,4636.17431640625,22748160545.0,66953.3359375,68789.625,63208.11328125,64995.23046875,48730828378
2021-11-11,233.9139862060547,246.4471893310547,229.74851989746094,234.24075317382812,2693456862.0,4635.45361328125,4778.05908203125,4580.990234375,4730.38427734375,17933201129.0,64978.890625,65579.015625,64180.48828125,64949.9609375,35880633236
2021-11-12,233.7212677001953,238.6956787109375,221.25294494628906,228.50209045410156,3022054714.0,4724.306640625,4808.73876953125,4510.92041015625,4667.115234375,18316060208.0,64863.98046875,65460.81640625,62333.9140625,64155.94140625,36084893887
2021-11-13,228.59625244140625,241.8250274658203,225.075927734375,241.8250274658203,2322796265.0,4666.71923828125,4702.115234375,4582.1806640625,4651.46044921875,14457436261.0,64158.12109375,64915.67578125,63303.734375,64469.52734375,30474228777
2021-11-14,241.8621063232422,242.04489135742188,230.6894073486328,238.42552185058594,1705211600.0,4648.6328125,4689.8427734375,4516.935546875,4626.35888671875,12172962219.0,64455.37109375,65495.1796875,63647.80859375,65466.83984375,25122092191
2021-11-15,238.7313995361328,245.97610473632812,235.09910583496094,237.55360412597656,2414551003.0,4627.0908203125,4764.63623046875,4546.59912109375,4557.50390625,16275851299.0,65521.2890625,66281.5703125,63548.14453125,63557.87109375,30558763548
2021-11-16,238.4971466064453,238.4971466064453,215.4420928955078,219.23902893066406,3557977024.0,4570.47802734375,4891.70458984375,4144.3349609375,4216.365234375,27417502801.0,63721.1953125,63721.1953125,59016.3359375,60161.24609375,46844335592
2021-11-17,219.29563903808594,222.02883911132812,210.02694702148438,218.71524047851562,2982505239.0,4213.91064453125,4300.306640625,4107.1259765625,4287.59375,22183461850.0,60139.62109375,60823.609375,58515.41015625,60368.01171875,39178392930
2021-11-18,218.87557983398438,222.87693786621094,187.67312622070312,195.48741149902344,3911214658.0,4287.80224609375,4343.55712890625,3959.227783203125,4000.65087890625,21383250893.0,60360.13671875,60948.5,56550.79296875,56942.13671875,41388338699
2021-11-19,195.0662841796875,219.3670654296875,189.7501678466797,215.28001403808594,3431624914.0,3995.7294921875,4311.7138671875,3982.91748046875,4298.306640625,20626269711.0,56896.12890625,58351.11328125,55705.1796875,58119.578125,38702407772
2021-11-20,215.4069061279297,221.44534301757812,206.28587341308594,218.01527404785156,2003638941.0,4298.3505859375,4434.38818359375,4209.24267578125,4409.93115234375,15448261277.0,58115.08203125,59859.87890625,57469.7265625,59697.1953125,30624264863
2021-11-21,217.78402709960938,235.2309112548828,210.8097381591797,231.28262329101562,2636480460.0,4412.1953125,4422.49169921875,4255.455078125,4269.73291015625,14094831413.0,59730.5078125,60004.42578125,58618.9296875,58730.4765625,26123447605
2021-11-22,230.98963928222656,231.90481567382812,212.03009033203125,215.73727416992188,3254258844.0,4266.50927734375,4302.02294921875,4033.572265625,4088.457763671875,19752218877.0,58706.84765625,59266.359375,55679.83984375,56289.2890625,35036121783
2021-11-23,215.84295654296875,226.06173706054688,211.31222534179688,221.83689880371094,2328763768.0,4089.680419921875,4385.4833984375,4069.7666015625,4340.763671875,22133497059.0,56304.5546875,57875.515625,55632.76171875,57569.07421875,37485803899
2021-11-24,221.86061096191406,222.4592742919922,200.5026092529297,214.92153930664062,2293934142.0,4340.0361328125,4376.8759765625,4176.18359375,4239.9814453125,21838037128.0,57565.8515625,57803.06640625,55964.22265625,56280.42578125,36635566789
2021-11-25,205.88616943359375,216.4005126953125,202.3234100341797,206.25299072265625,2586718627.0,4271.39453125,4550.51806640625,4249.7744140625,4274.7431640625,18705358318.0,57165.41796875,59367.96875,57146.68359375,57274.6796875,34284016248
2021-11-26,210.04827880859375,210.50457763671875,184.32827758789062,191.51174926757812,3380122748.0,4522.208984375,4550.84228515625,3933.506591796875,4030.908935546875,26281795488.0,58960.28515625,59183.48046875,53569.765625,53569.765625,41810748221
2021-11-27,192.2835693359375,199.364990234375,191.04054260253906,193.10215759277344,1443178833.0,4042.9990234375,4187.68408203125,4033.513916015625,4096.912109375,16515693874.0,53736.4296875,55329.2578125,53668.35546875,54815.078125,30560857714
2021-11-28,193.27560424804688,201.6287078857422,182.37245178222656,200.67665100097656,2033215941.0,4101.64892578125,4297.91650390625,3989.969970703125,4294.45361328125,15953126340.0,54813.0234375,57393.84375,53576.734375,57248.45703125,28116886357
2021-11-29,200.82127380371094,212.44580078125,199.9542999267578,204.31936645507812,2110532147.0,4296.94677734375,4460.8486328125,4284.5048828125,4445.10498046875,19086475837.0,57291.90625,58872.87890625,56792.52734375,57806.56640625,32370840356
2021-11-30,204.23294067382812,218.33938598632812,200.08433532714844,208.67098999023438,2888387657.0,4447.76806640625,4753.26611328125,4358.07421875,4631.47900390625,28626354111.0,57830.11328125,59113.40234375,56057.28125,57005.42578125,36708594618
2021-12-01,208.39315795898438,232.38621520996094,208.1522674560547,229.7992401123047,3532771294.0,4623.6796875,4780.732421875,4530.2724609375,4586.990234375,27634826695.0,56907.96484375,59041.68359375,56553.08203125,57229.828125,36858195307
2021-12-02,229.85470581054688,243.11166381835938,220.38717651367188,233.9930419921875,4074103518.0,4586.3330078125,4628.919921875,4441.5078125,4511.30224609375,21502671027.0,57217.37109375,57349.234375,55895.1328125,56477.81640625,32379968686
2021-12-03,233.60189819335938,239.12210083007812,207.32977294921875,211.22439575195312,4061060881.0,4514.35595703125,4647.2890625,4100.1455078125,4220.7060546875,25879591528.0,56509.1640625,57482.16796875,52496.5859375,53598.24609375,39789134215
2021-12-04,212.1123809814453,212.8075408935547,171.55357360839844,201.1248321533203,5949505665.0,4227.76220703125,4242.7255859375,3525.494140625,4119.58740234375,38478999182.0,53727.87890625,53904.6796875,42874.6171875,49200.703125,61385677469
2021-12-05,200.78060913085938,204.6174774169922,182.01681518554688,196.1682586669922,3402591975.0,4119.62890625,4246.92333984375,4040.217529296875,4198.32275390625,25533062707.0,49201.51953125,49768.1484375,47857.49609375,49368.84765625,37198201161
2021-12-06,196.5474853515625,197.66302490234375,176.8880615234375,194.19921875,3693853028.0,4199.0,4375.5205078125,3930.806640625,4358.7373046875,28229518513.0,49413.48046875,50929.51953125,47281.03515625,50582.625,37707308001
2021-12-07,194.27659606933594,204.11849975585938,188.2808074951172,190.59690856933594,2556849839.0,4358.5869140625,4428.58935546875,4264.32373046875,4315.0615234375,22366213354.0,50581.828125,51934.78125,50175.80859375,50700.0859375,33676814852
2021-12-08,190.5050048828125,196.37411499023438,184.13270568847656,194.6217041015625,2277446203.0,4311.67431640625,4453.1123046875,4234.53759765625,4439.35791015625,18704315119.0,50667.6484375,51171.375,48765.98828125,50504.796875,28479699446
2021-12-09,194.48329162597656,196.6897430419922,178.79214477539062,181.17808532714844,1968182104.0,4433.02490234375,4482.31396484375,4078.84423828125,4119.81591796875,22296131874.0,50450.08203125,50797.1640625,47358.3515625,47672.12109375,29603577251
2021-12-10,181.46755981445312,184.68942260742188,167.954833984375,167.954833984375,2118266396.0,4113.58837890625,4227.11181640625,3897.767578125,3908.49609375,28014595631.0,47642.14453125,50015.25390625,47023.69921875,47243.3046875,30966005122
2021-12-11,167.9166259765625,173.8984832763672,161.86000061035156,171.94949340820312,1877844189.0,3909.667724609375,4095.6484375,3846.054443359375,4084.452392578125,19131502454.0,47264.6328125,49458.2109375,46942.34765625,49362.5078125,25775869261
2021-12-12,171.9483184814453,176.6494140625,167.8612518310547,173.43167114257812,1196808540.0,4084.811279296875,4173.60888671875,3993.055908203125,4134.453125,14057603914.0,49354.85546875,50724.8671875,48725.8515625,50098.3359375,21939223599
2021-12-13,173.0999298095703,173.0999298095703,148.5718231201172,155.2130584716797,2547597256.0,4136.35986328125,4145.955078125,3680.609130859375,3784.226806640625,23999841386.0,50114.7421875,50205.0,45894.84765625,46737.48046875,32166727776
2021-12-14,155.14166259765625,161.61827087402344,150.11798095703125,153.34144592285156,2604045117.0,3782.82275390625,3866.6337890625,3700.104736328125,3745.4404296875,23836759957.0,46709.82421875,48431.3984375,46424.49609375,46612.6328125,34638619079
2021-12-15,161.35890197753906,182.51316833496094,157.65321350097656,178.34078979492188,3783787658.0,3862.25146484375,4086.372802734375,3664.719970703125,4018.388671875,26411188833.0,48379.75390625,49473.95703125,46671.96484375,48896.72265625,36541828520
2021-12-16,178.59153747558594,188.8787078857422,174.4509735107422,176.9546661376953,2766320569.0,4020.4150390625,4110.36865234375,3956.05712890625,3962.4697265625,19825531254.0,48900.46484375,49425.57421875,47529.87890625,47665.42578125,27268150947
2021-12-17,176.8949737548828,182.3936309814453,168.51873779296875,175.5032958984375,2711688386.0,3959.012451171875,3992.79248046875,3711.424560546875,3879.486572265625,23143541098.0,47653.73046875,48004.89453125,45618.21484375,46202.14453125,32902725329
2021-12-18,175.65635681152344,184.37518310546875,171.19656372070312,182.8351287841797,1690397976.0,3880.29150390625,3993.829833984375,3774.614990234375,3960.860107421875,19530895889.0,46219.25390625,47313.828125,45598.44140625,46848.77734375,26098292690
2021-12-19,182.8509063720703,189.26254272460938,178.75502014160156,180.09805297851562,1678714066.0,3960.872314453125,4018.658447265625,3894.398681640625,3922.592529296875,16167785597.0,46853.8671875,48089.6640625,46502.953125,46707.015625,25154053861
2021-12-20,179.9777374267578,181.15325927734375,168.6835174560547,173.67178344726562,1982986558.0,3923.69580078125,3980.0986328125,3759.4033203125,3933.844482421875,21589690675.0,46707.0625,47401.71875,45579.80859375,46880.27734375,30961902129
2021-12-21,173.69439697265625,182.41751098632812,170.49063110351562,180.09254455566406,1821107818.0,3938.4638671875,4058.8212890625,3918.837890625,4020.260009765625,16388555198.0,46886.078125,49300.91796875,46698.7734375,48936.61328125,27055803928
2021-12-22,179.85833740234375,187.4734344482422,177.42733764648438,178.5971221923828,1889229699.0,4018.69580078125,4073.79150390625,3947.690185546875,3982.099609375,13921756199.0,48937.09765625,49544.796875,48450.94140625,48628.51171875,24447979559
2021-12-23,178.5027618408203,193.2760467529297,176.116455078125,190.03631591796875,2191634326.0,3981.961669921875,4149.02685546875,3897.234375,4108.015625,18007273742.0,48626.34375,51332.33984375,48065.8359375,50784.5390625,28223878108
2021-12-24,190.1028594970703,197.15771484375,185.01937866210938,190.273193359375,2286837232.0,4111.34521484375,4134.1064453125,4029.064453125,4047.98291015625,12769090623.0,50806.05078125,51814.02734375,50514.49609375,50822.1953125,24367912228
2021-12-25,190.53160095214844,195.14923095703125,189.0322265625,193.1209259033203,1443209769.0,4049.781982421875,4138.56494140625,4027.927001953125,4093.281005859375,10894785525.0,50854.91796875,51176.59765625,50236.70703125,50429.859375,19030650914
2021-12-26,192.92051696777344,200.64419555664062,190.8236846923828,198.000732421875,1971114647.0,4094.151611328125,4105.02392578125,4013.0263671875,4067.328125,11197244172.0,50428.69140625,51196.37890625,49623.10546875,50809.515625,20964372926
2021-12-27,197.88340759277344,204.5785675048828,195.16079711914062,195.42950439453125,1800094698.0,4064.746337890625,4126.00146484375,4033.492431640625,4037.547607421875,11424360002.0,50802.609375,51956.328125,50499.46875,50640.41796875,24324345758
2021-12-28,195.6216583251953,195.6216583251953,177.0403594970703,177.42562866210938,2826063568.0,4037.5380859375,4037.5380859375,3769.280029296875,3800.89306640625,17299472803.0,50679.859375,50679.859375,47414.2109375,47588.85546875,33430376883
2021-12-29,177.3890380859375,180.5907745361328,170.44342041015625,170.65756225585938,2175731146.0,3797.436279296875,3827.98193359375,3612.7958984375,3628.53173828125,15722555672.0,47623.87109375,48119.7421875,46201.49609375,46444.7109375,30049226299
2021-12-30,170.76478576660156,175.691162109375,168.3984832763672,172.75119018554688,1540637869.0,3632.2197265625,3767.559814453125,3595.204833984375,3713.85205078125,12925377999.0,46490.60546875,47879.96484375,46060.3125,47178.125,26686491018
2021-12-31,172.70384216308594,177.35704040527344,168.31207275390625,170.299072265625,1567918820.0,3713.43017578125,3807.288818359375,3636.869873046875,3682.6328125,14157285268.0,47169.37109375,48472.52734375,45819.953125,46306.4453125,36974172400
2022-01-01,170.3108367919922,178.96224975585938,170.19554138183594,178.5179443359375,1084780603.0,3683.047119140625,3769.91796875,3682.28662109375,3769.697021484375,9776191466.0,46311.74609375,47827.3125,46288.484375,47686.8125,24582667004
2022-01-02,178.53240966796875,179.43235778808594,175.01231384277344,176.38284301757812,995389409.0,3769.29833984375,3836.161865234375,3727.357421875,3829.56494140625,9881471548.0,47680.92578125,47881.40625,46856.9375,47345.21875,27951569547
2022-01-03,176.3863067626953,176.3863067626953,167.5339813232422,170.29774475097656,1345778058.0,3829.53564453125,3836.19873046875,3698.047607421875,3761.38037109375,12080777893.0,47343.54296875,47510.7265625,45835.96484375,46458.1171875,33071628362
2022-01-04,170.28611755371094,173.735107421875,166.74012756347656,167.93890380859375,1499265336.0,3761.361572265625,3876.78515625,3723.349853515625,3794.056640625,14030925983.0,46458.8515625,47406.546875,45752.46484375,45897.57421875,42494677905
2022-01-05,167.94033813476562,171.11045837402344,148.2161102294922,155.0997314453125,2123759721.0,3794.26904296875,3842.059814453125,3456.745361328125,3550.386962890625,18061338502.0,45899.359375,46929.046875,42798.22265625,43569.00390625,36851084859
2022-01-06,155.10592651367188,155.10592651367188,146.66766357421875,150.4313507080078,2097172620.0,3549.708984375,3549.708984375,3335.376708984375,3418.408203125,24293791313.0,43565.51171875,43748.71875,42645.5390625,43160.9296875,30208048289
2022-01-07,150.4134063720703,150.5209503173828,135.14999389648438,136.40281677246094,2926269672.0,3417.837890625,3420.4619140625,3117.38134765625,3193.21044921875,24494179209.0,43153.5703125,43153.5703125,41077.4453125,41557.90234375,84196607520
2022-01-08,136.40016174316406,147.83731079101562,134.02101135253906,142.51345825195312,2730000333.0,3193.50244140625,3240.304443359375,3020.880859375,3091.97265625,16037732700.0,41561.46484375,42228.94140625,40672.27734375,41733.94140625,28066355845
2022-01-09,142.54312133789062,145.44041442871094,138.39410400390625,140.83900451660156,1599123912.0,3091.6962890625,3206.790771484375,3075.911376953125,3157.75146484375,12334683863.0,41734.7265625,42663.94921875,41338.16015625,41911.6015625,21294384372
2022-01-10,140.83363342285156,143.56336975097656,130.7969970703125,135.95494079589844,2040883379.0,3157.570556640625,3177.21337890625,2947.68359375,3083.097900390625,19535744145.0,41910.23046875,42199.484375,39796.5703125,41821.26171875,32104232331
2022-01-11,135.94090270996094,143.29904174804688,134.13397216796875,140.18385314941406,1554197314.0,3082.990966796875,3247.511962890625,3061.140625,3238.111572265625,15211447193.0,41819.5078125,43001.15625,41407.75390625,42735.85546875,26327648900
2022-01-12,140.20375061035156,152.9364776611328,138.5462646484375,151.70310974121094,2242337550.0,3238.449951171875,3401.219970703125,3216.718017578125,3372.25830078125,16662871689.0,42742.1796875,44135.3671875,42528.98828125,43949.1015625,33499938689
2022-01-13,151.6905975341797,157.54373168945312,146.01004028320312,146.01004028320312,2177023564.0,3372.10498046875,3396.9697265625,3247.91748046875,3248.28857421875,15294466275.0,43946.7421875,44278.421875,42447.04296875,42591.5703125,47691135082
2022-01-14,146.02590942382812,150.469482421875,142.39068603515625,146.15902709960938,1822320951.0,3248.648681640625,3330.76611328125,3203.82373046875,3310.00146484375,13562957230.0,42598.87109375,43346.6875,41982.6171875,43099.69921875,23577403399
2022-01-15,146.18002319335938,149.35018920898438,144.4191436767578,147.80117797851562,1123271784.0,3309.84423828125,3364.537841796875,3278.6708984375,3330.53076171875,9619999078.0,43101.8984375,43724.671875,42669.03515625,43177.3984375,18371348298
2022-01-16,147.78660583496094,151.7723388671875,146.4017791748047,147.8565216064453,1172854751.0,3330.38720703125,3376.401123046875,3291.563720703125,3350.921875,9505934874.0,43172.0390625,43436.80859375,42691.0234375,43113.87890625,17902097845
2022-01-17,147.8767852783203,148.20587158203125,137.50003051757812,139.92601013183594,1487772250.0,3350.947265625,3355.8193359375,3157.22412109375,3212.304931640625,12344309617.0,43118.12109375,43179.390625,41680.3203125,42250.55078125,21690904261
2022-01-18,139.93276977539062,142.46649169921875,134.8957977294922,141.58718872070312,1449435942.0,3212.28759765625,3236.01611328125,3096.12353515625,3164.025146484375,13024154091.0,42250.07421875,42534.40234375,41392.21484375,42375.6328125,22417209227
2022-01-19,141.5469970703125,142.29408264160156,133.3551788330078,135.79238891601562,1444663456.0,3163.850341796875,3171.158447265625,3055.21240234375,3095.825927734375,13187424144.0,42374.0390625,42478.3046875,41242.9140625,41744.328125,23091543258
2022-01-20,135.7913360595703,143.61740112304688,127.17404174804688,127.20528411865234,984099352.0,3095.271728515625,3265.3369140625,3000.908203125,3001.1201171875,10645922764.0,41744.02734375,43413.0234375,40672.82421875,40680.41796875,20382033940
2022-01-21,127.33333587646484,128.432861328125,107.90899658203125,111.96605682373047,3771688473.0,3002.956787109375,3029.0810546875,2496.81298828125,2557.931640625,26796291874.0,40699.60546875,41060.52734375,35791.42578125,36457.31640625,43011992031
2022-01-22,111.9765396118164,113.58767700195312,89.28715515136719,94.1783676147461,4039466376.0,2561.145263671875,2615.247314453125,2330.247314453125,2405.18115234375,27369692036.0,36471.58984375,36688.8125,34349.25,35030.25,39714385405
2022-01-23,94.30760192871094,104.51920318603516,93.5934829711914,99.5782241821289,2548191912.0,2406.92431640625,2542.144775390625,2381.51513671875,2535.0390625,16481489511.0,35047.359375,36433.3125,34784.96875,36276.8046875,26017975951
2022-01-24,99.61751556396484,99.77051544189453,81.2260513305664,91.65016174316406,4664539688.0,2535.89111328125,2537.20849609375,2172.30126953125,2440.352294921875,28220804648.0,36275.734375,37247.51953125,33184.05859375,36654.328125,41856658597
2022-01-25,91.66015625,99.70123291015625,87.75712585449219,94.72035217285156,2842652332.0,2440.3935546875,2498.507080078125,2359.384765625,2455.93505859375,16179776932.0,36654.8046875,37444.5703125,35779.4296875,36954.00390625,26428189594
2022-01-26,94.71883392333984,103.7215576171875,89.80755615234375,92.23804473876953,3177186515.0,2455.5791015625,2705.7841796875,2417.68310546875,2468.0302734375,21229909340.0,36950.515625,38825.41015625,36374.90625,36852.12109375,31324598034
2022-01-27,92.21805572509766,94.05999755859375,86.18603515625,89.63249206542969,2513945822.0,2467.1884765625,2510.45166015625,2328.4521484375,2423.001220703125,16126522783.0,36841.87890625,37148.32421875,35629.28125,37138.234375,25041426629
2022-01-28,89.52909088134766,93.36466979980469,87.5742416381836,91.31289672851562,2156098049.0,2421.64697265625,2548.778564453125,2367.833740234375,2547.092041015625,14666227351.0,37128.4453125,37952.87890625,36211.109375,37784.33203125,22238830523
2022-01-29,91.35469818115234,98.61104583740234,90.96379852294922,96.2234878540039,1727329992.0,2546.590576171875,2627.609375,2526.98974609375,2597.084716796875,11172062661.0,37780.71484375,38576.26171875,37406.47265625,38138.1796875,17194183075
2022-01-30,96.2490005493164,97.29832458496094,91.70702362060547,93.29767608642578,1110338981.0,2598.56494140625,2631.408447265625,2550.4609375,2603.466552734375,9501221177.0,38151.91796875,38266.33984375,37437.7109375,37917.6015625,14643548444
2022-01-31,93.3011703491211,100.7250747680664,89.58599090576172,99.73883819580078,1888454241.0,2603.263427734375,2697.7353515625,2489.072265625,2688.27880859375,13778234614.0,37920.28125,38647.26171875,36733.57421875,38483.125,20734730465
2022-02-01,99.72594451904297,112.9801254272461,99.47785949707031,109.9789810180664,3568466349.0,2687.89892578125,2802.3154296875,2682.621826171875,2792.1171875,13194846235.0,38481.765625,39115.1328125,38113.6640625,38743.2734375,20288500328
2022-02-02,110.01945495605469,111.95736694335938,97.735595703125,101.83760070800781,3297984784.0,2791.958984375,2802.212158203125,2630.120361328125,2682.85400390625,13876301217.0,38743.71484375,38834.6171875,36832.73046875,36952.984375,19155189416
2022-02-03,101.8281021118164,102.66846466064453,94.63531494140625,101.45903778076172,2618951519.0,2682.22607421875,2712.482666015625,2587.783447265625,2679.16259765625,12755505065.0,36944.8046875,37154.6015625,36375.5390625,37154.6015625,18591534769
2022-02-04,101.34093475341797,112.41033172607422,100.67737579345703,112.17424774169922,3121470028.0,2681.0576171875,2983.5869140625,2675.44384765625,2983.5869140625,18987223729.0,37149.265625,41527.78515625,37093.62890625,41500.875,29412210792
2022-02-05,112.20548248291016,118.21311950683594,110.53406524658203,113.89430236816406,2337469324.0,2984.446044921875,3054.130126953125,2966.781005859375,3014.648193359375,13102093957.0,41501.48046875,41847.1640625,41038.09765625,41441.1640625,19652846215
2022-02-06,113.90282440185547,115.86648559570312,112.18635559082031,115.29975891113281,1488437091.0,3014.959716796875,3061.26123046875,2965.429931640625,3057.47607421875,9466018022.0,41441.12109375,42500.78515625,41244.90625,42412.43359375,16142097334
2022-02-07,115.27619171142578,121.55403137207031,113.14046478271484,117.35514831542969,2501444983.0,3057.422119140625,3182.5283203125,3002.927001953125,3142.470703125,15197063785.0,42406.78125,44401.86328125,41748.15625,43840.28515625,28641855926
2022-02-08,117.4089126586914,119.96955108642578,110.241943359375,113.5954818725586,2670414753.0,3143.008544921875,3219.47265625,3038.3779296875,3122.608642578125,17136080906.0,43854.65234375,45293.8671875,42807.8359375,44118.4453125,33079398868
2022-02-09,113.5340347290039,116.82732391357422,109.97865295410156,114.01937866210938,1844036035.0,3121.1826171875,3263.15576171875,3063.16015625,3239.45703125,13951308490.0,44096.703125,44727.80078125,43232.96875,44338.796875,23245887300
2022-02-10,114.02164459228516,114.78842163085938,106.20280456542969,106.20280456542969,2534257400.0,3240.113037109375,3271.316162109375,3070.378173828125,3077.482177734375,18629485080.0,44347.80078125,45661.171875,43402.80859375,43565.11328125,32142048537
2022-02-11,106.22976684570312,107.84539031982422,95.60428619384766,96.38188171386719,2244853464.0,3077.4130859375,3127.45068359375,2888.707763671875,2927.383544921875,16043881065.0,43571.12890625,43810.83203125,42114.5390625,42407.9375,26954925781
2022-02-12,96.4014892578125,99.55365753173828,93.49864196777344,95.91820526123047,1722515979.0,2927.386474609375,2980.079345703125,2870.177001953125,2917.36279296875,11254355757.0,42412.30078125,42992.55078125,41852.57421875,42244.46875,18152390304
2022-02-13,95.89258575439453,97.20621490478516,91.81570434570312,93.24410247802734,1150014559.0,2916.78955078125,2947.776611328125,2845.397705078125,2883.46337890625,9054963563.0,42236.56640625,42693.0546875,41950.94140625,42197.515625,14741589015
2022-02-14,93.19368743896484,97.74172973632812,91.20769500732422,96.43327331542969,1787236369.0,2880.187744140625,2957.963623046875,2840.257568359375,2933.47900390625,12164552172.0,42157.3984375,42775.77734375,41681.95703125,42586.91796875,20827783012
2022-02-15,96.43740844726562,105.29197692871094,96.43329620361328,104.87330627441406,2134576044.0,2933.72900390625,3185.520751953125,2917.857177734375,3179.877197265625,13921257873.0,42586.46484375,44667.21875,42491.03515625,44575.203125,22721659051
2022-02-16,104.92504119873047,105.34634399414062,98.58037567138672,101.93289947509766,1908954820.0,3180.44677734375,3181.616943359375,3055.168212890625,3127.830078125,12352406833.0,44578.27734375,44578.27734375,43456.69140625,43961.859375,19792547657
2022-02-17,101.89823150634766,102.6329345703125,92.6762466430664,93.4104232788086,1872498133.0,3126.8583984375,3154.615234375,2861.85205078125,2881.48193359375,15860206214.0,43937.0703125,44132.97265625,40249.37109375,40538.01171875,26246662813
2022-02-18,93.46298217773438,96.20182037353516,89.70610809326172,90.06546020507812,1669246812.0,2884.340576171875,2937.30859375,2761.643310546875,2785.7275390625,15748173433.0,40552.1328125,40929.15234375,39637.6171875,40030.9765625,23310007704
2022-02-19,90.0518798828125,92.54096221923828,88.95311737060547,91.49665069580078,1084605729.0,2784.872802734375,2826.347900390625,2707.37841796875,2763.701171875,9774183169.0,40026.0234375,40418.87890625,39713.05859375,40122.15625,13736557863
2022-02-20,91.44432067871094,93.32028198242188,86.01744079589844,90.90141296386719,1912980153.0,2763.756591796875,2763.756591796875,2585.9462890625,2628.6484375,11641437834.0,40118.1015625,40119.890625,38112.8125,38431.37890625,18340576452
2022-02-21,90.88302612304688,95.90409088134766,83.11844635009766,83.12316131591797,2892900595.0,2627.66552734375,2752.45849609375,2568.25439453125,2573.816162109375,18646392740.0,38423.2109375,39394.4375,36950.4765625,37075.28125,29280402798
2022-02-22,83.10639953613281,87.16397857666016,81.2048568725586,86.46538543701172,2046554018.0,2572.898681640625,2648.916748046875,2510.6787109375,2639.29931640625,16360200507.0,37068.76953125,38359.85546875,36488.93359375,38286.02734375,25493150450
2022-02-23,86.47079467773438,92.73844146728516,84.90278625488281,84.90278625488281,2293962445.0,2639.447021484375,2741.368408203125,2587.412841796875,2590.359619140625,13382637240.0,38285.28125,39122.39453125,37201.81640625,37296.5703125,21849073843
2022-02-24,84.86357879638672,92.2793960571289,76.85957336425781,89.19474792480469,5253578948.0,2588.166259765625,2689.047607421875,2308.914794921875,2598.067138671875,29312342666.0,37278.56640625,38968.83984375,34459.21875,38332.609375,46383802093
2022-02-25,89.22813415527344,94.7778091430664,87.27616119384766,92.59882354736328,3069242551.0,2598.436279296875,2821.972412109375,2579.2080078125,2764.53564453125,17208902048.0,38333.74609375,39630.32421875,38111.34375,39214.21875,26545599159
2022-02-26,92.6088638305664,94.60433197021484,89.75767517089844,90.14156341552734,1721041901.0,2764.989501953125,2849.424072265625,2745.009033203125,2781.11181640625,11724648351.0,39213.08203125,40005.34765625,38702.53515625,39105.1484375,17467554129
2022-02-27,90.1246337890625,91.98943328857422,84.49292755126953,85.51905059814453,2012522473.0,2780.50439453125,2831.12548828125,2581.61572265625,2621.8017578125,16150857254.0,39098.69921875,39778.94140625,37268.9765625,37709.78515625,23450127612
2022-02-28,85.50110626220703,101.04179382324219,84.57584381103516,99.52034759521484,3457872746.0,2621.172119140625,2929.180419921875,2586.38818359375,2919.201171875,19266124733.0,37706.0,43760.45703125,37518.21484375,43193.234375,35690014104
2022-03-01,99.54046630859375,101.55915832519531,94.89342498779297,98.65355682373047,3225742519.0,2919.77587890625,3029.651611328125,2868.93896484375,2972.485107421875,18757425786.0,43194.50390625,44793.6015625,42952.5859375,44354.63671875,32479047645
2022-03-02,98.6490707397461,105.98477172851562,97.10579681396484,100.6496353149414,3800592927.0,2972.471923828125,3026.8681640625,2919.943115234375,2950.118408203125,16636517503.0,44357.6171875,45077.578125,43432.8515625,43924.1171875,29183112630
2022-03-03,100.65377044677734,101.4272689819336,94.37796020507812,95.53919982910156,2309311748.0,2950.15673828125,2964.67333984375,2797.3193359375,2834.468994140625,13091199728.0,43925.1953125,44021.578125,41914.75,42451.7890625,24967782593
2022-03-04,95.5670394897461,95.7081298828125,87.554443359375,88.24597930908203,2592829728.0,2834.9873046875,2835.17626953125,2587.748291015625,2617.156005859375,14496939024.0,42458.140625,42479.61328125,38805.84765625,39137.60546875,28516271427
2022-03-05,88.29053497314453,91.03617858886719,86.2888412475586,89.64784240722656,1437161887.0,2618.4736328125,2679.1025390625,2596.989990234375,2664.8310546875,8072368396.0,39148.44921875,39566.3359375,38777.03515625,39400.5859375,16975917450
2022-03-06,89.64859008789062,89.8653793334961,84.32964324951172,84.54218292236328,1467561782.0,2664.943603515625,2673.63720703125,2555.037353515625,2555.037353515625,8872976607.0,39404.19921875,39640.17578125,38211.6484375,38419.984375,19745229902
2022-03-07,84.55287170410156,86.48308563232422,80.31684875488281,82.13006591796875,2375648176.0,2555.297607421875,2639.943115234375,2455.59375,2497.771240234375,14594098731.0,38429.3046875,39430.2265625,37260.203125,38062.0390625,28546143503
2022-03-08,82.11260223388672,84.77989959716797,81.54011535644531,82.2547607421875,2112765959.0,2497.721435546875,2618.166015625,2489.755126953125,2576.74755859375,13922922903.0,38059.90234375,39304.44140625,37957.38671875,38737.26953125,25776583476
2022-03-09,82.27992248535156,89.48204803466797,82.20623779296875,88.20206451416016,2624860794.0,2577.165283203125,2761.79638671875,2573.6552734375,2729.783447265625,14173665398.0,38742.81640625,42465.671875,38706.09375,41982.92578125,32284121034
2022-03-10,88.19039916992188,88.45394897460938,81.01934051513672,82.9390869140625,2196400279.0,2729.116455078125,2729.116455078125,2566.193115234375,2608.048583984375,13292477213.0,41974.0703125,42004.7265625,38832.94140625,39437.4609375,31078064711
2022-03-11,82.94074249267578,84.05066680908203,80.28123474121094,80.7449951171875,1852734626.0,2608.271240234375,2664.55859375,2534.688232421875,2559.56298828125,12382419582.0,39439.96875,40081.6796875,38347.43359375,38794.97265625,26364890465
2022-03-12,80.74752044677734,82.66375732421875,80.72209930419922,81.55381774902344,1036290480.0,2559.66064453125,2606.438720703125,2559.126953125,2574.754150390625,6532996574.0,38794.46484375,39308.59765625,38772.53515625,38904.01171875,14616450657
2022-03-13,81.53121948242188,82.8830337524414,78.00438690185547,78.93607330322266,1316842580.0,2573.488037109375,2594.5498046875,2503.88525390625,2518.944580078125,8632000379.0,38884.7265625,39209.3515625,37728.14453125,37849.6640625,17300745310
2022-03-14,78.92557525634766,82.09930419921875,78.27435302734375,81.17333984375,1676601058.0,2518.486328125,2604.034423828125,2505.29931640625,2590.696044921875,11244398839.0,37846.31640625,39742.5,37680.734375,39666.75390625,24322159070
2022-03-15,81.17005920410156,85.5193099975586,79.07177734375,82.95508575439453,1627848455.0,2590.6689453125,2662.32958984375,2515.765869140625,2620.149658203125,12861105614.0,39664.25,39794.62890625,38310.2109375,39338.78515625,23934000868
2022-03-16,82.95167541503906,87.90362548828125,81.65324401855469,87.90362548828125,2370877301.0,2620.028564453125,2781.30712890625,2610.764404296875,2772.0556640625,17915109769.0,39335.5703125,41465.453125,39022.34765625,41143.9296875,39616916192
2022-03-17,87.86245727539062,90.75728607177734,86.75122833251953,87.87684631347656,2440062581.0,2771.964111328125,2826.16064453125,2751.560791015625,2814.8544921875,12685265194.0,41140.84375,41287.53515625,40662.87109375,40951.37890625,22009601093
2022-03-18,87.86626434326172,91.84861755371094,84.63697814941406,89.82203674316406,2745357460.0,2814.4345703125,2973.6162109375,2774.855712890625,2945.343017578125,15830879093.0,40944.83984375,42195.74609375,40302.3984375,41801.15625,34421564942
2022-03-19,89.8204574584961,94.36089324951172,89.39261627197266,92.41815185546875,1951674158.0,2944.7216796875,2979.987060546875,2910.80224609375,2946.257080078125,11576463120.0,41794.6484375,42316.5546875,41602.66796875,42190.65234375,19664853187
2022-03-20,92.41366577148438,92.43592071533203,88.15045928955078,88.61486053466797,1286133603.0,2946.547607421875,2956.965576171875,2826.107421875,2860.459228515625,12684727326.0,42191.40625,42241.1640625,41004.7578125,41247.82421875,20127946682
2022-03-21,88.6050033569336,91.0119857788086,87.2076416015625,88.7572021484375,1598537312.0,2860.103271484375,2954.556640625,2838.25048828125,2897.9765625,15206116098.0,41246.1328125,41454.41015625,40668.04296875,41077.99609375,24615543271
2022-03-22,88.74190521240234,93.76680755615234,88.18277740478516,90.51296997070312,1879747152.0,2897.774169921875,3040.3828125,2892.54443359375,2973.131103515625,16830539230.0,41074.10546875,43124.70703125,40948.28125,42358.80859375,32004652376
2022-03-23,90.51393127441406,96.05184173583984,89.81146240234375,95.1026840209961,2099467745.0,2973.14501953125,3036.752197265625,2933.306640625,3031.067138671875,16008767658.0,42364.37890625,42893.5078125,41877.5078125,42892.95703125,25242943069
2022-03-24,95.02090454101562,103.45579528808594,94.06550598144531,102.22369384765625,3601646600.0,3031.060791015625,3118.3876953125,3012.32666015625,3108.06201171875,18070503166.0,42886.65234375,44131.85546875,42726.1640625,43960.93359375,31042992291
2022-03-25,102.23835754394531,104.58296203613281,97.31824493408203,98.6581039428711,2175497007.0,3108.448974609375,3183.9580078125,3087.49072265625,3106.67138671875,17030503831.0,43964.546875,44999.4921875,43706.28515625,44348.73046875,30574413034
2022-03-26,98.666748046875,103.19357299804688,97.82968139648438,101.7641830444336,1282869612.0,3106.4052734375,3146.825439453125,3091.825439453125,3143.178955078125,8876420740.0,44349.859375,44735.99609375,44166.2734375,44500.828125,16950455995
2022-03-27,101.77369689941406,107.29871368408203,99.26909637451172,107.08422088623047,1572329892.0,3143.795654296875,3291.57763671875,3129.997802734375,3291.57763671875,13431866834.0,44505.35546875,46827.546875,44437.29296875,46820.4921875,28160889722
2022-03-28,107.07796478271484,113.17594909667969,105.47787475585938,106.46525573730469,2877146388.0,3292.322509765625,3424.019287109375,3279.027099609375,3336.634521484375,20620450770.0,46821.8515625,48086.8359375,46690.203125,47128.00390625,36362175703
2022-03-29,106.32798767089844,115.27571868896484,105.99919128417969,111.71031188964844,3052274877.0,3335.021240234375,3470.186279296875,3335.021240234375,3401.98779296875,19533323636.0,47100.4375,48022.2890625,47100.4375,47465.73046875,31397059069
2022-03-30,111.69025421142578,124.6050033569336,107.76725769042969,120.6994857788086,3908170428.0,3401.526123046875,3435.2861328125,3349.237060546875,3385.157958984375,15302506131.0,47456.8984375,47655.1484375,46746.2109375,47062.6640625,29333883962
2022-03-31,120.68155670166016,128.93011474609375,120.19783020019531,122.66146087646484,4115229587.0,3385.289306640625,3435.12841796875,3272.9345703125,3281.642822265625,17685495686.0,47062.1484375,47512.02734375,45390.5390625,45538.67578125,33327427106
2022-04-01,122.7361068725586,137.55841064453125,118.78791046142578,134.43093872070312,4434807484.0,3282.576171875,3467.555908203125,3223.891357421875,3449.55224609375,20982988937.0,45554.1640625,46616.2421875,44403.140625,46281.64453125,38162644287
2022-04-02,134.45358276367188,143.02001953125,132.13919067382812,132.19886779785156,3394186456.0,3449.78857421875,3521.28466796875,3442.000244140625,3445.059326171875,23571556215.0,46285.5,47028.28125,45782.51171875,45868.94921875,29336594194
2022-04-03,132.24107360839844,140.26370239257812,131.2261505126953,136.77532958984375,2585967812.0,3444.810546875,3573.960205078125,3421.259765625,3522.83349609375,15333808649.0,45859.12890625,47313.4765625,45634.10546875,46453.56640625,25414397610
2022-04-04,136.7607879638672,137.63351440429688,126.86532592773438,132.41262817382812,2828117206.0,3522.364990234375,3535.148193359375,3422.0009765625,3521.2412109375,18209969743.0,46445.2734375,46791.08984375,45235.81640625,46622.67578125,32499785455
2022-04-05,132.3878631591797,136.18284606933594,126.56397247314453,126.86223602294922,2239922210.0,3521.23974609375,3546.706787109375,3410.547607421875,3411.79248046875,16681503199.0,46624.5078125,47106.140625,45544.80859375,45555.9921875,29640604055
2022-04-06,126.85795593261719,127.28115844726562,112.773681640625,112.88338470458984,3281009143.0,3411.672119140625,3411.672119140625,3171.205078125,3171.69189453125,25632563639.0,45544.35546875,45544.35546875,43193.953125,43206.73828125,39393395788
2022-04-07,112.93579864501953,119.76071166992188,111.95746612548828,118.79651641845703,2431083313.0,3172.197265625,3263.474609375,3155.5810546875,3233.274658203125,16745496605.0,43207.5,43860.69921875,42899.90625,43503.84765625,26101973106
2022-04-08,118.81621551513672,122.25411987304688,108.5411605834961,109.8008804321289,2376864565.0,3233.2724609375,3301.607421875,3179.142333984375,3192.073974609375,17557050669.0,43505.13671875,43903.01953125,42183.2890625,42287.6640625,27215995394
2022-04-09,109.79875946044922,113.1148910522461,108.63433837890625,112.97279357910156,1202250516.0,3191.97607421875,3261.963134765625,3187.46923828125,3261.916259765625,9908112156.0,42282.078125,42786.81640625,42183.25390625,42782.13671875,16050772496
2022-04-10,112.97270965576172,115.8083267211914,110.07783508300781,111.74243927001953,1280232450.0,3261.29150390625,3303.003173828125,3211.866943359375,3211.866943359375,10427054790.0,42781.08984375,43376.37890625,42021.20703125,42207.671875,17654475582
2022-04-11,111.69898986816406,111.83113861083984,98.67085266113281,99.33910369873047,2272498194.0,3209.576904296875,3214.4619140625,2962.756591796875,2981.05224609375,21891804831.0,42201.0390625,42424.58984375,39373.05859375,39521.90234375,33949912166
2022-04-12,99.38467407226562,109.11756134033203,98.935302734375,103.30638885498047,2317008207.0,2981.420654296875,3077.45263671875,2957.872314453125,3030.37646484375,20235707410.0,39533.71484375,40617.5859375,39388.328125,40127.18359375,30991500854
2022-04-13,103.28101348876953,105.67684936523438,100.48845672607422,105.00194549560547,1675840412.0,3029.8779296875,3123.575439453125,3006.481689453125,3118.34423828125,16088473629.0,40123.5703125,41430.0546875,39712.74609375,41166.73046875,27691105228
2022-04-14,104.94060516357422,107.32963562011719,99.25684356689453,100.70780181884766,1686576071.0,3117.82177734375,3139.9287109375,2988.435302734375,3019.909423828125,15821419931.0,41160.21875,41451.48046875,39695.74609375,39935.515625,24342001973
2022-04-15,100.70652770996094,102.67264556884766,100.10089874267578,101.30977630615234,1050639351.0,3020.134521484375,3044.287353515625,3001.123291015625,3040.91650390625,11256651536.0,39939.40234375,40617.72265625,39866.83203125,40553.46484375,21756855753
2022-04-16,101.29869079589844,103.27172088623047,100.9647216796875,102.25731658935547,774939305.0,3041.123291015625,3074.886962890625,3016.421142578125,3062.310302734375,8766710365.0,40552.31640625,40633.6796875,40078.42578125,40424.484375,16833150693
2022-04-17,102.2484359741211,105.2945556640625,99.95817565917969,100.40969848632812,1057908299.0,3061.8818359375,3075.77587890625,2989.0439453125,2993.4033203125,10463091281.0,40417.77734375,40570.7265625,39620.89453125,39716.953125,19087633042
2022-04-18,100.40795135498047,102.51702880859375,95.2427749633789,102.15853118896484,1846133932.0,2993.48388671875,3062.52099609375,2893.912841796875,3057.606689453125,18629381299.0,39721.203125,40986.3203125,38696.19140625,40826.21484375,33705182072
2022-04-19,102.20238494873047,108.58203125,101.30172729492188,108.58203125,1711909607.0,3057.5703125,3125.084228515625,3035.53515625,3104.1064453125,14156035096.0,40828.17578125,41672.9609375,40618.6328125,41502.75,25303206547
2022-04-20,108.6021957397461,110.72297668457031,104.77265930175781,105.49700164794922,1761531528.0,3103.93505859375,3157.8857421875,3045.288330078125,3077.745849609375,15547362265.0,41501.74609375,42126.30078125,40961.09765625,41374.37890625,27819532341
2022-04-21,105.49767303466797,109.76532745361328,100.76715087890625,101.77613830566406,1838571747.0,3077.829345703125,3173.451416015625,2962.410400390625,2987.480712890625,20783591093.0,41371.515625,42893.58203125,40063.828125,40527.36328125,35372786395
2022-04-22,101.7574234008789,103.4981460571289,99.57942962646484,100.61205291748047,1274793594.0,2986.938720703125,3024.8544921875,2942.358642578125,2964.835693359375,16782795477.0,40525.86328125,40777.7578125,39315.41796875,39740.3203125,28011716745
2022-04-23,100.61978149414062,102.77123260498047,98.78157043457031,100.74443817138672,823252482.0,2964.80224609375,2975.32275390625,2926.740234375,2938.114013671875,9116955609.0,39738.72265625,39935.859375,39352.203125,39486.73046875,16138021249
2022-04-24,100.72718811035156,102.21668243408203,99.00851440429688,99.23579406738281,818266008.0,2937.34716796875,2961.882080078125,2922.128662109375,2922.732666015625,9696829579.0,39478.375,39845.92578125,39233.5390625,39469.29296875,17964398167
2022-04-25,99.24140930175781,101.44058990478516,94.75575256347656,101.24763488769531,1538486689.0,2922.990234375,3018.41552734375,2804.507080078125,3009.3935546875,22332690614.0,39472.60546875,40491.75390625,38338.37890625,40458.30859375,35445730570
2022-04-26,101.2248764038086,101.74248504638672,95.17789459228516,95.78215026855469,1301074534.0,3008.9462890625,3026.4150390625,2786.253173828125,2808.29833984375,19052045399.0,40448.421875,40713.890625,37884.984375,38117.4609375,34569088416
2022-04-27,95.7855224609375,100.54492950439453,95.28350067138672,98.37886810302734,1253566599.0,2808.64599609375,2911.87744140625,2802.2734375,2888.9296875,17419284041.0,38120.30078125,39397.91796875,37997.3125,39241.12109375,30981015184
2022-04-28,98.38214874267578,100.40122985839844,96.69452667236328,98.18572998046875,1307131609.0,2888.849853515625,2973.135009765625,2861.821533203125,2936.94091796875,18443524633.0,39241.4296875,40269.46484375,38941.421875,39773.828125,33903704907
2022-04-29,98.1829605102539,98.56856536865234,92.88426971435547,94.01134490966797,1234575023.0,2936.776611328125,2943.44580078125,2782.435302734375,2815.601806640625,18771041399.0,39768.6171875,39887.26953125,38235.53515625,38609.82421875,30882994649
2022-04-30,94.01355743408203,94.92884826660156,82.90953826904297,85.09593200683594,1293033765.0,2815.533447265625,2836.82763671875,2727.40625,2730.186767578125,13520941867.0,38605.859375,38771.2109375,37697.94140625,37714.875,23895713731
2022-05-01,85.09468841552734,92.43013000488281,84.94415283203125,89.6715087890625,1426749080.0,2729.994140625,2838.704345703125,2728.078857421875,2827.756103515625,15332730152.0,37713.265625,38627.859375,37585.7890625,38469.09375,27002760110
2022-05-02,89.67205810546875,90.69336700439453,85.40721893310547,87.58101654052734,1265220129.0,2827.614013671875,2874.14599609375,2785.52294921875,2857.410400390625,18609741545.0,38472.1875,39074.97265625,38156.5625,38529.328125,32922642426
2022-05-03,87.562744140625,88.68785858154297,84.92210388183594,85.84237670898438,1011988792.0,2857.15234375,2859.193359375,2762.11865234375,2783.476318359375,13026093219.0,38528.109375,38629.99609375,37585.62109375,37750.453125,27326943244
2022-05-04,85.84172821044922,92.93719482421875,85.72806549072266,92.7708511352539,1428455342.0,2783.131103515625,2956.686767578125,2779.273681640625,2940.644775390625,18186749944.0,37748.01171875,39902.94921875,37732.05859375,39698.37109375,36754404490
2022-05-05,92.76979064941406,95.03282165527344,81.83486938476562,84.59602355957031,1805979399.0,2940.2265625,2948.960693359375,2704.916259765625,2749.213134765625,22642925048.0,39695.74609375,39789.28125,35856.515625,36575.140625,43106256317
2022-05-06,84.58849334716797,84.64693450927734,80.46861267089844,81.76410675048828,1585081920.0,2748.931640625,2754.837646484375,2645.335205078125,2694.979736328125,21027599270.0,36573.18359375,36624.359375,35482.1328125,36040.921875,37795577489
2022-05-07,81.76667022705078,82.1807861328125,77.88323211669922,78.9834213256836,1139093165.0,2694.991943359375,2696.65283203125,2599.5234375,2636.093017578125,13369276367.0,36042.50390625,36129.92578125,34940.82421875,35501.953125,24375896406
2022-05-08,78.98763275146484,79.2837905883789,74.52718353271484,75.22018432617188,1439700868.0,2636.121826171875,2638.83056640625,2498.43017578125,2517.4599609375,20802269935.0,35502.94140625,35502.94140625,33878.96484375,34059.265625,36763041910
2022-05-09,75.23445892333984,76.98309326171875,63.2696533203125,63.2696533203125,2773999164.0,2518.50830078125,2528.258056640625,2238.062744140625,2245.430419921875,36333567678.0,34060.015625,34222.07421875,30296.953125,30296.953125,63355494961
2022-05-10,63.36931228637695,73.7598876953125,61.02658462524414,66.76615142822266,3677013066.0,2242.650390625,2450.76025390625,2206.7568359375,2343.510986328125,38202099639.0,30273.654296875,32596.30859375,29944.802734375,31022.90625,59811038817
2022-05-11,66.73474884033203,68.11722564697266,44.00382614135742,50.21084976196289,4432811558.0,2342.754150390625,2441.079345703125,2018.8555908203125,2072.108642578125,45743399154.0,31016.18359375,32013.40234375,28170.4140625,28936.35546875,70388855818
2022-05-12,50.23923110961914,53.65938949584961,38.05009078979492,44.683589935302734,4471167155.0,2072.504638671875,2170.4580078125,1748.3031005859375,1961.7015380859375,42463486402.0,28936.734375,30032.439453125,26350.490234375,29047.751953125,66989173272
2022-05-13,44.63357162475586,55.90211486816406,44.07636642456055,48.59355163574219,2854210432.0,1960.12255859375,2139.71337890625,1941.9759521484375,2014.418212890625,24816096567.0,29030.91015625,30924.802734375,28782.330078125,29283.103515625,42841124537
2022-05-14,48.67664337158203,53.06116485595703,46.22056579589844,52.4172248840332,2042138537.0,2014.2806396484375,2063.429931640625,1956.572998046875,2056.27392578125,15457044616.0,29285.642578125,30192.802734375,28702.91015625,30101.265625,28579868620
2022-05-15,52.43134307861328,58.87806701660156,49.834800720214844,58.81126022338867,1843835578.0,2056.18310546875,2147.1943359375,2008.1627197265625,2145.706787109375,14846088335.0,30098.5859375,31308.19140625,29527.740234375,31305.11328125,25835372065
2022-05-16,58.80391311645508,58.80391311645508,52.26792907714844,53.646461486816406,2067312217.0,2145.8369140625,2145.8369140625,1988.811767578125,2022.7259521484375,21459552191.0,31304.375,31305.341796875,29251.884765625,29862.91796875,32613897286
2022-05-17,53.656005859375,58.03807067871094,53.50530242919922,57.12562561035156,1823895389.0,2022.88232421875,2113.059814453125,2015.9715576171875,2090.4091796875,18509929297.0,29862.408203125,30694.490234375,29570.302734375,30425.857421875,29101473475
2022-05-18,57.11631774902344,57.69771957397461,49.73109436035156,49.75621032714844,1745565671.0,2090.4599609375,2102.32666015625,1916.6561279296875,1916.6561279296875,17740965589.0,30424.478515625,30618.716796875,28720.271484375,28720.271484375,31285268319
2022-05-19,49.794864654541016,53.617488861083984,48.63555145263672,52.2139778137207,1958004386.0,1916.1495361328125,2028.38818359375,1907.0205078125,2018.336181640625,18734247914.0,28720.359375,30430.751953125,28708.955078125,30314.333984375,33773447707
2022-05-20,52.211971282958984,53.43804168701172,48.05058288574219,49.538509368896484,1830699507.0,2018.0001220703125,2054.7958984375,1926.6767578125,1961.315673828125,15892482289.0,30311.119140625,30664.9765625,28793.60546875,29200.740234375,30749382605
2022-05-21,49.53544998168945,51.055049896240234,48.767486572265625,50.3179817199707,979492374.0,1961.0179443359375,1985.39599609375,1944.26513671875,1974.518310546875,8546822406.0,29199.859375,29588.869140625,29027.39453125,29432.2265625,17274840442
2022-05-22,50.32065963745117,53.02165985107422,49.86278533935547,52.75518035888672,1105760506.0,1974.670654296875,2047.19140625,1966.038818359375,2043.170166015625,10941123403.0,29432.47265625,30425.861328125,29275.18359375,30323.72265625,21631532270
2022-05-23,52.736087799072266,54.474647521972656,48.92724609375,49.05685043334961,1661669360.0,2042.3447265625,2080.33349609375,1964.3865966796875,1972.181884765625,16434529708.0,30309.396484375,30590.5859375,28975.560546875,29098.91015625,31483454557
2022-05-24,49.064231872558594,50.57752227783203,47.500823974609375,49.65333557128906,1508166642.0,1972.390869140625,1991.5355224609375,1920.6881103515625,1978.9827880859375,13057109007.0,29101.125,29774.35546875,28786.58984375,29655.5859375,26616506245
2022-05-25,49.64841842651367,50.4423713684082,47.67314529418945,47.982425689697266,1304580067.0,1978.677001953125,2014.3695068359375,1943.9385986328125,1944.827880859375,13364545730.0,29653.134765625,30157.78515625,29384.94921875,29562.361328125,27525063551
2022-05-26,47.98397445678711,48.551021575927734,42.321380615234375,43.4912109375,2208994514.0,1945.0333251953125,1962.171142578125,1759.1995849609375,1803.913330078125,23458681818.0,29564.77734375,29834.16015625,28261.90625,29267.224609375,36774325352
2022-05-27,43.47438049316406,43.81364822387695,40.26896286010742,40.981346130371094,2256358026.0,1802.5438232421875,1814.656494140625,1721.2647705078125,1724.9228515625,25470760032.0,29251.140625,29346.943359375,28326.61328125,28627.57421875,36582005748
2022-05-28,41.49373245239258,44.65801239013672,40.54867935180664,44.343162536621094,1254325884.0,1724.635986328125,1757.9417724609375,1724.635986328125,1757.9417724609375,23214777872.0,28622.625,28814.900390625,28554.56640625,28814.900390625,35519577634
2022-05-29,44.33879089355469,45.386253356933594,41.998046875,44.90961456298828,1317843243.0,1792.1844482421875,1818.776611328125,1765.9373779296875,1812.031005859375,10642556101.0,29019.8671875,29498.009765625,28841.107421875,29445.95703125,18093886409
2022-05-30,44.908668518066406,47.93682861328125,44.35740661621094,47.179443359375,1708817065.0,1811.885986328125,2005.2108154296875,1804.4560546875,1996.4412841796875,19580808705.0,29443.365234375,31949.630859375,29303.572265625,31726.390625,39277993274
2022-05-31,47.18132781982422,48.03899002075195,44.84001541137695,45.76784133911133,1509191627.0,1996.4080810546875,2005.490966796875,1932.35205078125,1942.3280029296875,18363115560.0,31723.865234375,32249.86328125,31286.154296875,31792.310546875,33538210634
2022-06-01,45.76512908935547,45.946659088134766,40.050350189208984,40.26966857910156,1422647092.0,1942.0506591796875,1965.1666259765625,1776.05322265625,1823.5693359375,21037797760.0,31792.5546875,31957.28515625,29501.587890625,29799.080078125,41135817341
2022-06-02,40.255279541015625,41.32786560058594,38.36067199707031,40.8913459777832,1554022054.0,1822.412109375,1845.31396484375,1789.6641845703125,1834.1505126953125,17065041354.0,29794.890625,30604.734375,29652.705078125,30467.48828125,29083562061
2022-06-03,40.895751953125,41.433345794677734,37.80271911621094,38.259220123291016,1348656102.0,1834.135009765625,1840.058837890625,1746.509765625,1775.07861328125,14878001811.0,30467.806640625,30633.03515625,29375.689453125,29704.390625,26175547452
2022-06-04,38.27455139160156,39.040428161621094,36.04072570800781,38.93144607543945,1130762770.0,1775.2208251953125,1810.2996826171875,1751.5333251953125,1801.6094970703125,8677951273.0,29706.138671875,29930.564453125,29500.005859375,29832.9140625,16588370958
2022-06-05,38.93410110473633,39.995296478271484,38.03535079956055,38.480533599853516,998532387.0,1801.8189697265625,1825.859619140625,1777.13330078125,1805.2049560546875,8850385937.0,29835.1171875,30117.744140625,29574.44921875,29906.662109375,17264085441
2022-06-06,38.5015983581543,44.450618743896484,38.43878936767578,42.43313217163086,1955057411.0,1805.635986328125,1915.030517578125,1804.990234375,1859.2896728515625,16518471852.0,29910.283203125,31693.291015625,29894.1875,31370.671875,31947336829
2022-06-07,42.42977523803711,42.449310302734375,37.77632522583008,39.43757247924805,1974825213.0,1859.333740234375,1862.9149169921875,1729.41357421875,1814.04833984375,24020076750.0,31371.7421875,31489.68359375,29311.68359375,31155.478515625,40770974039
2022-06-08,39.434051513671875,40.52680587768555,38.401607513427734,38.84336853027344,1211034282.0,1814.1007080078125,1830.676025390625,1770.231201171875,1793.572265625,18041476023.0,31151.48046875,31253.69140625,29944.404296875,30214.35546875,30242059107
2022-06-09,38.845584869384766,41.72376251220703,38.555694580078125,39.97260665893555,1265873005.0,1793.5128173828125,1827.2930908203125,1779.8675537109375,1789.8260498046875,12013083393.0,30215.279296875,30609.310546875,30020.265625,30111.998046875,21692004719
2022-06-10,39.96762466430664,40.769779205322266,37.001258850097656,37.08976745605469,1177042406.0,1789.68994140625,1797.6077880859375,1663.4339599609375,1665.042236328125,18504740451.0,30110.330078125,30245.80859375,28978.146484375,29083.8046875,29867476527
2022-06-11,37.09238052368164,37.843257904052734,33.435916900634766,33.82111740112305,1086904917.0,1665.2178955078125,1679.314208984375,1507.0389404296875,1529.6634521484375,21127089064.0,29084.666015625,29401.916015625,28236.212890625,28360.810546875,27246574439
2022-06-12,33.83749008178711,34.2285041809082,30.743270874023438,30.743270874023438,1430666510.0,1530.189697265625,1539.705078125,1436.1839599609375,1445.216552734375,23465074882.0,28373.513671875,28502.685546875,26762.6484375,26762.6484375,34163220274
2022-06-13,30.73029327392578,30.91798210144043,26.139610290527344,28.19236183166504,2577135234.0,1443.83544921875,1448.738037109375,1181.9482421875,1204.582763671875,45162788786.0,26737.578125,26795.58984375,22141.2578125,22487.388671875,68204556440
2022-06-14,28.18289566040039,31.610319137573242,26.060319900512695,29.714618682861328,2317785256.0,1204.5552978515625,1252.4718017578125,1094.701904296875,1211.662841796875,33327826525.0,22487.986328125,23018.951171875,20950.818359375,22206.79296875,50913575242
2022-06-15,29.695768356323242,34.565528869628906,26.86840057373047,34.48794174194336,2574959860.0,1211.365966796875,1236.6275634765625,1025.6842041015625,1233.2064208984375,37539999450.0,22196.73046875,22642.671875,20178.376953125,22572.83984375,54912007015
2022-06-16,34.50612258911133,35.71171951293945,29.731698989868164,29.989742279052734,1908909523.0,1233.603515625,1246.140625,1058.7845458984375,1067.730712890625,18907671369.0,22576.3046875,22868.921875,20265.2265625,20381.650390625,31183975654
2022-06-17,30.00250244140625,32.00886917114258,29.478063583374023,30.742919921875,1283536081.0,1067.9876708984375,1112.4715576171875,1060.86767578125,1086.519287109375,14591486540.0,20385.71875,21243.3125,20326.51953125,20471.482421875,27132421514
2022-06-18,30.740924835205078,31.838632583618164,27.46303939819336,31.80793571472168,1804420726.0,1086.3779296875,1095.1668701171875,896.1090087890625,993.6367797851562,21655406608.0,20473.42578125,20736.041015625,17708.623046875,19017.642578125,42009436760
2022-06-19,31.809133529663086,35.16057586669922,28.91050910949707,34.24374771118164,2005402608.0,993.400634765625,1142.3408203125,943.1163330078125,1127.656494140625,21795481981.0,19010.90234375,20683.822265625,18067.15234375,20553.271484375,35329942625
2022-06-20,34.238365173339844,36.76423645019531,31.892911911010742,35.4171142578125,1958378683.0,1127.65625,1159.9853515625,1066.1131591796875,1127.6424560546875,19739691429.0,20553.37109375,20913.322265625,19689.169921875,20599.537109375,30818458597
2022-06-21,35.39715576171875,38.804771423339844,34.40011215209961,36.121158599853516,1790090431.0,1127.5118408203125,1185.4324951171875,1112.5726318359375,1124.8245849609375,15632089439.0,20594.294921875,21620.62890625,20415.0625,20710.59765625,28970212744
2022-06-22,36.18272399902344,36.704681396484375,33.80274200439453,34.12163543701172,1533123071.0,1125.3729248046875,1126.26171875,1049.7633056640625,1051.421875,15010593493.0,20719.4140625,20835.75,19848.078125,19987.029296875,28574793478
2022-06-23,34.12080383300781,38.347354888916016,34.083587646484375,38.17523193359375,1666479184.0,1051.329345703125,1146.4942626953125,1050.2196044921875,1143.38671875,14657862919.0,19986.607421875,21135.76171875,19950.1171875,21085.876953125,26188097173
2022-06-24,38.20144271850586,42.72931671142578,37.852935791015625,42.2120475769043,1765927064.0,1143.2047119140625,1238.616943359375,1134.5140380859375,1226.8447265625,16981552654.0,21084.6484375,21472.91796875,20777.51171875,21231.65625,24957784918
2022-06-25,42.202999114990234,42.490692138671875,39.875328063964844,42.33281326293945,1271293523.0,1226.7247314453125,1246.394287109375,1184.56201171875,1243.4468994140625,12481946184.0,21233.609375,21520.9140625,20964.5859375,21502.337890625,18372538715
2022-06-26,42.30241775512695,42.34132385253906,39.38430404663086,39.40808868408203,1138724690.0,1242.987548828125,1272.1312255859375,1199.4063720703125,1199.8316650390625,12096607824.0,21496.494140625,21783.724609375,21016.26953125,21027.294921875,18027170497
2022-06-27,39.409088134765625,41.082157135009766,38.17092514038086,38.45125198364258,1253389517.0,1199.713134765625,1234.1807861328125,1179.79248046875,1193.6806640625,12492225250.0,21028.23828125,21478.08984375,20620.19921875,20735.478515625,20965695707
2022-06-28,38.44542694091797,39.7059326171875,35.2291374206543,35.326438903808594,1361946847.0,1193.2540283203125,1229.739013671875,1141.15966796875,1144.5792236328125,14023205651.0,20731.544921875,21164.423828125,20228.8125,20280.634765625,21381535161
2022-06-29,35.32723617553711,35.96923065185547,33.251136779785156,33.8739013671875,1366803516.0,1144.5244140625,1152.684814453125,1092.09912109375,1098.94384765625,15386286815.0,20281.169921875,20364.15625,19937.791015625,20104.0234375,23552740328
2022-06-30,33.908782958984375,34.045753479003906,31.05734634399414,33.588417053222656,1321861663.0,1099.3531494140625,1103.6904296875,1009.0948486328125,1067.298828125,16350755497.0,20108.3125,20141.16015625,18729.65625,19784.7265625,26267239923
2022-07-01,33.645652770996094,35.230743408203125,31.934066772460938,32.803070068359375,1427407655.0,1068.3167724609375,1100.223876953125,1040.1507568359375,1059.767333984375,17499453625.0,19820.470703125,20632.671875,19073.708984375,19269.3671875,30767551159
2022-07-02,32.811004638671875,33.93459701538086,31.95758628845215,33.35940933227539,765552187.0,1060.1212158203125,1073.0526123046875,1033.962158203125,1066.5128173828125,9935603640.0,19274.8359375,19371.748046875,19027.08203125,19242.255859375,18100418740
2022-07-03,33.356258392333984,33.57749938964844,32.219078063964844,33.38593292236328,605659825.0,1066.4674072265625,1083.4189453125,1044.005615234375,1073.7669677734375,8557248150.0,19242.095703125,19558.26953125,18966.951171875,19297.076171875,16390821947
2022-07-04,33.38526916503906,36.8065071105957,32.520713806152344,36.785030364990234,1091202628.0,1073.7943115234375,1152.94384765625,1048.3963623046875,1151.05908203125,13670889311.0,19297.314453125,20258.748046875,19063.06640625,20231.26171875,21594638208
2022-07-05,36.761268615722656,36.87248992919922,33.26679229736328,35.39555358886719,1569156882.0,1150.509765625,1165.6827392578125,1086.8299560546875,1134.541015625,16195518291.0,20225.353515625,20635.466796875,19341.232421875,20190.115234375,26715546990
2022-07-06,35.404720306396484,37.47623062133789,34.889488220214844,37.07356262207031,1410588451.0,1134.822265625,1193.63671875,1116.24755859375,1186.9739990234375,15373536703.0,20194.619140625,20595.529296875,19823.51171875,20548.24609375,24598943708
2022-07-07,37.07526779174805,39.11948013305664,36.497711181640625,38.518306732177734,1189167903.0,1186.9609375,1246.8948974609375,1165.6231689453125,1237.5933837890625,14230795894.0,20547.814453125,21771.81640625,20296.103515625,21637.587890625,25814972520
2022-07-08,38.51742935180664,39.352840423583984,36.556209564208984,38.286720275878906,1485794730.0,1237.580322265625,1262.8857421875,1200.6322021484375,1222.5062255859375,16315929082.0,21637.154296875,22314.94140625,21257.453125,21731.1171875,49899834488
2022-07-09,38.29243469238281,38.79253387451172,37.87006378173828,38.07196044921875,789899204.0,1222.306884765625,1228.7679443359375,1209.3775634765625,1216.978271484375,8821353104.0,21716.828125,21877.138671875,21445.95703125,21592.20703125,29641127858
2022-07-10,38.071083068847656,38.071083068847656,36.38676834106445,36.697608947753906,714119421.0,1216.9044189453125,1216.9044189453125,1157.175537109375,1168.401611328125,10984558039.0,21591.080078125,21591.080078125,20727.123046875,20860.44921875,28688807249
2022-07-11,36.69319534301758,36.69319534301758,33.33729934692383,33.463600158691406,930216020.0,1168.1390380859375,1169.19384765625,1095.0028076171875,1097.236572265625,12064180410.0,20856.353515625,20856.353515625,19924.5390625,19970.556640625,24150249025
2022-07-12,33.465030670166016,34.501243591308594,32.75759506225586,32.75759506225586,916386230.0,1097.2591552734375,1097.2591552734375,1038.1356201171875,1038.191650390625,12583282453.0,19970.474609375,20043.4453125,19308.53125,19323.9140625,25810220018
2022-07-13,32.74802780151367,34.939666748046875,31.959470748901367,34.91093826293945,1313110217.0,1038.1866455078125,1113.587158203125,1019.2203369140625,1113.587158203125,18302588147.0,19325.97265625,20223.052734375,18999.953125,20212.07421875,33042430345
2022-07-14,34.912261962890625,37.22102355957031,33.690948486328125,37.10782241821289,1320137563.0,1113.5157470703125,1202.953369140625,1077.40576171875,1191.5262451171875,16688640823.0,20211.466796875,20789.89453125,19689.2578125,20569.919921875,31158743333
2022-07-15,37.112239837646484,38.85118103027344,36.64623260498047,37.41592788696289,1266226950.0,1191.6748046875,1275.7781982421875,1182.9031982421875,1233.129150390625,17411448225.0,20573.15625,21138.244140625,20397.0,20836.328125,25905575359
2022-07-16,37.412757873535156,40.08470153808594,36.40153884887695,39.57412338256836,1149921714.0,1232.7916259765625,1377.944580078125,1195.60595703125,1352.62646484375,18364013796.0,20834.103515625,21514.404296875,20518.8984375,21190.31640625,24302954056
2022-07-17,39.579891204833984,40.96872329711914,38.54647445678711,38.64472198486328,1119935904.0,1353.205078125,1378.41748046875,1329.7633056640625,1338.6357421875,16079711737.0,21195.041015625,21600.640625,20778.1796875,20779.34375,22927802083
2022-07-18,38.64695739746094,43.746158599853516,38.60856246948242,43.746158599853516,1793335611.0,1338.8060302734375,1578.7178955078125,1338.8060302734375,1578.7178955078125,27440420623.0,20781.912109375,22633.033203125,20781.912109375,22485.689453125,39974475562
2022-07-19,43.66854476928711,47.09938049316406,42.71699905395508,44.89987564086914,2530289999.0,1578.3839111328125,1607.0330810546875,1501.7974853515625,1542.9752197265625,27753529276.0,22467.849609375,23666.962890625,21683.40625,23389.43359375,48765202697
2022-07-20,44.896854400634766,46.09572982788086,41.64255142211914,42.09366989135742,2020822242.0,1542.954345703125,1612.645751953125,1500.80322265625,1520.20068359375,22942708340.0,23393.19140625,24196.818359375,23009.94921875,23231.732421875,42932549127
2022-07-21,42.08842468261719,43.91940689086914,39.81828689575195,43.19059371948242,1926399176.0,1520.37451171875,1595.761962890625,1472.1854248046875,1576.74951171875,20009556587.0,23233.201171875,23388.322265625,22431.1484375,23164.62890625,33631012204
2022-07-22,43.18901062011719,44.22321701049805,40.138877868652344,40.61850357055664,1523873136.0,1576.745361328125,1641.209228515625,1523.6417236328125,1537.4051513671875,18926100582.0,23163.751953125,23671.927734375,22603.416015625,22714.978515625,31421555646
2022-07-23,40.59116744995117,41.826377868652344,38.714317321777344,40.040977478027344,1151436691.0,1536.4573974609375,1591.632568359375,1495.6781005859375,1549.2974853515625,14998811383.0,22706.984375,22977.2109375,22002.91015625,22465.478515625,24021799169
2022-07-24,40.03881072998047,42.021121978759766,39.60561752319336,41.00658416748047,1115260733.0,1549.2225341796875,1654.4287109375,1548.671142578125,1599.4766845703125,17217849557.0,22465.509765625,22974.001953125,22306.83984375,22609.1640625,23565495303
2022-07-25,41.00947952270508,41.04818344116211,36.711997985839844,36.711997985839844,1465847128.0,1599.1572265625,1605.3369140625,1445.3834228515625,1445.3834228515625,20585056021.0,22607.15625,22649.12109375,21361.642578125,21361.701171875,35574561406
2022-07-26,36.715423583984375,36.715423583984375,34.81983947753906,36.190853118896484,1362323126.0,1445.151123046875,1445.151123046875,1362.95166015625,1441.8067626953125,18238563509.0,21361.12109375,21361.12109375,20776.81640625,21239.75390625,28624673855
2022-07-27,36.2037467956543,40.39472961425781,35.75505828857422,40.3078498840332,1829226049.0,1443.726806640625,1636.7994384765625,1423.618896484375,1636.232666015625,23007524016.0,21244.169921875,22986.529296875,21070.806640625,22930.548828125,31758955233
2022-07-28,40.30208206176758,44.07329559326172,39.13290023803711,42.84526824951172,2454901807.0,1636.23193359375,1774.576416015625,1604.8909912109375,1725.4681396484375,27231399966.0,22933.640625,24110.470703125,22722.265625,23843.88671875,40212386158
2022-07-29,42.87696838378906,44.2287483215332,41.277008056640625,41.926998138427734,2066610408.0,1725.6239013671875,1759.884033203125,1662.7911376953125,1727.406982421875,23249531113.0,23845.212890625,24294.787109375,23481.173828125,23804.6328125,35887249746
2022-07-30,41.92341613769531,46.47602462768555,41.61918640136719,43.755889892578125,1980341418.0,1727.0618896484375,1738.016845703125,1678.1080322265625,1695.969482421875,15576977870.0,23796.818359375,24572.580078125,23580.5078125,23656.20703125,28148218301
2022-07-31,43.760658264160156,45.05152893066406,42.35273742675781,42.400203704833984,1356657075.0,1695.884765625,1745.8831787109375,1672.61279296875,1681.517333984375,14200735370.0,23652.0703125,24121.642578125,23275.703125,23336.896484375,23553591896
2022-08-01,42.401554107666016,43.11629104614258,40.73676300048828,41.78648376464844,1082119921.0,1681.445556640625,1700.1708984375,1613.416015625,1635.19580078125,16191371176.0,23336.71875,23464.787109375,22890.796875,23314.19921875,25849159141
2022-08-02,41.774147033691406,42.33211135864258,39.74711990356445,39.7545051574707,1205226999.0,1634.6458740234375,1672.6297607421875,1567.85107421875,1632.9454345703125,20426082309.0,23308.43359375,23415.041015625,22710.083984375,22978.1171875,28389250717
2022-08-03,39.75486373901367,40.73065185546875,37.893131256103516,38.54441833496094,2312325350.0,1633.05126953125,1678.0982666015625,1595.634521484375,1618.87451171875,16786218830.0,22981.302734375,23578.650390625,22747.8359375,22846.5078125,26288169966
2022-08-04,38.544639587402344,39.67987823486328,38.04472732543945,38.83067321777344,1235137178.0,1618.88671875,1658.5115966796875,1585.3265380859375,1608.205810546875,14467440626.0,22848.21484375,23198.009765625,22485.701171875,22630.95703125,25120229769
2022-08-05,38.82399368286133,41.174652099609375,38.795719146728516,40.561031341552734,1198859111.0,1607.52392578125,1732.254638671875,1606.4970703125,1732.254638671875,18546491876.0,22626.833984375,23422.828125,22612.177734375,23289.314453125,28881249043
2022-08-06,40.5611686706543,40.84541320800781,39.95309829711914,40.0570068359375,650997770.0,1732.6611328125,1744.326416015625,1691.6580810546875,1691.6580810546875,11757911705.0,23291.423828125,23326.5625,22961.279296875,22961.279296875,15978259885
2022-08-07,40.0600471496582,41.49406814575195,39.336483001708984,40.6055908203125,614104051.0,1691.7779541015625,1724.7891845703125,1672.908447265625,1699.350830078125,10252090340.0,22963.505859375,23359.009765625,22894.556640625,23175.890625,15886817043
2022-08-08,40.609642028808594,43.53985595703125,40.603797912597656,42.17055130004883,1117550363.0,1699.6934814453125,1806.886474609375,1697.407958984375,1775.51611328125,16841424404.0,23179.52734375,24203.689453125,23176.546875,23809.486328125,28575544847
2022-08-09,42.175392150878906,42.702392578125,39.94392776489258,40.372623443603516,895263875.0,1776.0712890625,1786.12255859375,1675.849853515625,1703.0250244140625,16368619692.0,23811.484375,23898.615234375,22982.0,23164.318359375,23555719219
2022-08-10,40.37052536010742,42.61181640625,39.25737380981445,42.365867614746094,1389333742.0,1702.906494140625,1869.400634765625,1665.0904541015625,1851.74267578125,23512477984.0,23162.8984375,24127.4140625,22771.51953125,23947.642578125,32837431722
2022-08-11,42.37364959716797,45.12477111816406,42.37364959716797,42.8217887878418,1735349568.0,1851.828369140625,1927.939208984375,1851.828369140625,1881.22412109375,23826986482.0,23948.345703125,24822.62890625,23900.99609375,23957.529296875,37127036580
2022-08-12,42.82052993774414,45.37518310546875,42.23114013671875,45.33475875854492,1128246063.0,1880.899169921875,1957.552978515625,1860.08349609375,1957.2464599609375,17168141904.0,23957.203125,24412.56640625,23657.265625,24402.818359375,27265804688
2022-08-13,45.34074401855469,48.18428421020508,45.34074401855469,46.485347747802734,1416039040.0,1957.333984375,2013.7557373046875,1948.59521484375,1981.3365478515625,16038975216.0,24402.1875,24860.05078125,24346.115234375,24424.068359375,22987346289
2022-08-14,46.505985260009766,47.96087646484375,44.69403839111328,44.916568756103516,1061034922.0,1981.782470703125,2022.79150390625,1919.0101318359375,1936.802001953125,14062754456.0,24429.056640625,24974.9140625,24206.259765625,24319.333984375,22994133555
2022-08-15,44.92243957519531,47.127540588378906,42.90903091430664,43.82322311401367,1364253429.0,1936.760498046875,2007.2103271484375,1881.8568115234375,1904.2281494140625,20349931313.0,24318.31640625,25135.58984375,23839.775390625,24136.97265625,35123501685
2022-08-16,43.806095123291016,44.1871223449707,42.78215408325195,43.15880584716797,1131452045.0,1902.8331298828125,1910.745361328125,1862.2734375,1878.139404296875,15637578930.0,24126.13671875,24228.416015625,23733.5,23883.291015625,27753685646
2022-08-17,43.15305709838867,44.633087158203125,40.28676986694336,40.403053283691406,1336772691.0,1877.934326171875,1951.6756591796875,1823.5322265625,1832.9996337890625,20308508124.0,23881.31640625,24407.05859375,23243.353515625,23335.998046875,30931623076
2022-08-18,40.426509857177734,41.607303619384766,39.525936126708984,39.545230865478516,885648540.0,1833.715576171875,1876.376953125,1826.957763671875,1847.0078125,14999352229.0,23341.0390625,23563.83203125,23177.6015625,23212.73828125,23747613147
2022-08-19,39.54132843017578,39.54132843017578,35.755027770996094,35.8902587890625,1821467945.0,1847.0953369140625,1847.0953369140625,1611.3388671875,1612.9873046875,25906358731.0,23213.3125,23213.3125,20868.84765625,20877.552734375,40509610260
2022-08-20,35.87661361694336,37.223209381103516,34.35833740234375,35.26973342895508,1203622743.0,1612.650634765625,1652.21875,1534.298828125,1577.0037841796875,18334580263.0,20872.841796875,21350.806640625,20856.73046875,21166.060546875,27595671000
2022-08-21,35.26417922973633,36.98236846923828,34.78230667114258,36.533199310302734,982071275.0,1576.5435791015625,1640.9365234375,1569.0465087890625,1619.3189697265625,15849221752.0,21160.392578125,21668.845703125,21103.197265625,21534.12109375,23102307723
2022-08-22,36.52580642700195,36.52580642700195,33.90044021606445,35.47438049316406,1139846770.0,1619.1668701171875,1622.77880859375,1535.0147705078125,1622.505859375,18557078599.0,21531.462890625,21531.462890625,20939.18359375,21398.908203125,31666498758
2022-08-23,35.47530746459961,36.05042266845703,34.31291580200195,35.6462516784668,854779221.0,1622.9393310546875,1666.676513671875,1569.4285888671875,1662.7698974609375,18322041914.0,21401.044921875,21646.203125,20955.138671875,21528.087890625,31878280659
2022-08-24,35.64565658569336,36.286067962646484,34.43351745605469,34.957916259765625,946325778.0,1662.6954345703125,1686.5577392578125,1610.0992431640625,1657.0592041015625,16780932907.0,21526.455078125,21783.076171875,21195.005859375,21395.01953125,31962253368
2022-08-25,34.959102630615234,36.42266845703125,34.93364334106445,35.316463470458984,828503624.0,1657.3365478515625,1718.1832275390625,1656.8560791015625,1696.45703125,14818795695.0,21395.458984375,21789.63671875,21362.44140625,21600.904296875,31028679593
2022-08-26,35.313255310058594,35.58013153076172,31.499326705932617,31.726362228393555,1315871629.0,1696.3245849609375,1698.56103515625,1498.771240234375,1507.7828369140625,26713710143.0,21596.0859375,21804.908203125,20199.482421875,20260.01953125,42326789564
2022-08-27,31.71382713317871,32.20508575439453,30.953018188476562,31.54243278503418,764882265.0,1508.156982421875,1517.1500244140625,1454.282958984375,1491.39501953125,18120831899.0,20262.48046875,20340.775390625,19890.5234375,20041.73828125,30116729776
2022-08-28,31.538864135742188,32.12961196899414,30.38878059387207,30.39228630065918,562501615.0,1491.206787109375,1505.7919921875,1430.54736328125,1430.54736328125,12823572918.0,20041.03515625,20139.0546875,19616.814453125,19616.814453125,24366810591
2022-08-29,30.39385986328125,32.520748138427734,30.11916160583496,32.46529769897461,891913484.0,1430.439453125,1556.3095703125,1427.7283935546875,1553.037353515625,17965837488.0,19615.154296875,20357.462890625,19600.78515625,20297.994140625,32637854078
2022-08-30,32.46004104614258,33.072635650634766,30.796524047851562,31.41205596923828,861409804.0,1553.18896484375,1600.461181640625,1480.831787109375,1523.8388671875,21835784470.0,20298.611328125,20542.64453125,19617.640625,19796.80859375,34483360283
2022-08-31,31.416515350341797,32.87642288208008,31.237884521484375,31.47295570373535,769308937.0,1524.2864990234375,1612.35888671875,1524.2864990234375,1553.6849365234375,20591680941.0,19799.58203125,20420.990234375,19799.58203125,20049.763671875,33225232872
2022-09-01,31.475082397460938,31.709314346313477,30.511266708374023,31.585678100585938,666487074.0,1553.75634765625,1593.082763671875,1520.1883544921875,1586.1767578125,16434276817.0,20050.498046875,20198.390625,19653.96875,20127.140625,30182031010
2022-09-02,31.58498764038086,32.358829498291016,30.843948364257812,31.227930068969727,659575995.0,1586.0179443359375,1643.1832275390625,1551.8779296875,1577.220458984375,17708478709.0,20126.072265625,20401.568359375,19814.765625,19969.771484375,29123998928
2022-09-03,31.228193283081055,31.23231315612793,30.858367919921875,31.10948371887207,314531753.0,1577.2137451171875,1579.454345703125,1541.672119140625,1556.8726806640625,9516825994.0,19969.71875,20037.009765625,19698.35546875,19832.087890625,23613051457
2022-09-04,31.10894012451172,32.13935089111328,31.081865310668945,32.106956481933594,392954663.0,1556.8958740234375,1578.00927734375,1543.6988525390625,1577.6416015625,8884144998.0,19832.470703125,19999.689453125,19636.81640625,19986.712890625,25245861652
2022-09-05,32.108028411865234,32.37053298950195,31.211069107055664,32.19464874267578,512588616.0,1577.884033203125,1621.661376953125,1559.7818603515625,1617.1832275390625,13060541168.0,19988.7890625,20031.16015625,19673.046875,19812.37109375,28813460025
2022-09-06,32.199668884277344,33.78529739379883,30.640546798706055,30.891742706298828,1196204019.0,1617.240234375,1680.5953369140625,1561.74853515625,1561.74853515625,22946059125.0,19817.724609375,20155.26953125,18800.171875,18837.66796875,43403978910
2022-09-07,30.883899688720703,32.89689636230469,30.488950729370117,32.71091842651367,779212909.0,1560.90673828125,1651.0511474609375,1500.013671875,1629.9063720703125,19560363854.0,18837.68359375,19427.171875,18644.466796875,19290.32421875,35239757134
2022-09-08,32.708030700683594,33.796051025390625,32.102500915527344,33.608646392822266,978070646.0,1629.80517578125,1655.0640869140625,1603.0638427734375,1635.34765625,17621046717.0,19289.94140625,19417.3515625,19076.71484375,19329.833984375,32194477850
2022-09-09,33.60664367675781,35.79993438720703,33.60639953613281,34.73976516723633,1186140934.0,1635.187744140625,1735.809814453125,1632.8365478515625,1719.08544921875,20242323690.0,19328.140625,21439.41015625,19310.962890625,21381.15234375,48469528171
2022-09-10,34.73285675048828,35.36214065551758,34.369415283203125,35.12672805786133,731145106.0,1718.9613037109375,1784.497802734375,1710.2969970703125,1776.2037353515625,13130928217.0,21376.912109375,21760.275390625,21168.72265625,21680.5390625,36913738894
2022-09-11,35.122840881347656,35.89952087402344,34.12443542480469,34.96596145629883,757216096.0,1775.97607421875,1782.7298583984375,1730.164794921875,1761.800048828125,12464301922.0,21678.54296875,21770.552734375,21406.9453125,21769.255859375,34493951963
2022-09-12,34.96744155883789,38.1690788269043,34.5079231262207,37.4241828918457,1701399970.0,1762.0848388671875,1778.1634521484375,1698.29345703125,1713.7652587890625,17688391310.0,21770.1484375,22439.181640625,21603.896484375,22370.44921875,50212088965
2022-09-13,37.421607971191406,38.870384216308594,32.870452880859375,33.430816650390625,1785181627.0,1713.9625244140625,1745.779052734375,1564.0318603515625,1580.7879638671875,23066821734.0,22371.48046875,22673.8203125,20062.669921875,20296.70703125,51091116622
2022-09-14,33.01827621459961,34.28319549560547,32.870452880859375,34.09157180786133,1003604224.0,1574.858154296875,1642.1572265625,1564.0318603515625,1634.7550048828125,17897150206.0,20184.5546875,20467.201171875,19793.396484375,20241.08984375,37872380889
2022-09-15,34.09429168701172,34.715267181396484,32.721893310546875,33.04768371582031,1139377803.0,1635.0830078125,1648.9456787109375,1466.139404296875,1471.6934814453125,26946275878.0,20242.2890625,20318.166015625,19636.734375,19701.2109375,36389011503
2022-09-16,33.044593811035156,33.203125,31.641164779663086,32.208858489990234,765952525.0,1471.9283447265625,1480.564208984375,1415.581298828125,1432.44775390625,16764804299.0,19704.005859375,19870.62890625,19400.076171875,19772.583984375,30123362273
2022-09-17,32.21224594116211,33.84817886352539,32.21224594116211,33.75077819824219,501302380.0,1432.87646484375,1473.0604248046875,1415.0423583984375,1469.74169921875,10798098671.0,19777.033203125,20162.53125,19777.033203125,20127.576171875,24957448100
2022-09-18,33.74827575683594,33.954715728759766,30.979143142700195,31.05985450744629,694870049.0,1469.7054443359375,1469.7054443359375,1331.4947509765625,1335.3291015625,15762284723.0,20127.234375,20127.234375,19387.4921875,19419.505859375,31254779144
2022-09-19,31.053613662719727,32.9898567199707,30.693248748779297,32.685302734375,971182780.0,1335.270751953125,1388.272216796875,1287.4208984375,1377.5413818359375,18712714223.0,19418.572265625,19639.48046875,18390.318359375,19544.12890625,40177002624
2022-09-20,32.68706512451172,32.79011154174805,31.3890323638916,31.433040618896484,819978937.0,1377.6190185546875,1381.9656982421875,1319.201416015625,1324.38818359375,14722317220.0,19545.591796875,19602.45703125,18813.455078125,18890.7890625,36791346508
2022-09-21,31.43379020690918,33.13396072387695,30.195068359375,30.826377868652344,1193686258.0,1324.215576171875,1384.4769287109375,1229.4267578125,1252.6077880859375,20643507800.0,18891.283203125,19674.630859375,18290.314453125,18547.400390625,46363793975
2022-09-22,30.815771102905273,32.807044982910156,30.63888168334961,32.408905029296875,833702543.0,1251.5673828125,1336.1578369140625,1240.96826171875,1327.68017578125,18461527259.0,18534.650390625,19456.91015625,18415.591796875,19413.55078125,41135767926
2022-09-23,32.4062385559082,33.90916442871094,31.363554000854492,33.6766357421875,982495447.0,1327.481201171875,1353.288330078125,1270.1983642578125,1328.259521484375,18771106339.0,19412.400390625,19464.671875,18617.552734375,19297.638671875,38896078052
2022-09-24,33.67512893676758,34.69917678833008,33.27409744262695,33.462650299072266,872691785.0,1328.24462890625,1346.2552490234375,1312.6402587890625,1317.9932861328125,12098209717.0,19296.990234375,19310.197265625,18861.974609375,18937.01171875,26149643168
2022-09-25,33.461063385009766,33.98523712158203,32.01491928100586,32.33536148071289,610529879.0,1317.9384765625,1333.371337890625,1275.627685546875,1294.216796875,11802651633.0,18936.310546875,19134.732421875,18696.46875,18802.09765625,23359966112
2022-09-26,32.33634948730469,33.881507873535156,31.96014976501465,33.88055419921875,936313674.0,1294.3861083984375,1335.5263671875,1282.04931640625,1335.3201904296875,16034549271.0,18803.900390625,19274.873046875,18721.28515625,19222.671875,44148798321
2022-09-27,33.87862777709961,35.23724365234375,32.27183532714844,32.75012969970703,1223724195.0,1335.3370361328125,1396.8914794921875,1308.991455078125,1330.127685546875,17870598937.0,19221.83984375,20338.455078125,18915.66796875,19110.546875,58571439619
2022-09-28,32.73825454711914,33.74109649658203,31.72770118713379,33.23543930053711,998520503.0,1329.5413818359375,1351.9644775390625,1267.8692626953125,1337.410888671875,18994979566.0,19104.62109375,19688.34375,18553.296875,19426.720703125,53071298734
2022-09-29,33.23528289794922,34.338314056396484,32.79304885864258,33.952449798583984,951223921.0,1337.554443359375,1348.107666015625,1293.193359375,1335.65234375,13796915736.0,19427.779296875,19589.265625,18924.353515625,19573.05078125,41037843771
2022-09-30,33.951778411865234,35.13334655761719,32.73581314086914,33.21244430541992,1210784941.0,1335.646484375,1368.743408203125,1320.3831787109375,1327.9786376953125,14250100093.0,19573.431640625,20109.849609375,19265.662109375,19431.7890625,43975248085
2022-10-01,33.21569061279297,33.22508239746094,32.466941833496094,32.46939468383789,572976679.0,1328.1937255859375,1332.5164794921875,1306.1025390625,1311.6444091796875,6227961237.0,19431.10546875,19471.154296875,19231.08203125,19312.095703125,18719537670
2022-10-02,32.470420837402344,32.99811935424805,31.99713897705078,32.05569839477539,532211084.0,1311.75341796875,1316.330078125,1275.3360595703125,1276.093505859375,7578351650.0,19311.849609375,19370.30859375,18970.62109375,19044.107421875,20765955327
2022-10-03,32.05710983276367,33.20492935180664,31.954931259155273,32.967620849609375,633204077.0,1276.1634521484375,1326.554443359375,1271.15087890625,1323.439208984375,10153070907.0,19044.068359375,19653.54296875,19025.2265625,19623.580078125,30484729489
2022-10-04,32.95677185058594,34.34199905395508,32.88138198852539,34.12247085571289,717157069.0,1323.2783203125,1364.970947265625,1320.07666015625,1362.1265869140625,10139774963.0,19623.583984375,20380.34375,19523.83984375,20336.84375,35887278685
2022-10-05,34.117191314697266,34.31154251098633,33.27922058105469,34.073883056640625,655950188.0,1361.972900390625,1362.4517822265625,1320.8551025390625,1352.837158203125,9774451820.0,20335.900390625,20343.748046875,19801.80078125,20160.716796875,33223790572
2022-10-06,34.073753356933594,34.45728302001953,33.33332443237305,33.34281921386719,712289836.0,1352.806640625,1380.4049072265625,1349.449951171875,1351.70947265625,12033514861.0,20161.0390625,20408.392578125,19900.087890625,19955.443359375,34711412966
2022-10-07,33.34446716308594,33.72856903076172,32.551998138427734,33.00146484375,649212486.0,1351.83642578125,1359.328125,1321.74609375,1332.5169677734375,10061619355.0,19957.55859375,20041.0859375,19395.79296875,19546.849609375,29227315390
2022-10-08,33.00006866455078,33.04252624511719,32.44584274291992,32.57793426513672,367021196.0,1332.371337890625,1335.954833984375,1307.072998046875,1315.50048828125,5804676208.0,19546.328125,19601.6953125,19299.4140625,19416.568359375,16437423167
2022-10-09,32.5780143737793,33.10311508178711,32.478023529052734,32.913883209228516,405849928.0,1315.460205078125,1327.6688232421875,1309.3446044921875,1322.604248046875,5486230123.0,19417.478515625,19542.5390625,19349.259765625,19446.42578125,16837262532
2022-10-10,32.91293716430664,33.339454650878906,31.970834732055664,31.970834732055664,640691958.0,1322.61865234375,1335.6627197265625,1291.337646484375,1291.337646484375,8794491050.0,19446.416015625,19515.466796875,19102.978515625,19141.484375,27425022774
2022-10-11,31.966032028198242,31.966032028198242,30.579492568969727,30.77686882019043,733071932.0,1291.109619140625,1296.27392578125,1272.7376708984375,1279.57568359375,9274845260.0,19139.0,19241.9609375,18925.603515625,19051.41796875,28711532910
2022-10-12,30.779691696166992,31.460229873657227,30.729169845581055,31.165485382080078,490127096.0,1279.7322998046875,1303.0751953125,1277.5274658203125,1294.9063720703125,8355638578.0,19052.646484375,19203.19921875,19029.7578125,19157.4453125,24950173846
2022-10-13,31.164413452148438,31.18108558654785,28.197370529174805,30.544519424438477,1302451856.0,1294.9173583984375,1297.564208984375,1209.2781982421875,1288.1239013671875,17499038202.0,19156.966796875,19453.328125,18319.822265625,19382.904296875,44219840004
2022-10-14,30.54248809814453,31.909656524658203,29.759931564331055,30.007417678833008,836283411.0,1288.0487060546875,1339.7447509765625,1285.3782958984375,1297.422119140625,13113767755.0,19382.533203125,19889.146484375,19115.408203125,19185.65625,38452356727
2022-10-15,30.006132125854492,30.151254653930664,29.534006118774414,29.575347900390625,547825492.0,1297.305908203125,1300.7459716796875,1268.468505859375,1274.8717041015625,6798512624.0,19185.4375,19212.541015625,19019.25,19067.634765625,16192235532
2022-10-16,29.578842163085938,30.44472885131836,29.578842163085938,30.168840408325195,608389719.0,1275.0054931640625,1312.634521484375,1275.0054931640625,1306.296630859375,7491625206.0,19068.9140625,19389.603515625,19068.9140625,19268.09375,17988916650
2022-10-17,30.1680908203125,31.263992309570312,29.883159637451172,31.224876403808594,658840500.0,1306.3095703125,1335.6478271484375,1297.447265625,1331.713623046875,9401189650.0,19268.5625,19635.802734375,19173.333984375,19550.7578125,27472552998
2022-10-18,31.224252700805664,31.411191940307617,29.833694458007812,30.164331436157227,715092973.0,1331.669921875,1339.0859375,1291.66064453125,1310.447021484375,10416747806.0,19550.466796875,19666.994140625,19144.76953125,19334.416015625,30580012344
2022-10-19,30.16461753845215,30.21255111694336,28.830276489257812,28.900798797607422,697269954.0,1310.5631103515625,1312.4423828125,1283.96533203125,1285.7442626953125,8350692785.0,19335.02734375,19348.416015625,19127.6875,19139.53515625,22425387184
2022-10-20,28.89457130432129,29.43212127685547,28.073795318603516,28.08509635925293,803871622.0,1285.6602783203125,1307.8551025390625,1275.323974609375,1283.200927734375,9009111996.0,19138.0859375,19315.19921875,18971.458984375,19053.740234375,24493974420
2022-10-21,28.080429077148438,28.24317169189453,26.986404418945312,28.10867691040039,967208274.0,1283.1881103515625,1305.081298828125,1260.666748046875,1299.9464111328125,10412565245.0,19053.203125,19237.384765625,18770.970703125,19172.46875,32459287866
2022-10-22,28.108327865600586,28.144390106201172,27.55768394470215,28.01386260986328,474234383.0,1299.90234375,1317.10107421875,1295.9468994140625,1314.2991943359375,7175324564.0,19172.380859375,19248.068359375,19132.244140625,19208.189453125,16104440957
2022-10-23,28.013675689697266,29.331539154052734,27.857959747314453,29.270071029663086,633157057.0,1314.24951171875,1367.7607421875,1302.9088134765625,1363.447021484375,9909510925.0,19207.734375,19646.65234375,19124.197265625,19567.0078125,22128794335
2022-10-24,29.272520065307617,29.4139461517334,28.21503257751465,28.3100643157959,667625312.0,1363.4918212890625,1368.425537109375,1327.85400390625,1344.99853515625,13092820173.0,19567.76953125,19589.125,19206.32421875,19345.572265625,30202235805
2022-10-25,28.30998992919922,32.19131088256836,28.119304656982422,30.93997573852539,1336242036.0,1344.7113037109375,1509.9854736328125,1336.9788818359375,1461.6654052734375,25367291294.0,19344.96484375,20348.412109375,19261.447265625,20095.857421875,47761524910
2022-10-26,30.928865432739258,31.837549209594727,30.76510238647461,31.28472137451172,1250974763.0,1461.1331787109375,1584.63671875,1460.4287109375,1566.566650390625,32705548427.0,20092.236328125,20938.134765625,20076.1171875,20770.44140625,58895950537
2022-10-27,31.28702735900879,32.20396423339844,30.585346221923828,30.630624771118164,1275994871.0,1566.8414306640625,1574.4034423828125,1510.8167724609375,1514.3748779296875,22813499245.0,20772.802734375,20854.044921875,20255.373046875,20285.8359375,49625110402
2022-10-28,30.630794525146484,32.448707580566406,30.189332962036133,32.111263275146484,1063403956.0,1514.3231201171875,1568.6339111328125,1493.87109375,1555.4779052734375,19974623205.0,20287.95703125,20724.98046875,20086.068359375,20595.3515625,43994715910
2022-10-29,32.10906219482422,33.739139556884766,31.916812896728516,32.85712814331055,1165931963.0,1555.274658203125,1652.3822021484375,1549.983642578125,1619.698486328125,21618154775.0,20595.103515625,20988.39453125,20566.484375,20818.4765625,40369840645
2022-10-30,32.8577766418457,33.479278564453125,32.061622619628906,32.9659309387207,731319297.0,1619.6978759765625,1637.037841796875,1579.4852294921875,1590.7833251953125,13930073427.0,20817.982421875,20917.005859375,20547.462890625,20635.603515625,31486345556
2022-10-31,32.961021423339844,34.307743072509766,32.2862663269043,32.61103820800781,1174404933.0,1590.4813232421875,1630.452880859375,1555.9189453125,1572.7144775390625,19306919714.0,20633.6953125,20795.3203125,20287.458984375,20495.7734375,45668466815
2022-11-01,32.607608795166016,33.32598114013672,32.201412200927734,32.2484245300293,729292793.0,1572.6453857421875,1606.605712890625,1568.0985107421875,1579.70458984375,14507311208.0,20494.8984375,20647.2890625,20359.845703125,20485.2734375,39819303159
2022-11-02,32.24597930908203,32.83482360839844,30.294113159179688,30.788076400756836,1166999748.0,1579.4979248046875,1613.41064453125,1507.2447509765625,1519.7117919921875,23254218281.0,20482.958984375,20742.810546875,20087.134765625,20159.50390625,55552169483
2022-11-03,30.792919158935547,32.14349365234375,30.677148818969727,30.84387969970703,832207929.0,1519.724853515625,1556.7596435546875,1517.1016845703125,1531.541748046875,14248351007.0,20162.689453125,20382.095703125,20086.240234375,20209.98828125,43228750179
2022-11-04,30.841737747192383,34.10426330566406,30.731590270996094,33.780853271484375,1364403572.0,1531.3975830078125,1661.334716796875,1529.2684326171875,1645.0933837890625,20806964347.0,20208.76953125,21209.560546875,20188.01953125,21147.23046875,64072727950
2022-11-05,33.77741622924805,38.54962158203125,33.73513412475586,36.76576232910156,2470595904.0,1645.156494140625,1660.4864501953125,1625.9642333984375,1627.968017578125,11006973190.0,21144.83203125,21446.88671875,21097.634765625,21282.69140625,37846047609
2022-11-06,36.77216720581055,36.90202713012695,32.546302795410156,32.6835823059082,1650006613.0,1627.901123046875,1634.1324462890625,1572.2347412109375,1572.2347412109375,11632744705.0,21285.056640625,21345.376953125,20920.19140625,20926.486328125,35082693210
2022-11-07,32.67894744873047,33.0675048828125,28.926734924316406,29.60134506225586,2545092967.0,1572.0169677734375,1604.475341796875,1550.41552734375,1568.59130859375,15279963349.0,20924.62109375,21053.24609375,20489.97265625,20602.81640625,53510852236
2022-11-08,29.597440719604492,31.06096839904785,21.78398323059082,24.152936935424805,6120104231.0,1568.32958984375,1574.7998046875,1259.443115234375,1332.8355712890625,42048003440.0,20600.671875,20664.607421875,17603.544921875,18541.271484375,118992465607
2022-11-09,24.159435272216797,24.159435272216797,12.505623817443848,13.94085693359375,4647808136.0,1333.1224365234375,1335.7435302734375,1083.28564453125,1100.1697998046875,38864492427.0,18543.76171875,18590.458984375,15682.6923828125,15880.7802734375,102905151606
2022-11-10,13.985069274902344,18.67563819885254,13.411026954650879,17.681407928466797,4084381465.0,1100.107177734375,1341.7911376953125,1093.12255859375,1299.464599609375,28581002122.0,15883.158203125,18054.3125,15834.0185546875,17586.771484375,83202283721
2022-11-11,17.663450241088867,18.13648223876953,15.507472038269043,16.326745986938477,2191908978.0,1298.8824462890625,1302.2952880859375,1211.32958984375,1287.2210693359375,20920539099.0,17583.251953125,17650.943359375,16543.482421875,17034.29296875,55871616488
2022-11-12,16.340282440185547,16.40843391418457,14.538013458251953,14.53900146484375,866923655.0,1287.4383544921875,1288.15087890625,1242.1522216796875,1255.268310546875,10964962767.0,17036.875,17066.67578125,16651.775390625,16799.185546875,29717699419
2022-11-13,14.537562370300293,14.660887718200684,13.122664451599121,13.164528846740723,880792311.0,1255.4412841796875,1271.7125244140625,1208.52099609375,1221.8192138671875,10717455214.0,16799.72265625,16920.765625,16320.634765625,16353.365234375,27209183682
2022-11-14,13.1657133102417,14.88998794555664,12.254617691040039,14.00135612487793,1365413449.0,1221.8955078125,1284.2176513671875,1178.4290771484375,1241.604248046875,15028035663.0,16352.0283203125,17109.32421875,15872.94140625,16618.19921875,49630243054
2022-11-15,13.999627113342285,14.969862937927246,13.932036399841309,14.301294326782227,833458645.0,1241.677734375,1283.19873046875,1238.688232421875,1251.7362060546875,11798011594.0,16617.484375,17051.962890625,16542.55078125,16884.61328125,36599436183
2022-11-16,14.29958724975586,14.56210708618164,13.711963653564453,14.285508155822754,487495993.0,1251.808837890625,1264.486328125,1192.98779296875,1215.6025390625,11939561598.0,16884.341796875,16960.294921875,16430.111328125,16669.439453125,33925512989
2022-11-17,14.286023139953613,14.463689804077148,13.078254699707031,13.638734817504883,673219780.0,1215.8486328125,1224.9656982421875,1189.1527099609375,1200.80859375,9723646871.0,16670.42578125,16726.439453125,16460.68359375,16687.517578125,27868914022
2022-11-18,13.638845443725586,13.790632247924805,13.039168357849121,13.247496604919434,357193046.0,1200.8021240234375,1226.7374267578125,1200.8021240234375,1212.30029296875,7979913378.0,16687.912109375,16947.05859375,16564.611328125,16697.77734375,26862218609
2022-11-19,13.247389793395996,13.255352973937988,12.644580841064453,12.851014137268066,314294255.0,1212.2154541015625,1227.8372802734375,1200.4755859375,1218.4267578125,5978745776.0,16696.220703125,16797.876953125,16570.41015625,16711.546875,16106223492
2022-11-20,12.852312088012695,13.416733741760254,12.20330810546875,12.252833366394043,508411732.0,1218.436279296875,1224.0777587890625,1137.9332275390625,1142.4666748046875,9651002684.0,16712.919921875,16746.779296875,16248.6923828125,16291.83203125,21313378652
2022-11-21,12.254121780395508,12.257597923278809,11.34163761138916,11.846208572387695,504498729.0,1142.395751953125,1142.395751953125,1084.8572998046875,1108.35302734375,14080099208.0,16291.2236328125,16291.2236328125,15599.046875,15787.2841796875,37429485518
2022-11-22,11.842514991760254,12.465627670288086,11.010651588439941,12.435625076293945,529418278.0,1107.89599609375,1136.442626953125,1081.13818359375,1135.1734619140625,12040670755.0,15782.30078125,16253.0478515625,15656.6064453125,16189.76953125,30726828760
2022-11-23,12.437919616699219,14.40245532989502,12.427633285522461,14.35151195526123,859905329.0,1135.4215087890625,1184.997314453125,1130.0228271484375,1183.1995849609375,11242676044.0,16195.5888671875,16638.193359375,16170.5029296875,16610.70703125,32958875628
2022-11-24,14.353002548217773,14.854009628295898,13.91685676574707,14.582350730895996,620159372.0,1183.3450927734375,1211.62744140625,1180.3797607421875,1203.983154296875,9706372376.0,16611.63671875,16771.474609375,16501.767578125,16604.46484375,26129037414
2022-11-25,14.580628395080566,14.581172943115234,13.961506843566895,14.063138008117676,323667943.0,1203.7994384765625,1203.7994384765625,1174.8233642578125,1198.9259033203125,5483308196.0,16602.26953125,16603.31640625,16388.404296875,16521.841796875,18678255976
2022-11-26,14.062800407409668,14.887808799743652,14.031248092651367,14.159193992614746,333271818.0,1198.79052734375,1227.0380859375,1198.097900390625,1205.89794921875,5074160558.0,16521.576171875,16666.86328125,16416.228515625,16464.28125,18000008764
2022-11-27,14.159537315368652,14.409465789794922,14.082965850830078,14.115766525268555,225035409.0,1205.9052734375,1220.3494873046875,1195.0390625,1195.126953125,4486976868.0,16463.8828125,16594.40625,16437.025390625,16444.626953125,20443898509
2022-11-28,14.11313247680664,14.145076751708984,12.824840545654297,13.404518127441406,447463511.0,1194.9603271484375,1198.7376708984375,1156.0625,1170.086181640625,7275411870.0,16440.22265625,16482.93359375,16054.5302734375,16217.322265625,27743025156
2022-11-29,13.403423309326172,13.897473335266113,13.28012752532959,13.369733810424805,265372933.0,1169.8743896484375,1222.1641845703125,1163.4775390625,1216.9012451171875,7639405818.0,16217.6396484375,16522.2578125,16139.396484375,16444.982421875,23581685468
2022-11-30,13.371024131774902,14.219449996948242,13.308284759521484,14.115445137023926,331594403.0,1216.9287109375,1302.0386962890625,1215.4979248046875,1295.6885986328125,9836925304.0,16445.4765625,17190.9375,16445.4765625,17168.56640625,29523576583
2022-12-01,14.133452415466309,14.15432357788086,13.441184997558594,13.480968475341797,232200065.0,1295.76953125,1295.9998779296875,1267.70849609375,1276.27392578125,6857935276.0,17168.001953125,17197.498046875,16888.388671875,16967.1328125,22895392882
2022-12-02,13.482585906982422,13.773052215576172,13.377079010009766,13.7156400680542,245049936.0,1276.32861328125,1294.3033447265625,1269.2431640625,1294.3033447265625,6213645709.0,16968.68359375,17088.66015625,16877.880859375,17088.66015625,19539705127
2022-12-03,13.716782569885254,13.730709075927734,13.278402328491211,13.302457809448242,161314094.0,1294.45654296875,1299.84033203125,1241.431884765625,1243.3348388671875,5672609405.0,17090.09765625,17116.041015625,16888.140625,16908.236328125,16217776704
2022-12-04,13.301777839660645,13.724018096923828,13.299367904663086,13.718218803405762,141802483.0,1243.21923828125,1281.4923095703125,1242.9117431640625,1280.256591796875,5174128454.0,16908.169921875,17157.767578125,16903.439453125,17130.486328125,16824520830
2022-12-05,13.716100692749023,14.135319709777832,13.630226135253906,13.8311128616333,335440747.0,1279.9989013671875,1302.237548828125,1252.472412109375,1259.6767578125,6120359523.0,17128.89453125,17378.15234375,16922.431640625,16974.826171875,22209086834
2022-12-06,13.830924987792969,14.32291316986084,13.828653335571289,14.288854598999023,279979830.0,1259.854248046875,1271.9232177734375,1247.6298828125,1271.65380859375,5089212680.0,16975.23828125,17091.86328125,16939.921875,17089.50390625,19889922369
2022-12-07,14.292366981506348,14.310629844665527,13.497425079345703,13.5196533203125,223134812.0,1271.5531005859375,1272.694091796875,1224.447998046875,1232.4375,5752205180.0,17089.505859375,17109.376953125,16750.55859375,16848.126953125,19675404389
2022-12-08,13.519828796386719,13.75301742553711,13.310490608215332,13.68922233581543,195918913.0,1232.4517822265625,1286.229736328125,1226.3585205078125,1281.1163330078125,6227269815.0,16847.349609375,17267.916015625,16788.783203125,17233.474609375,20496603770
2022-12-09,13.68907356262207,13.979891777038574,13.536895751953125,13.580187797546387,211833041.0,1281.0772705078125,1290.055419921875,1260.8187255859375,1264.2847900390625,5706183865.0,17232.1484375,17280.546875,17100.8359375,17133.15234375,20328426366
2022-12-10,13.581315994262695,13.69578742980957,13.568408012390137,13.576995849609375,109293691.0,1264.37548828125,1279.5279541015625,1262.119873046875,1266.3841552734375,3282499999.0,17134.220703125,17216.826171875,17120.68359375,17128.724609375,12706781969
2022-12-11,13.576213836669922,13.778305053710938,13.413359642028809,13.427809715270996,117436002.0,1266.4178466796875,1281.783203125,1260.6636962890625,1263.8685302734375,3362005848.0,17129.7109375,17245.634765625,17091.8203125,17104.193359375,14122486832
2022-12-12,13.426751136779785,13.458085060119629,12.951156616210938,13.318544387817383,205298705.0,1263.573486328125,1275.6103515625,1243.477783203125,1274.6190185546875,5151109364.0,17102.5,17212.564453125,16899.39453125,17206.4375,19617581341
2022-12-13,13.318246841430664,14.057649612426758,12.828971862792969,13.833986282348633,315949878.0,1274.6624755859375,1341.4393310546875,1258.472412109375,1320.5491943359375,8812883119.0,17206.44140625,17930.0859375,17111.763671875,17781.318359375,26634741631
2022-12-14,13.836177825927734,14.887666702270508,13.831062316894531,14.140525817871094,441479811.0,1320.6885986328125,1346.1744384765625,1305.8333740234375,1309.3287353515625,7830915428.0,17782.06640625,18318.53125,17739.513671875,17815.650390625,25534481470
2022-12-15,14.140317916870117,14.467164039611816,13.909064292907715,14.02151107788086,272679087.0,1309.1907958984375,1311.067138671875,1262.6893310546875,1266.3538818359375,6032859783.0,17813.64453125,17846.744140625,17322.58984375,17364.865234375,20964448341
2022-12-16,14.021939277648926,14.145011901855469,12.147680282592773,12.266606330871582,358747840.0,1266.4605712890625,1278.156982421875,1162.1756591796875,1168.2593994140625,9297811507.0,17364.546875,17505.525390625,16584.701171875,16647.484375,24031608960
2022-12-17,12.265798568725586,12.511940956115723,11.987808227539062,12.504404067993164,222801055.0,1168.0667724609375,1189.0450439453125,1165.4078369140625,1188.1495361328125,5077258586.0,16646.982421875,16800.58984375,16614.029296875,16795.091796875,14463581825
2022-12-18,12.504684448242188,12.568931579589844,12.31215763092041,12.41312026977539,110722042.0,1188.1285400390625,1194.2144775390625,1176.185791015625,1184.7152099609375,3350092519.0,16795.609375,16815.38671875,16697.8203125,16757.9765625,10924354698
2022-12-19,12.415849685668945,12.566923141479492,11.737709999084473,11.932655334472656,206060595.0,1184.75830078125,1192.923828125,1160.377197265625,1167.60986328125,4943628091.0,16759.041015625,16807.52734375,16398.13671875,16439.6796875,17221074814
2022-12-20,11.934520721435547,12.436450004577637,11.875389099121094,12.28051471710205,177388342.0,1167.8826904296875,1224.0926513671875,1165.5994873046875,1217.70361328125,6684951715.0,16441.787109375,17012.984375,16427.8671875,16906.3046875,22722096615
2022-12-21,12.279061317443848,12.279061317443848,11.929596900939941,12.128985404968262,167974882.0,1217.58642578125,1218.1922607421875,1206.4400634765625,1213.5999755859375,4217182733.0,16904.52734375,16916.80078125,16755.912109375,16817.53515625,14882945045
2022-12-22,12.129864692687988,12.168594360351562,11.720108985900879,11.794829368591309,181200151.0,1213.672607421875,1221.98681640625,1187.1278076171875,1218.18212890625,5297471739.0,16818.380859375,16866.673828125,16592.408203125,16830.341796875,16441573050
2022-12-23,11.794523239135742,12.084675788879395,11.755584716796875,11.786166191101074,157181374.0,1218.079345703125,1226.998779296875,1215.994873046875,1220.159423828125,4835831923.0,16829.64453125,16905.21875,16794.458984375,16796.953125,15329265213
2022-12-24,11.7862548828125,11.7862548828125,11.2396240234375,11.444275856018066,202780776.0,1220.117919921875,1224.91162109375,1216.3387451171875,1221.1485595703125,2626153345.0,16796.9765625,16864.703125,16793.52734375,16847.755859375,9744636213
2022-12-25,11.444534301757812,11.534026145935059,11.274829864501953,11.387903213500977,105389060.0,1221.1715087890625,1223.517822265625,1203.7196044921875,1218.9620361328125,3942720070.0,16847.505859375,16860.5546875,16755.25390625,16841.986328125,11656379938
2022-12-26,11.387689590454102,11.453410148620605,11.138463973999023,11.306611061096191,132410401.0,1218.920166015625,1226.974365234375,1214.3359375,1226.974365234375,3282098400.0,16842.25,16920.123046875,16812.369140625,16919.8046875,11886957804
2022-12-27,11.309179306030273,11.390707969665527,10.766209602355957,11.085430145263672,223332961.0,1226.987060546875,1230.4180908203125,1205.8956298828125,1212.7916259765625,4091530737.0,16919.291015625,16959.845703125,16642.072265625,16717.173828125,15748580239
2022-12-28,11.08486270904541,11.098109245300293,9.52294921875,9.755906105041504,468728777.0,1212.736572265625,1213.12890625,1185.7021484375,1189.986083984375,4991669631.0,16716.400390625,16768.169921875,16497.556640625,16552.572265625,17005713920
2022-12-29,9.755775451660156,9.827129364013672,8.141267776489258,9.651782989501953,772500177.0,1190.0101318359375,1204.1416015625,1188.3602294921875,1201.5953369140625,4132233940.0,16552.322265625,16651.755859375,16508.68359375,16642.341796875,14472237479
2022-12-30,9.651914596557617,10.021772384643555,9.062714576721191,9.880176544189453,837030648.0,1201.569580078125,1202.03466796875,1187.4625244140625,1199.2327880859375,4055668253.0,16641.330078125,16643.427734375,16408.474609375,16602.5859375,15929162910
2022-12-31,9.88100528717041,10.151166915893555,9.69262409210205,9.961038589477539,285758573.0,1199.360107421875,1205.088623046875,1194.2037353515625,1196.771240234375,3018513333.0,16603.673828125,16628.986328125,16517.51953125,16547.49609375,11239186456
2023-01-01,9.96103572845459,10.052801132202148,9.7210111618042,9.982172966003418,194221164.0,1196.713623046875,1203.475341796875,1192.8853759765625,1200.96484375,2399674550.0,16547.9140625,16630.439453125,16521.234375,16625.080078125,9244361700
2023-01-02,9.983222007751465,11.372013092041016,9.845211029052734,11.272967338562012,558570124.0,1201.103271484375,1219.860595703125,1195.2149658203125,1214.6566162109375,3765758498.0,16625.509765625,16759.34375,16572.228515625,16688.470703125,12097775227
2023-01-03,11.274726867675781,13.50026798248291,11.053266525268555,13.344045639038086,1149255381.0,1214.7440185546875,1219.0953369140625,1207.4915771484375,1214.77880859375,3392972131.0,16688.84765625,16760.447265625,16622.37109375,16679.857421875,13903079207
2023-01-04,13.351509094238281,14.09533977508545,12.922945976257324,13.435112953186035,1142852070.0,1214.7186279296875,1264.8074951171875,1213.1688232421875,1256.526611328125,6404416893.0,16680.205078125,16964.5859375,16667.763671875,16863.23828125,18421743322
2023-01-05,13.43493938446045,13.769200325012207,12.990192413330078,13.419329643249512,564255825.0,1256.484619140625,1258.571533203125,1245.173095703125,1250.4385986328125,4001786456.0,16863.47265625,16884.021484375,16790.283203125,16836.736328125,13692758566
2023-01-06,13.420552253723145,13.54129409790039,12.771324157714844,13.52584171295166,517147909.0,1250.458984375,1273.2203369140625,1240.947509765625,1269.3790283203125,4977252792.0,16836.47265625,16991.994140625,16716.421875,16951.96875,14413662913
2023-01-07,13.52675724029541,13.52675724029541,13.055072784423828,13.092267990112305,210349250.0,1269.4197998046875,1270.5982666015625,1262.2711181640625,1264.2703857421875,2565213548.0,16952.1171875,16975.017578125,16914.19140625,16955.078125,7714767174
2023-01-08,13.09150505065918,14.333256721496582,12.924285888671875,14.31993293762207,535020165.0,1264.181884765625,1287.3594970703125,1260.226806640625,1287.3594970703125,3495088905.0,16954.146484375,17091.14453125,16924.05078125,17091.14453125,9768827914
2023-01-09,14.325532913208008,17.361557006835938,14.325532913208008,16.30246353149414,2029272608.0,1287.4508056640625,1342.1441650390625,1286.6807861328125,1321.5389404296875,7990438824.0,17093.9921875,17389.95703125,17093.9921875,17196.5546875,18624736866
2023-01-10,16.29619789123535,16.640087127685547,15.711213111877441,16.19672393798828,833408341.0,1321.3955078125,1342.7572021484375,1318.5272216796875,1336.5860595703125,5830173253.0,17192.94921875,17484.720703125,17162.990234375,17446.29296875,15808338949
2023-01-11,16.196577072143555,16.44658851623535,15.368487358093262,16.35941505432129,630606082.0,1336.48681640625,1387.9327392578125,1323.5831298828125,1387.9327392578125,6314904311.0,17446.359375,17934.896484375,17337.994140625,17934.896484375,18372283782
2023-01-12,16.789260864257812,16.808433532714844,15.744722366333008,16.619043350219727,884719784.0,1405.3514404296875,1432.28125,1378.422119140625,1417.9384765625,12230193038.0,18117.59375,19030.087890625,17995.203125,18869.587890625,34971338710
2023-01-13,16.61872673034668,18.51446533203125,16.381359100341797,18.28844451904297,1037251176.0,1417.9461669921875,1461.6727294921875,1404.02392578125,1451.6148681640625,7684148212.0,18868.90625,19964.322265625,18753.1640625,19909.57421875,29225029694
2023-01-14,18.287506103515625,24.565017700195312,18.26682472229004,24.24945831298828,3399684035.0,1451.428466796875,1563.7391357421875,1450.9884033203125,1550.7069091796875,15444626014.0,19910.537109375,21075.142578125,19907.828125,20976.298828125,38967784639
2023-01-15,24.259122848510742,24.651987075805664,22.11684799194336,22.873306274414062,1661787281.0,1550.7315673828125,1556.9508056640625,1520.893798828125,1552.4794921875,6774614499.0,20977.484375,20993.748046875,20606.986328125,20880.798828125,19298407543
2023-01-16,22.875085830688477,24.752788543701172,22.585596084594727,23.577564239501953,1596086615.0,1552.519287109375,1594.039794921875,1529.5736083984375,1576.83349609375,8454485431.0,20882.224609375,21360.875,20715.74609375,21169.6328125,26792494050
2023-01-17,23.58060073852539,23.80280113220215,22.882892608642578,22.884063720703125,926501252.0,1577.107421875,1594.0009765625,1553.3359375,1567.8460693359375,7599462786.0,21175.833984375,21438.66015625,20978.533203125,21161.51953125,24999983362
2023-01-18,22.886484146118164,23.482633590698242,20.693498611450195,20.85063362121582,1427677518.0,1567.698974609375,1602.106689453125,1509.4228515625,1515.5069580078125,10354880595.0,21161.05078125,21564.501953125,20541.544921875,20688.78125,30005625418
2023-01-19,20.850828170776367,21.765443801879883,20.528949737548828,21.42676544189453,799641392.0,1515.2496337890625,1557.9703369140625,1514.3800048828125,1552.5565185546875,6432638856.0,20686.74609375,21163.01171875,20685.380859375,21086.79296875,21152848261
2023-01-20,21.426406860351562,25.678333282470703,21.00454330444336,25.54827117919922,1419157455.0,1552.3736572265625,1659.8857421875,1544.9178466796875,1659.754150390625,8528894754.0,21085.373046875,22692.357421875,20919.126953125,22676.552734375,28799154319
2023-01-21,25.551525115966797,26.410499572753906,24.614994049072266,24.627838134765625,1948796870.0,1659.7060546875,1674.1793212890625,1626.81298828125,1627.1181640625,8859250310.0,22677.427734375,23282.34765625,22511.833984375,22777.625,32442278429
2023-01-22,24.624042510986328,25.389249801635742,23.756322860717773,24.232789993286133,1029738787.0,1627.365966796875,1658.0234375,1612.085693359375,1628.382080078125,7517988734.0,22777.986328125,23056.73046875,22387.900390625,22720.416015625,24746386230
2023-01-23,24.23154640197754,24.885982513427734,23.973735809326172,24.357807159423828,874649827.0,1628.55078125,1641.2181396484375,1607.903076171875,1628.2510986328125,8264507375.0,22721.087890625,23126.486328125,22654.3046875,22934.431640625,26518700512
2023-01-24,24.352102279663086,25.167665481567383,22.647783279418945,22.795673370361328,837211317.0,1627.8482666015625,1639.723876953125,1551.3897705078125,1556.604248046875,8180274691.0,22929.626953125,23134.01171875,22549.744140625,22636.46875,26405069715
2023-01-25,22.79620361328125,25.21659278869629,22.39700698852539,24.57144546508789,1166026842.0,1556.8074951171875,1632.24169921875,1530.7978515625,1611.7110595703125,10598973448.0,22639.267578125,23722.099609375,22406.076171875,23117.859375,30685366709
2023-01-26,24.561397552490234,25.12034797668457,23.95353889465332,24.350696563720703,809826004.0,1611.0809326171875,1626.1982421875,1586.59814453125,1603.10595703125,8395315241.0,23108.955078125,23237.078125,22911.373046875,23032.77734375,26357839322
2023-01-27,24.350980758666992,24.861764907836914,23.49876594543457,24.40785789489746,682926581.0,1603.080078125,1617.0008544921875,1565.2449951171875,1598.156494140625,8124465373.0,23030.716796875,23417.720703125,22654.59375,23078.728515625,25383335641
2023-01-28,24.410602569580078,25.017385482788086,23.841827392578125,23.981801986694336,489857934.0,1598.1253662109375,1604.7041015625,1565.39013671875,1572.43505859375,5803653357.0,23079.96484375,23165.896484375,22908.845703125,23031.08984375,14712928379
2023-01-29,23.98078727722168,26.65280532836914,23.827844619750977,26.132387161254883,1131621628.0,1572.6295166015625,1653.7249755859375,1568.98486328125,1646.1556396484375,8801292300.0,23031.44921875,23919.890625,22985.0703125,23774.56640625,27423687259
2023-01-30,26.13530158996582,26.24931526184082,23.48917579650879,23.946321487426758,1084170329.0,1646.147705078125,1646.651611328125,1546.6607666015625,1567.3265380859375,9180418120.0,23774.6484375,23789.34765625,22657.58203125,22840.138671875,27205595568
2023-01-31,23.949321746826172,24.34128761291504,23.592248916625977,23.952547073364258,617019880.0,1567.419921875,1598.517578125,1563.8043212890625,1586.535400390625,6585191019.0,22840.796875,23225.021484375,22765.568359375,23139.283203125,22837828665
2023-02-01,23.948514938354492,25.126235961914062,22.64312171936035,24.993358612060547,984317489.0,1586.4881591796875,1644.7275390625,1566.8572998046875,1641.792724609375,8116969489.0,23137.8359375,23764.5390625,22877.75,23723.76953125,26683255504
2023-02-02,24.988786697387695,26.037151336669922,24.25430679321289,24.265058517456055,1017290364.0,1641.365966796875,1704.4581298828125,1641.3226318359375,1643.2415771484375,10558081069.0,23720.82421875,24167.2109375,23468.595703125,23471.87109375,32066936882
2023-02-03,24.26081085205078,25.003572463989258,24.118974685668945,24.680896759033203,643813200.0,1642.9046630859375,1670.6968994140625,1634.223388671875,1664.74560546875,8169519805.0,23469.412109375,23678.103515625,23279.955078125,23449.322265625,27083066007
2023-02-04,24.679983139038086,24.892578125,24.317745208740234,24.317745208740234,321758043.0,1664.4722900390625,1690.099609375,1648.189208984375,1667.0592041015625,5843302512.0,23446.3203125,23556.94921875,23291.794921875,23331.84765625,15639298538
2023-02-05,24.319520950317383,24.42566680908203,23.1168270111084,23.493438720703125,578466008.0,1667.16650390625,1671.770263671875,1616.391845703125,1631.6458740234375,6926696531.0,23332.248046875,23423.435546875,22841.759765625,22955.666015625,19564262605
2023-02-06,23.493684768676758,23.68735694885254,22.603904724121094,22.706388473510742,449884793.0,1631.645263671875,1653.7154541015625,1611.319091796875,1616.2470703125,6919871886.0,22954.021484375,23119.279296875,22692.025390625,22760.109375,23825006542
2023-02-07,22.69782257080078,23.899799346923828,22.607053756713867,23.861356735229492,625438600.0,1616.0096435546875,1673.7978515625,1614.863037109375,1672.0035400390625,8030277434.0,22757.267578125,23310.974609375,22756.2578125,23264.291015625,27187964471
2023-02-08,23.860729217529297,24.148073196411133,22.881855010986328,23.192670822143555,534148944.0,1671.9052734375,1688.5272216796875,1635.2650146484375,1650.716796875,7806089579.0,23263.416015625,23367.958984375,22731.09765625,22939.3984375,25371367758
2023-02-09,23.198091506958008,23.27908706665039,20.203577041625977,20.45212745666504,797436250.0,1651.082275390625,1655.23486328125,1537.1822509765625,1546.438232421875,10524969124.0,22946.56640625,22996.4375,21773.974609375,21819.0390625,32572572185
2023-02-10,20.453590393066406,21.117727279663086,19.84334373474121,20.130109786987305,654189930.0,1546.5965576171875,1553.32568359375,1504.83447265625,1514.869140625,8397387897.0,21819.005859375,21941.185546875,21539.392578125,21651.18359375,27078406594
2023-02-11,20.12839126586914,20.860679626464844,20.119468688964844,20.830095291137695,267159267.0,1514.94189453125,1541.334716796875,1510.14697265625,1539.9267578125,5064007416.0,21651.841796875,21891.41015625,21618.44921875,21870.875,16356226232
2023-02-12,20.828874588012695,22.260618209838867,20.646625518798828,21.489978790283203,532943787.0,1539.7760009765625,1545.55419921875,1501.4620361328125,1515.03369140625,5319698775.0,21870.90234375,22060.994140625,21682.828125,21788.203125,17821046406
2023-02-13,21.486787796020508,21.52965545654297,19.870744705200195,20.79010009765625,693292656.0,1514.9169921875,1524.7314453125,1470.02392578125,1507.1658935546875,9363855114.0,21787.0,21898.4140625,21460.087890625,21808.1015625,23918742607
2023-02-14,20.78159523010254,22.245664596557617,20.711223602294922,21.824953079223633,865868623.0,1506.9920654296875,1562.0343017578125,1497.1944580078125,1556.8751220703125,9249575045.0,21801.822265625,22293.140625,21632.39453125,22220.8046875,26792596581
2023-02-15,21.824722290039062,23.901153564453125,21.50210189819336,23.883901596069336,747616299.0,1556.76513671875,1674.289794921875,1545.689697265625,1673.7459716796875,10015035156.0,22220.5859375,24307.841796875,22082.76953125,24307.841796875,32483312909
2023-02-16,23.88418960571289,24.030553817749023,22.26426124572754,22.285951614379883,885086333.0,1673.867431640625,1732.8011474609375,1638.1455078125,1640.067626953125,12704861676.0,24307.349609375,25134.1171875,23602.5234375,23623.474609375,39316664596
2023-02-17,22.282129287719727,23.493309020996094,22.153913497924805,23.166757583618164,580803415.0,1640.2801513671875,1716.7818603515625,1636.173828125,1694.7833251953125,9802443159.0,23621.283203125,24924.041015625,23460.755859375,24565.6015625,41358451255
2023-02-18,23.167396545410156,23.75763511657715,22.96770477294922,23.478591918945312,370892073.0,1694.7418212890625,1705.30908203125,1683.670166015625,1691.8194580078125,5491437195.0,24565.296875,24798.8359375,24468.373046875,24641.27734375,19625427158
2023-02-19,23.476207733154297,25.52073097229004,23.268293380737305,24.84075164794922,993875671.0,1691.68017578125,1718.9476318359375,1673.9066162109375,1681.4361572265625,6959144003.0,24640.02734375,25093.0546875,24327.642578125,24327.642578125,25555105670
2023-02-20,24.84637451171875,26.925580978393555,24.342071533203125,26.181386947631836,1459545676.0,1682.3370361328125,1716.4893798828125,1659.2950439453125,1702.6751708984375,7703604237.0,24336.623046875,25020.458984375,23927.91015625,24829.1484375,28987376573
2023-02-21,26.18273162841797,26.424297332763672,24.673828125,24.948558807373047,925847245.0,1702.7978515625,1714.28564453125,1642.396728515625,1658.036376953125,8721608198.0,24833.048828125,25126.8515625,24200.36328125,24436.353515625,31252098714
2023-02-22,24.949750900268555,25.13520050048828,23.377933502197266,24.18134880065918,892548647.0,1658.1409912109375,1663.996826171875,1604.8033447265625,1643.231689453125,9189387004.0,24437.41796875,24472.33984375,23644.318359375,24188.84375,30199996781
2023-02-23,24.18242073059082,24.635833740234375,23.68366813659668,23.900800704956055,579213279.0,1643.298583984375,1674.6015625,1632.566162109375,1651.0738525390625,9013236167.0,24190.71875,24572.08984375,23693.919921875,23947.4921875,30476264066
2023-02-24,23.89963722229004,24.05632972717285,22.63655662536621,23.053035736083984,612377428.0,1650.8951416015625,1661.09130859375,1583.1478271484375,1608.3731689453125,8909129423.0,23946.0078125,24103.705078125,23007.072265625,23198.126953125,26811744928
2023-02-25,23.058849334716797,23.273439407348633,21.641862869262695,22.523399353027344,547286025.0,1608.6583251953125,1608.8651123046875,1567.6317138671875,1594.9149169921875,5657686235.0,23200.125,23210.2109375,22861.55859375,23175.375,16100721565
2023-02-26,22.52385711669922,23.484447479248047,22.32423973083496,23.256088256835938,370371591.0,1594.7611083984375,1645.2734375,1590.39306640625,1640.817138671875,5727967432.0,23174.150390625,23654.3671875,23084.220703125,23561.212890625,16644534842
2023-02-27,23.255739212036133,23.367462158203125,22.400766372680664,22.692588806152344,475987023.0,1640.763671875,1662.57568359375,1615.387939453125,1634.326416015625,7239824677.0,23561.451171875,23857.890625,23205.87890625,23522.87109375,22660763494
2023-02-28,22.69098472595215,22.725032806396484,21.82581329345703,21.9163875579834,351065863.0,1634.50244140625,1644.435791015625,1602.4281005859375,1605.8951416015625,6323676957.0,23521.837890625,23585.384765625,23077.650390625,23147.353515625,20535363434
2023-03-01,21.91213607788086,22.795337677001953,21.738677978515625,22.506431579589844,346532018.0,1606.0404052734375,1663.4337158203125,1601.548583984375,1663.4337158203125,7701847224.0,23150.9296875,23880.6328125,23088.626953125,23646.55078125,24662841200
2023-03-02,22.505313873291016,22.57521629333496,21.73250961303711,21.984878540039062,322545445.0,1663.549072265625,1672.0511474609375,1622.5999755859375,1647.3193359375,7080950926.0,23647.01953125,23739.138671875,23245.021484375,23475.466796875,20386398516
2023-03-03,21.98651695251465,22.001710891723633,20.541078567504883,21.39935302734375,489228523.0,1647.5577392578125,1648.475341796875,1552.4515380859375,1569.1676025390625,9922240199.0,23476.6328125,23479.34765625,22213.23828125,22362.6796875,26062404610
2023-03-04,21.400026321411133,21.53683853149414,20.3741455078125,20.966838836669922,249364880.0,1569.278076171875,1575.63720703125,1551.73681640625,1566.9239501953125,4389045367.0,22362.923828125,22405.177734375,22198.98046875,22353.349609375,11166012913
2023-03-05,20.966392517089844,21.61699676513672,20.89556312561035,20.97858428955078,278729462.0,1567.1793212890625,1584.2088623046875,1559.9541015625,1564.46875,5020886238.0,22354.14453125,22613.685546875,22307.142578125,22435.513671875,13317001733
2023-03-06,20.978412628173828,21.098865509033203,20.522214889526367,20.635011672973633,318022843.0,1564.3831787109375,1579.456298828125,1557.363525390625,1567.398681640625,5245153345.0,22436.81640625,22584.29296875,22331.314453125,22429.7578125,17353192895
2023-03-07,20.63469123840332,20.88684844970703,19.82059669494629,20.244731903076172,394901279.0,1567.4246826171875,1579.1622314453125,1543.1275634765625,1561.93310546875,6854058349.0,22428.322265625,22527.41796875,22011.26171875,22219.76953125,22765452204
2023-03-08,20.24393081665039,20.332366943359375,18.286304473876953,18.421194076538086,620543521.0,1561.9779052734375,1568.17529296875,1534.0882568359375,1534.0882568359375,7130327525.0,22216.44140625,22268.896484375,21708.05078125,21718.080078125,22536575684
2023-03-09,18.424707412719727,18.68904685974121,16.943132400512695,17.308147430419922,754162560.0,1534.0316162109375,1544.1083984375,1423.2647705078125,1438.6607666015625,9457897583.0,21720.080078125,21802.716796875,20210.306640625,20363.021484375,30364664171
2023-03-10,17.3122501373291,18.323396682739258,16.117345809936523,18.243642807006836,944032048.0,1438.7601318359375,1438.7601318359375,1378.525390625,1429.1580810546875,12665194936.0,20367.001953125,20370.595703125,19628.25390625,20187.244140625,39578257695
2023-03-11,18.243104934692383,18.848188400268555,17.171354293823242,18.22584342956543,696894876.0,1429.100830078125,1484.136962890625,1428.72314453125,1482.61669921875,14917080154.0,20187.876953125,20792.525390625,20068.66015625,20632.41015625,30180288176
2023-03-12,18.22479820251465,20.39289093017578,17.942476272583008,20.310531616210938,666940879.0,1482.431884765625,1607.152587890625,1461.6109619140625,1590.29296875,11480965122.0,20628.029296875,22185.03125,20448.806640625,22163.94921875,29279035521
2023-03-13,20.310792922973633,21.340412139892578,18.9644718170166,20.433712005615234,1161164364.0,1590.8311767578125,1699.9117431640625,1572.07470703125,1680.3089599609375,15711468959.0,22156.40625,24550.837890625,21918.19921875,24197.533203125,49466362688
2023-03-14,20.434707641601562,22.106672286987305,19.914527893066406,20.92803382873535,1130224251.0,1680.2952880859375,1779.9178466796875,1665.90234375,1703.507080078125,16159781303.0,24201.765625,26514.716796875,24081.18359375,24746.07421875,54622230164
2023-03-15,20.93529510498047,21.488908767700195,18.830358505249023,19.29098129272461,816614774.0,1705.18994140625,1721.0792236328125,1616.63037109375,1656.1805419921875,12715339905.0,24770.92578125,25240.615234375,23964.91015625,24375.9609375,43655701450
2023-03-16,19.299495697021484,19.88351058959961,19.03631019592285,19.73054313659668,438673097.0,1656.33203125,1693.1392822265625,1639.26171875,1677.2154541015625,9364980166.0,24373.45703125,25190.326171875,24225.111328125,25052.7890625,33866061747
2023-03-17,19.730066299438477,21.676240921020508,19.499818801879883,21.62910270690918,623518286.0,1677.2967529296875,1799.343994140625,1667.1318359375,1792.485107421875,12467445117.0,25055.123046875,27787.8125,24955.169921875,27423.9296875,50730261335
2023-03-18,21.6324405670166,22.861988067626953,21.141870498657227,21.19590187072754,789771840.0,1793.5924072265625,1840.3575439453125,1751.2628173828125,1761.65966796875,10317822213.0,27448.1171875,27725.953125,26636.26171875,26965.87890625,35723036817
2023-03-19,21.19828987121582,22.453811645507812,21.19828987121582,21.90340232849121,475166077.0,1762.9632568359375,1843.8441162109375,1762.9632568359375,1785.5765380859375,9170565472.0,26969.50390625,28440.560546875,26907.716796875,28038.67578125,37769448859
2023-03-20,21.904611587524414,23.831193923950195,21.585559844970703,22.176464080810547,1147250538.0,1785.416259765625,1807.7252197265625,1728.103759765625,1735.3212890625,10978325507.0,28041.6015625,28527.724609375,27242.880859375,27767.236328125,44774027664
2023-03-21,22.177589416503906,23.22371482849121,21.639102935791016,22.618267059326172,745081556.0,1735.617919921875,1836.28857421875,1725.00732421875,1806.7607421875,10758627746.0,27768.392578125,28439.5625,27439.646484375,28175.81640625,36102192830
2023-03-22,22.614276885986328,23.06732177734375,21.14965057373047,21.480485916137695,851680842.0,1804.95703125,1821.458251953125,1717.76513671875,1737.717041015625,12484103560.0,28158.720703125,28803.3359375,26759.99609375,27307.4375,33382021890
2023-03-23,21.475513458251953,22.700597763061523,21.216276168823242,22.216777801513672,555730954.0,1737.140869140625,1853.8880615234375,1732.524658203125,1816.4051513671875,11012966854.0,27301.95703125,28729.84375,27183.36328125,28333.97265625,24220433689
2023-03-24,22.21415138244629,22.258434295654297,20.35582733154297,20.678855895996094,547225198.0,1815.81982421875,1819.935302734375,1730.3494873046875,1752.0447998046875,10913669383.0,28324.111328125,28388.4375,27039.265625,27493.28515625,25980310960
2023-03-25,20.677745819091797,20.952482223510742,20.184852600097656,20.446645736694336,272949711.0,1751.469482421875,1762.674560546875,1716.6519775390625,1743.7647705078125,6614309912.0,27487.337890625,27791.826171875,27196.234375,27494.70703125,13383005987
2023-03-26,20.444177627563477,21.129981994628906,20.34568977355957,20.97551918029785,226663968.0,1743.8421630859375,1797.8802490234375,1741.182861328125,1775.6767578125,6990313307.0,27495.5234375,28178.14453125,27445.046875,27994.330078125,13878363192
2023-03-27,20.976085662841797,20.97982406616211,19.508054733276367,19.921674728393555,359607077.0,1775.4813232421875,1781.3792724609375,1690.5166015625,1715.4608154296875,8585750760.0,27994.068359375,28037.92578125,26606.689453125,27139.888671875,18188895178
2023-03-28,19.922195434570312,20.76420783996582,19.66556739807129,20.4706974029541,347656506.0,1715.327392578125,1791.1109619140625,1702.564697265625,1772.78564453125,8346890042.0,27132.888671875,27460.71875,26677.818359375,27268.130859375,17783600385
2023-03-29,20.46544075012207,21.505144119262695,20.45812225341797,21.111467361450195,378726667.0,1772.89990234375,1825.6009521484375,1772.89990234375,1793.0018310546875,9136176952.0,27267.03125,28619.54296875,27259.662109375,28348.44140625,20684945906
2023-03-30,21.113840103149414,21.590513229370117,20.232969284057617,20.55104637145996,472449267.0,1793.345947265625,1827.2802734375,1766.2489013671875,1792.7371826171875,9724496987.0,28350.140625,29159.90234375,27720.16015625,28033.5625,22435349951
2023-03-31,20.552515029907227,21.441999435424805,20.155242919921875,21.170495986938477,352864960.0,1793.6201171875,1844.6773681640625,1783.1422119140625,1822.0220947265625,9149379763.0,28032.26171875,28639.896484375,27583.71484375,28478.484375,19001327598
2023-04-01,21.17135238647461,21.313888549804688,20.858905792236328,20.97564125061035,209186327.0,1821.704345703125,1840.173095703125,1811.1185302734375,1813.860595703125,5556443606.0,28473.33203125,28802.45703125,28297.171875,28411.03515625,10876469901
2023-04-02,21.08799171447754,21.28608512878418,20.31570053100586,20.536975860595703,229561591.0,1821.192138671875,1824.328857421875,1774.8724365234375,1795.7081298828125,6199721188.0,28462.845703125,28518.958984375,27884.087890625,28199.30859375,12284641999
2023-04-03,20.53603744506836,20.934097290039062,20.02490234375,20.443050384521484,437266506.0,1794.9224853515625,1839.1578369140625,1765.5189208984375,1810.297119140625,9643826401.0,28183.080078125,28475.623046875,27276.720703125,27790.220703125,19556501327
2023-04-04,20.442649841308594,21.236377716064453,20.352720260620117,20.924619674682617,305630170.0,1810.14208984375,1886.5946044921875,1802.9554443359375,1871.005126953125,10398322335.0,27795.2734375,28433.7421875,27681.3046875,28168.08984375,15284538859
2023-04-05,20.924537658691406,21.319177627563477,20.670976638793945,20.966007232666016,324885702.0,1870.965087890625,1937.49755859375,1865.94189453125,1909.114013671875,10319231689.0,28169.7265625,28739.23828125,27843.763671875,28177.984375,17052315986
2023-04-06,20.96971321105957,20.97062110900879,20.50641441345215,20.61012840270996,222557225.0,1909.1435546875,1909.271728515625,1857.0850830078125,1872.922607421875,8263191830.0,28175.2265625,28178.384765625,27738.759765625,28044.140625,13837809380
2023-04-07,20.611345291137695,20.771724700927734,20.267675399780273,20.469940185546875,171660856.0,1872.734130859375,1882.2991943359375,1845.993896484375,1865.6361083984375,8356130492.0,28038.966796875,28111.59375,27794.03125,27925.859375,10861680497
2023-04-08,20.4666748046875,20.71323585510254,19.947696685791016,20.036449432373047,194413927.0,1864.6790771484375,1879.1077880859375,1848.87548828125,1849.4981689453125,5016362733.0,27920.513671875,28159.86328125,27883.38671875,27947.794921875,9373255556
2023-04-09,20.03837013244629,20.420705795288086,19.964378356933594,20.29946517944336,152580905.0,1849.6722412109375,1873.057373046875,1828.7000732421875,1859.3878173828125,6361497715.0,27952.3671875,28532.830078125,27828.48046875,28333.05078125,12175322951
2023-04-10,20.300235748291016,20.936527252197266,20.115707397460938,20.882356643676758,224169192.0,1859.7412109375,1917.3001708984375,1848.1641845703125,1911.20751953125,8380134275.0,28336.02734375,29771.46484375,28189.271484375,29652.98046875,19282400094
2023-04-11,20.883928298950195,23.635955810546875,20.860193252563477,23.018827438354492,1083533914.0,1911.3758544921875,1936.728271484375,1886.5341796875,1892.189697265625,8877222956.0,29653.6796875,30509.083984375,29609.30078125,30235.05859375,20121259843
2023-04-12,23.018800735473633,24.34465217590332,22.423229217529297,23.985305786132812,1204250258.0,1891.94970703125,1929.8812255859375,1860.036865234375,1920.68212890625,11010714187.0,30231.58203125,30462.48046875,29725.57421875,30139.052734375,18651929926
2023-04-13,23.810882568359375,25.242456436157227,23.704795837402344,24.432308197021484,792335438.0,1917.6983642578125,2022.150146484375,1901.8603515625,2012.6346435546875,12546950499.0,29892.740234375,30539.845703125,29878.623046875,30399.06640625,17487721001
2023-04-14,24.43577766418457,25.461393356323242,23.817447662353516,24.772722244262695,859037933.0,2013.9306640625,2126.316650390625,2011.5032958984375,2101.635498046875,16298099411.0,30409.5625,31005.607421875,30044.498046875,30485.69921875,22659995079
2023-04-15,24.77461051940918,24.77461051940918,23.872028350830078,24.079378128051758,379745930.0,2101.616455078125,2111.075439453125,2076.5107421875,2092.466796875,8036468153.0,30490.75,30601.740234375,30245.8828125,30318.49609375,11940685378
2023-04-16,24.07978630065918,25.454143524169922,23.94781494140625,25.361927032470703,466841333.0,2092.281005859375,2137.445068359375,2076.83203125,2120.005859375,7898126856.0,30315.9765625,30555.537109375,30157.83203125,30315.35546875,12854816417
2023-04-17,25.36248016357422,25.938335418701172,24.406898498535156,24.55884552001953,789077237.0,2120.001220703125,2120.113525390625,2063.03857421875,2076.242919921875,9648882546.0,30317.146484375,30319.197265625,29275.37109375,29445.044921875,17872186762
2023-04-18,24.564685821533203,25.42329216003418,24.102088928222656,24.852689743041992,487693856.0,2075.855224609375,2121.531494140625,2057.65380859375,2104.537353515625,9134015143.0,29449.091796875,30470.302734375,29154.849609375,30397.552734375,19480529496
2023-04-19,24.85041046142578,24.93950843811035,22.266664505004883,22.71283531188965,836873906.0,2103.9462890625,2104.857177734375,1928.5828857421875,1936.4034423828125,13779745451.0,30394.1875,30411.0546875,28669.8984375,28822.6796875,24571565421
2023-04-20,22.704620361328125,23.12053680419922,21.664962768554688,22.181440353393555,658826580.0,1936.41796875,1979.5733642578125,1918.1328125,1943.09765625,11324135406.0,28823.68359375,29076.400390625,28037.2578125,28245.98828125,21340360360
2023-04-21,22.183801651000977,22.376489639282227,21.133298873901367,21.278135299682617,489546774.0,1943.409912109375,1955.649169921875,1827.7889404296875,1849.9998779296875,12044274581.0,28249.23046875,28349.96875,27177.365234375,27276.91015625,20759504330
2023-04-22,21.27747344970703,21.948162078857422,21.108491897583008,21.816287994384766,246809009.0,1849.2864990234375,1886.7816162109375,1845.8492431640625,1874.2286376953125,6970642726.0,27265.89453125,27872.142578125,27169.5703125,27817.5,13125734602
2023-04-23,21.81642723083496,22.217382431030273,21.067718505859375,21.480138778686523,314447869.0,1874.1715087890625,1882.229736328125,1838.992431640625,1862.06201171875,6607451862.0,27816.14453125,27820.244140625,27400.314453125,27591.384765625,12785446832
2023-04-24,21.479459762573242,21.950172424316406,21.078792572021484,21.391069412231445,358681450.0,1862.0853271484375,1888.1937255859375,1811.7921142578125,1842.7574462890625,8438191338.0,27591.73046875,27979.982421875,27070.849609375,27525.33984375,17703288330
2023-04-25,21.389921188354492,21.93714141845703,20.783756256103516,21.92725372314453,367752382.0,1842.204345703125,1877.4849853515625,1805.3228759765625,1866.753662109375,8677255481.0,27514.873046875,28371.078125,27207.931640625,28307.59765625,17733373139
2023-04-26,21.92747688293457,22.921377182006836,20.57401466369629,21.28301239013672,690088236.0,1866.14892578125,1962.567626953125,1792.4638671875,1866.564208984375,14356524696.0,28300.05859375,29995.837890625,27324.548828125,28422.701171875,31854242019
2023-04-27,21.284690856933594,22.48358154296875,21.226152420043945,22.34011459350586,509745191.0,1866.6932373046875,1936.9451904296875,1863.14794921875,1908.786376953125,14008145806.0,28428.46484375,29871.546875,28402.88671875,29473.787109375,27153445027
2023-04-28,22.339731216430664,23.460052490234375,22.21075439453125,23.366287231445312,511781472.0,1909.2730712890625,1923.19921875,1876.2918701171875,1892.5128173828125,7691759733.0,29481.013671875,29572.791015625,28929.609375,29340.26171875,17544464887
2023-04-29,23.366914749145508,23.750762939453125,22.987077713012695,23.18299674987793,369964075.0,1892.5650634765625,1916.9737548828125,1887.990478515625,1908.9169921875,4796651246.0,29336.56640625,29452.455078125,29088.04296875,29248.48828125,10662634333
2023-04-30,23.183658599853516,23.929723739624023,22.832014083862305,22.832014083862305,368042267.0,1908.7413330078125,1938.41796875,1876.92431640625,1876.92431640625,6539641957.0,29245.515625,29952.029296875,29114.021484375,29268.806640625,14652199272
2023-05-01,22.82850456237793,22.87849235534668,21.640710830688477,21.98663330078125,438350469.0,1868.89111328125,1886.2064208984375,1809.1932373046875,1831.954833984375,8625783201.0,29227.103515625,29329.935546875,27680.79296875,28091.568359375,18655599976
2023-05-02,21.986553192138672,22.373878479003906,21.77289581298828,22.264978408813477,296722866.0,1831.7265625,1879.759521484375,1824.3270263671875,1870.789306640625,7536785767.0,28087.17578125,28881.298828125,27924.123046875,28680.537109375,16432924527
2023-05-03,22.265134811401367,22.26718521118164,21.282699584960938,22.218002319335938,445797367.0,1870.6871337890625,1915.504150390625,1845.871826171875,1904.65185546875,8306390869.0,28680.494140625,29259.533203125,28178.388671875,29006.30859375,19122972518
2023-05-04,22.218751907348633,22.441139221191406,21.65181541442871,21.730348587036133,291826693.0,1905.1689453125,1915.8717041015625,1868.6297607421875,1877.7041015625,6578438233.0,29031.3046875,29353.185546875,28694.0390625,28847.7109375,15548678514
2023-05-05,21.730815887451172,23.029722213745117,21.706457138061523,22.82611083984375,423211212.0,1877.8331298828125,1998.41357421875,1876.9466552734375,1995.0609130859375,9498261360.0,28851.48046875,29668.908203125,28845.509765625,29534.384765625,17936566518
2023-05-06,22.828092575073242,23.222301483154297,21.729970932006836,21.974262237548828,351934449.0,1995.4791259765625,2017.5594482421875,1870.6055908203125,1900.2218017578125,9623243037.0,29538.859375,29820.126953125,28468.966796875,28904.623046875,15913866714
2023-05-07,21.971925735473633,22.738605499267578,21.808727264404297,21.844228744506836,303626005.0,1899.9176025390625,1933.9984130859375,1873.076416015625,1873.076416015625,6883942236.0,28901.623046875,29157.517578125,28441.3671875,28454.978515625,11301355486
2023-05-08,21.80777931213379,21.80777931213379,20.260629653930664,20.65746307373047,553548056.0,1872.47509765625,1886.162109375,1818.4505615234375,1849.042724609375,9895102899.0,28450.45703125,28663.271484375,27310.134765625,27694.2734375,19122903752
2023-05-09,20.658002853393555,20.96478843688965,20.459636688232422,20.683645248413086,272780907.0,1849.06103515625,1860.66748046875,1832.906982421875,1848.6031494140625,6129516088.0,27695.068359375,27821.400390625,27375.6015625,27658.775390625,14128593256
2023-05-10,20.68277931213379,21.29500961303711,20.165687561035156,20.953710556030273,490700208.0,1848.2135009765625,1886.80029296875,1795.6688232421875,1842.4014892578125,9945549603.0,27654.63671875,28322.6875,26883.669921875,27621.755859375,20656025026
2023-05-11,20.95549964904785,20.95549964904785,19.855695724487305,20.234880447387695,376535594.0,1842.4920654296875,1842.4920654296875,1774.132568359375,1796.4906005859375,8353828312.0,27621.0859375,27621.94140625,26781.826171875,27000.7890625,16724343943
2023-05-12,20.232479095458984,20.929597854614258,19.86431312561035,20.911794662475586,362726295.0,1795.1766357421875,1812.4249267578125,1742.40380859375,1808.019775390625,9047198660.0,26987.662109375,27055.646484375,25878.4296875,26804.990234375,19313599897
2023-05-13,20.915910720825195,21.24797821044922,20.82196807861328,20.86876106262207,224618367.0,1808.375,1816.0584716796875,1788.4755859375,1796.1148681640625,4647630864.0,26807.76953125,27030.482421875,26710.873046875,26784.078125,9999171605
2023-05-14,20.868267059326172,21.243988037109375,20.666637420654297,20.953397750854492,184522451.0,1796.10791015625,1823.49072265625,1793.228759765625,1800.5009765625,4711210241.0,26788.974609375,27150.9765625,26661.35546875,26930.638671875,10014858959
2023-05-15,20.953227996826172,21.485639572143555,20.647809982299805,21.00718879699707,307353987.0,1800.3712158203125,1845.6954345703125,1787.536376953125,1817.5499267578125,6748889346.0,26931.384765625,27646.34765625,26766.09765625,27192.693359375,14413231792
2023-05-16,21.008012771606445,21.12025260925293,20.475379943847656,20.679420471191406,279283146.0,1816.82421875,1830.3515625,1797.84375,1824.1214599609375,5595959668.0,27171.513671875,27299.3046875,26878.947265625,27036.650390625,12732238816
2023-05-17,20.679012298583984,21.17076873779297,20.500478744506836,21.06839942932129,279742763.0,1824.068359375,1835.5545654296875,1786.6719970703125,1821.859619140625,6352161579.0,27035.470703125,27465.927734375,26600.14453125,27398.802734375,15140006925
2023-05-18,21.068193435668945,21.068193435668945,20.168506622314453,20.348695755004883,293327002.0,1822.0682373046875,1831.4503173828125,1774.195068359375,1801.728515625,5673124255.0,27401.650390625,27466.52734375,26415.1015625,26832.208984375,15222938600
2023-05-19,20.348098754882812,20.5580997467041,20.312673568725586,20.349870681762695,149073606.0,1800.994384765625,1826.1942138671875,1797.4344482421875,1812.5894775390625,4796110259.0,26826.75390625,27128.619140625,26700.2109375,26890.12890625,11258983301
2023-05-20,20.350309371948242,20.361488342285156,20.14699935913086,20.285446166992188,121021517.0,1812.76611328125,1829.0096435546875,1808.0467529296875,1820.47802734375,2951655969.0,26888.841796875,27155.158203125,26843.27734375,27129.5859375,7044911360
2023-05-21,20.285701751708984,20.383838653564453,19.508216857910156,19.609437942504883,210641913.0,1820.1380615234375,1827.9219970703125,1799.9468994140625,1804.5313720703125,3386768865.0,27118.423828125,27265.91796875,26706.921875,26753.826171875,8647416921
2023-05-22,19.612018585205078,19.98162841796875,19.383373260498047,19.54204559326172,216922971.0,1804.8419189453125,1826.696533203125,1793.2239990234375,1817.5347900390625,4534841049.0,26749.892578125,27045.734375,26549.734375,26851.27734375,11056770492
2023-05-23,19.54226303100586,20.152935028076172,19.45125961303711,20.043182373046875,258761187.0,1817.7811279296875,1869.343994140625,1816.2879638671875,1854.380615234375,6820047160.0,26855.9609375,27434.68359375,26816.1796875,27225.7265625,13697203143
2023-05-24,20.044349670410156,20.062013626098633,18.914325714111328,19.223663330078125,297840141.0,1854.2996826171875,1854.2996826171875,1780.925537109375,1800.0999755859375,7101647419.0,27224.603515625,27224.603515625,26106.576171875,26334.818359375,16299104428
2023-05-25,19.222572326660156,19.525495529174805,18.892263412475586,19.260662078857422,194537149.0,1799.84521484375,1815.9947509765625,1763.3651123046875,1805.9537353515625,6321689859.0,26329.4609375,26591.51953125,25890.59375,26476.20703125,13851122697
2023-05-26,19.260940551757812,19.54116439819336,19.120452880859375,19.36695671081543,140228468.0,1805.7254638671875,1837.8658447265625,1798.406005859375,1828.689697265625,5451414258.0,26474.181640625,26916.669921875,26343.94921875,26719.291015625,12711619225
2023-05-27,19.36615753173828,20.499244689941406,19.350170135498047,20.425233840942383,179682882.0,1828.57568359375,1836.1845703125,1817.4920654296875,1831.1182861328125,3216737652.0,26720.181640625,26888.8828125,26621.140625,26868.353515625,7892015141
2023-05-28,20.42608070373535,21.150989532470703,20.336889266967773,20.7985782623291,291460886.0,1831.0986328125,1915.7232666015625,1825.46728515625,1910.9141845703125,6359610561.0,26871.158203125,28193.44921875,26802.751953125,28085.646484375,14545229578
2023-05-29,20.800046920776367,20.970685958862305,20.29768180847168,20.586509704589844,228295637.0,1909.2974853515625,1926.4217529296875,1879.0775146484375,1893.078125,5884674572.0,28075.591796875,28432.0390625,27563.876953125,27745.884765625,15181308984
2023-05-30,20.58713722229004,21.381717681884766,20.519500732421875,21.25408363342285,367512387.0,1893.0931396484375,1916.574951171875,1883.9346923828125,1901.026611328125,5363439784.0,27745.123046875,28044.759765625,27588.501953125,27702.349609375,13251081851
2023-05-31,21.255285263061523,21.318878173828125,20.468751907348633,20.82450294494629,246152341.0,1901.0982666015625,1907.035400390625,1852.0947265625,1874.1304931640625,5984512548.0,27700.529296875,27831.677734375,26866.453125,27219.658203125,15656371534
2023-06-01,20.824892044067383,20.97260856628418,20.46446990966797,20.50221824645996,209047110.0,1873.9146728515625,1887.705322265625,1846.2274169921875,1862.201416015625,5640027197.0,27218.412109375,27346.10546875,26671.720703125,26819.97265625,14678970415
2023-06-02,20.502729415893555,21.35614013671875,20.38359260559082,21.25759506225586,237609887.0,1862.4237060546875,1910.2784423828125,1851.9647216796875,1907.256591796875,6097746022.0,26824.556640625,27303.861328125,26574.64453125,27249.58984375,14837415000
2023-06-03,21.258623123168945,21.335468292236328,21.017078399658203,21.15556526184082,144933830.0,1907.4207763671875,1908.822265625,1885.4854736328125,1892.4124755859375,3472274607.0,27252.32421875,27317.052734375,26958.00390625,27075.12890625,8385597470
2023-06-04,21.15740966796875,22.284591674804688,21.061323165893555,21.8189754486084,317802167.0,1892.398193359375,1912.2056884765625,1885.65185546875,1890.5135498046875,3747042696.0,27075.123046875,27407.01953125,26968.224609375,27119.06640625,9360912318
2023-06-05,21.821796417236328,22.042024612426758,19.423831939697266,20.07505989074707,594214946.0,1890.4176025390625,1890.6405029296875,1780.2115478515625,1811.828369140625,9246593033.0,27123.109375,27129.982421875,25445.16796875,25760.09765625,21513292646
2023-06-06,20.0625057220459,20.683780670166016,19.320531845092773,20.398483276367188,441408235.0,1810.5814208984375,1896.22265625,1801.4052734375,1884.494873046875,8704411776.0,25732.109375,27313.8203125,25434.8671875,27238.783203125,21929670693
2023-06-07,20.399314880371094,20.486583709716797,18.5499210357666,18.6342830657959,390444801.0,1884.3729248046875,1893.80908203125,1822.3031005859375,1832.39599609375,7919894455.0,27235.650390625,27332.181640625,26146.98828125,26345.998046875,19530045082
2023-06-08,18.63564682006836,19.0777645111084,18.294736862182617,18.909475326538086,258460307.0,1832.5135498046875,1861.1361083984375,1830.1650390625,1846.3018798828125,4536041931.0,26347.654296875,26797.513671875,26246.6640625,26508.216796875,11904824295
2023-06-09,18.908403396606445,19.299476623535156,17.161293029785156,17.37969970703125,463344687.0,1846.077880859375,1854.824951171875,1828.5445556640625,1840.2252197265625,4610831509.0,26505.923828125,26770.2890625,26339.314453125,26480.375,11015551640
2023-06-10,17.3813533782959,17.39295768737793,13.379448890686035,15.65610122680664,1230339924.0,1840.3919677734375,1844.78564453125,1721.443115234375,1752.384765625,10788500406.0,26481.76171875,26531.044921875,25501.8359375,25851.240234375,19872933189
2023-06-11,15.654450416564941,16.115692138671875,15.198493003845215,15.558775901794434,446176848.0,1752.527587890625,1776.84716796875,1741.1104736328125,1753.415283203125,4559112981.0,25854.03125,26203.439453125,25668.986328125,25940.16796875,10732609603
2023-06-12,15.557231903076172,15.606237411499023,14.817190170288086,15.196707725524902,384209938.0,1753.075439453125,1757.6597900390625,1722.9063720703125,1742.5286865234375,6031384958.0,25934.28515625,26087.919921875,25675.197265625,25902.5,11677889997
2023-06-13,15.196287155151367,15.873085975646973,14.816584587097168,15.018193244934082,363876713.0,1742.39013671875,1761.9554443359375,1727.7498779296875,1739.03759765625,6214125203.0,25902.94140625,26376.3515625,25728.365234375,25918.728515625,14143474486
2023-06-14,15.018190383911133,15.305150032043457,14.195953369140625,14.486572265625,296502336.0,1739.2501220703125,1749.1632080078125,1637.187744140625,1650.519287109375,7462905534.0,25920.2578125,26041.80078125,24902.15234375,25124.67578125,14265717766
2023-06-15,14.486286163330078,15.010393142700195,14.214147567749023,14.759472846984863,329864409.0,1650.4981689453125,1676.4066162109375,1624.1383056640625,1665.519775390625,7328564880.0,25121.673828125,25735.30859375,24797.16796875,25576.39453125,15837384409
2023-06-16,14.760416030883789,15.399171829223633,14.46956729888916,15.30825424194336,232544705.0,1665.41064453125,1727.28955078125,1653.1708984375,1716.6688232421875,6281023479.0,25575.283203125,26463.173828125,25245.357421875,26327.462890625,16324646965
2023-06-17,15.308581352233887,16.06578254699707,15.185426712036133,15.650521278381348,206436912.0,1716.6717529296875,1766.76318359375,1714.15087890625,1727.2041015625,4875187477.0,26328.6796875,26769.39453125,26174.4921875,26510.67578125,11090276850
2023-06-18,15.64947509765625,15.812690734863281,15.361244201660156,15.43823528289795,141612316.0,1727.1937255859375,1746.5091552734375,1718.1114501953125,1720.5775146484375,3820038842.0,26510.45703125,26675.92578125,26325.890625,26336.212890625,9565695129
2023-06-19,15.438765525817871,16.07537078857422,15.414377212524414,16.073041915893555,163949883.0,1720.50537109375,1745.1346435546875,1705.8134765625,1737.659423828125,5210480121.0,26335.44140625,26984.611328125,26312.83203125,26851.029296875,12826986222
2023-06-20,16.07803726196289,16.66510581970215,15.759370803833008,16.635231018066406,265787114.0,1736.8797607421875,1793.31396484375,1715.342529296875,1792.1199951171875,7171072578.0,26841.6640625,28388.96875,26668.791015625,28327.48828125,22211859147
2023-06-21,16.635486602783203,17.379573822021484,16.58346939086914,17.25704574584961,357788986.0,1791.9949951171875,1898.6689453125,1788.4892578125,1891.0072021484375,11731457711.0,28311.310546875,30737.330078125,28283.41015625,30027.296875,33346760979
2023-06-22,17.25714874267578,17.698505401611328,16.6103458404541,16.642620086669922,299233520.0,1889.79443359375,1932.0655517578125,1867.8765869140625,1872.9429931640625,8477657143.0,29995.935546875,30495.998046875,29679.158203125,29912.28125,20653160491
2023-06-23,16.642969131469727,17.510692596435547,16.23674774169922,17.149534225463867,386994632.0,1872.540771484375,1932.5316162109375,1865.1920166015625,1892.862060546875,8290615074.0,29896.3828125,31389.5390625,29845.21484375,30695.46875,24115570085
2023-06-24,17.149274826049805,17.517597198486328,16.46331787109375,16.652862548828125,260480952.0,1893.77197265625,1905.2274169921875,1867.8115234375,1876.0596923828125,5026191704.0,30708.73828125,30804.1484375,30290.146484375,30548.6953125,12147822496
2023-06-25,16.651472091674805,17.34068489074707,16.60713768005371,16.97138023376465,252839095.0,1875.84912109375,1929.0791015625,1870.85009765625,1900.506103515625,6937581709.0,30545.150390625,31041.271484375,30327.943359375,30480.26171875,12703464114
2023-06-26,16.969646453857422,17.10167694091797,16.02097511291504,16.27002716064453,275948459.0,1900.05029296875,1905.3604736328125,1840.215087890625,1859.432861328125,8619702292.0,30480.5234375,30636.029296875,29955.744140625,30271.130859375,16493186997
2023-06-27,16.26987075805664,16.909896850585938,16.1785888671875,16.61964988708496,259041273.0,1859.34619140625,1911.3111572265625,1856.83837890625,1889.703369140625,7686042202.0,30274.3203125,31006.787109375,30236.650390625,30688.1640625,16428827944
2023-06-28,16.621904373168945,16.627328872680664,15.74758243560791,15.98684310913086,327399744.0,1889.906494140625,1890.208984375,1822.102783203125,1827.97119140625,7135265016.0,30696.560546875,30703.279296875,29921.822265625,30086.24609375,14571500779
2023-06-29,15.98551082611084,18.19975471496582,15.906376838684082,17.970457077026367,737633196.0,1828.059326171875,1876.5302734375,1828.059326171875,1852.227294921875,5677228612.0,30086.1875,30796.25,30057.203125,30445.3515625,13180860821
2023-06-30,17.971071243286133,19.855125427246094,17.314870834350586,18.897321701049805,1120379648.0,1852.0084228515625,1945.2742919921875,1831.281005859375,1933.18896484375,12895131248.0,30441.353515625,31256.86328125,29600.275390625,30477.251953125,26387306197
2023-07-01,18.89606475830078,18.97142791748047,17.945798873901367,18.683902740478516,349552752.0,1933.3238525390625,1942.7015380859375,1910.8486328125,1924.56591796875,5136809625.0,30471.84765625,30641.2890625,30328.865234375,30590.078125,9086606733
2023-07-02,18.689668655395508,19.704559326171875,18.58200454711914,19.453594207763672,497231250.0,1924.4481201171875,1958.1607666015625,1895.906982421875,1937.4383544921875,6343966490.0,30587.26953125,30766.140625,30264.01953125,30620.76953125,10533418042
2023-07-03,19.45241355895996,19.6131591796875,18.943145751953125,19.240537643432617,324227812.0,1937.8837890625,1974.7750244140625,1934.6888427734375,1955.38916015625,7858509087.0,30624.515625,31375.61328125,30586.513671875,31156.439453125,15271884873
2023-07-04,19.24203109741211,19.87669563293457,19.096738815307617,19.14322853088379,345225951.0,1955.524169921875,1966.3653564453125,1932.611328125,1936.633544921875,5683423776.0,31156.865234375,31325.197265625,30659.35546875,30777.58203125,12810828427
2023-07-05,19.145612716674805,19.355266571044922,18.498628616333008,18.99286460876465,260416081.0,1936.7967529296875,1942.4324951171875,1897.124755859375,1910.5880126953125,6034088075.0,30778.724609375,30877.330078125,30225.61328125,30514.166015625,12481622280
2023-07-06,18.991992950439453,20.922775268554688,18.886260986328125,19.729385375976562,903770571.0,1910.4171142578125,1956.0123291015625,1847.8507080078125,1848.636474609375,8905008384.0,30507.150390625,31460.052734375,29892.2265625,29909.337890625,21129219509
2023-07-07,19.726110458374023,21.60171127319336,19.318931579589844,21.484664916992188,988591308.0,1847.5125732421875,1876.9632568359375,1832.025390625,1870.6025390625,6468885150.0,29907.998046875,30434.64453125,29777.28515625,30342.265625,13384770155
2023-07-08,21.485252380371094,22.40300178527832,21.356882095336914,21.859268188476562,693929963.0,1871.0020751953125,1872.5015869140625,1844.6417236328125,1865.53955078125,4299007854.0,30346.921875,30374.4375,30080.16015625,30292.541015625,7509378699
2023-07-09,21.854955673217773,22.322025299072266,21.08757781982422,21.3490047454834,405174806.0,1865.594970703125,1878.6689453125,1857.748291015625,1863.009765625,4392863807.0,30291.611328125,30427.58984375,30085.591796875,30171.234375,7903327692
2023-07-10,21.347787857055664,21.777145385742188,20.572586059570312,21.31377601623535,543191863.0,1863.240234375,1905.4608154296875,1848.7772216796875,1880.556396484375,6336468234.0,30172.423828125,31026.083984375,29985.39453125,30414.470703125,14828209155
2023-07-11,21.314722061157227,22.285200119018555,21.24249267578125,22.092933654785156,453810523.0,1880.6549072265625,1889.3817138671875,1863.2186279296875,1878.3360595703125,4905225892.0,30417.6328125,30788.314453125,30358.09765625,30620.951171875,12151839152
2023-07-12,22.092424392700195,22.712724685668945,21.82825469970703,21.977602005004883,541605988.0,1878.322021484375,1901.1484375,1865.7100830078125,1872.11376953125,6379007000.0,30622.24609375,30959.96484375,30228.8359375,30391.646484375,14805659717
2023-07-13,21.97846031188965,26.624345779418945,21.49482536315918,26.02569580078125,1527996472.0,1872.040283203125,2011.88525390625,1864.49609375,2006.511474609375,11114853969.0,30387.48828125,31814.515625,30268.3515625,31476.048828125,23686079548
2023-07-14,26.02075958251953,30.057695388793945,25.434978485107422,26.7357177734375,2184090884.0,2005.6861572265625,2026.2049560546875,1901.3612060546875,1939.3470458984375,10627449471.0,31474.720703125,31582.25390625,29966.38671875,30334.068359375,20917902660
2023-07-15,26.729034423828125,29.057395935058594,26.688867568969727,27.391355514526367,1323279744.0,1939.129638671875,1946.0191650390625,1928.1873779296875,1931.466552734375,4380084234.0,30331.783203125,30407.78125,30263.462890625,30295.806640625,8011667756
2023-07-16,27.395526885986328,28.551088333129883,26.8976993560791,27.384082794189453,753056132.0,1931.64501953125,1942.0308837890625,1917.2940673828125,1923.681884765625,4329306566.0,30297.47265625,30437.560546875,30089.669921875,30249.1328125,8516564470
2023-07-17,27.38576889038086,28.380918502807617,25.895729064941406,26.872766494750977,970813262.0,1923.6943359375,1936.1776123046875,1875.120361328125,1911.6461181640625,6678090758.0,30249.626953125,30336.400390625,29685.783203125,30145.888671875,13240156074
2023-07-18,26.869007110595703,27.045597076416016,24.824853897094727,25.544504165649414,696782373.0,1911.697021484375,1916.4683837890625,1878.718505859375,1897.5992431640625,5814708445.0,30147.0703125,30233.65625,29556.427734375,29856.5625,13138897269
2023-07-19,25.55088233947754,26.922088623046875,25.418062210083008,26.372352600097656,603189951.0,1897.7972412109375,1919.264404296875,1883.067138671875,1889.0079345703125,6018487800.0,29862.046875,30184.181640625,29794.26953125,29913.923828125,12128602812
2023-07-20,26.36872673034668,26.896438598632812,25.16942596435547,25.375167846679688,606255421.0,1889.07373046875,1919.264404296875,1879.734375,1890.9691162109375,7366830684.0,29915.25,30195.53125,29638.095703125,29792.015625,14655207121
2023-07-21,25.375524520874023,25.947921752929688,25.142337799072266,25.544267654418945,410907584.0,1891.581298828125,1905.38623046875,1885.2962646484375,1892.080078125,4668158260.0,29805.111328125,30045.998046875,29733.8515625,29908.744140625,10972789818
2023-07-22,25.54317855834961,25.95035743713379,24.306474685668945,24.535053253173828,335432006.0,1891.955078125,1897.0880126953125,1855.0927734375,1864.912353515625,4101305643.0,29908.697265625,29991.615234375,29664.12109375,29771.802734375,7873300598
2023-07-23,24.532663345336914,25.213611602783203,24.250967025756836,24.766815185546875,330741258.0,1866.09423828125,1904.4832763671875,1859.56884765625,1889.191650390625,4480604100.0,29790.111328125,30330.640625,29741.52734375,30084.5390625,9220145050
2023-07-24,24.765520095825195,24.810638427734375,23.069425582885742,23.38149070739746,492344649.0,1888.8095703125,1889.761962890625,1836.8524169921875,1850.0020751953125,6344373569.0,30081.662109375,30093.39453125,28934.294921875,29176.916015625,15395817395
2023-07-25,23.383249282836914,23.525882720947266,22.864362716674805,23.279321670532227,346742173.0,1850.0279541015625,1867.3232421875,1845.9815673828125,1857.741943359375,4163381707.0,29178.970703125,29353.16015625,29062.43359375,29227.390625,10266772793
2023-07-26,23.27935791015625,25.518346786499023,23.207731246948242,25.177053451538086,688135176.0,1857.696533203125,1886.97412109375,1849.4368896484375,1872.159912109375,5781548155.0,29225.759765625,29675.552734375,29113.912109375,29354.97265625,13497554655
2023-07-27,25.17807960510254,25.586376190185547,24.72016143798828,25.099336624145508,514211484.0,1872.0863037109375,1885.591552734375,1855.321533203125,1860.357177734375,4291339248.0,29353.798828125,29560.966796875,29099.3515625,29210.689453125,10770779217
2023-07-28,25.09872817993164,25.473247528076172,24.577672958374023,24.84685707092285,374045446.0,1860.7025146484375,1881.457275390625,1857.0489501953125,1874.744873046875,3800973336.0,29212.1640625,29521.513671875,29125.845703125,29319.24609375,11218474952
2023-07-29,24.84393310546875,25.36704444885254,24.78037452697754,25.168973922729492,265061245.0,1874.5604248046875,1885.529296875,1870.3338623046875,1881.06884765625,2497302218.0,29319.4453125,29396.84375,29264.166015625,29356.91796875,6481775959
2023-07-30,25.16937255859375,25.19329261779785,23.845407485961914,24.261018753051758,365262222.0,1880.87158203125,1884.1441650390625,1851.72802734375,1861.643798828125,4003005547.0,29357.09375,29443.169921875,29059.501953125,29275.30859375,8678454527
2023-07-31,24.261838912963867,24.75018310546875,23.6588191986084,23.720956802368164,376948332.0,1861.7552490234375,1875.62939453125,1851.9154052734375,1856.162353515625,4391613314.0,29278.314453125,29489.873046875,29131.578125,29230.111328125,11656781982
2023-08-01,23.724891662597656,23.99875259399414,23.087238311767578,23.99875259399414,428254164.0,1856.190185546875,1873.0299072265625,1817.9207763671875,1871.7921142578125,7634860636.0,29230.873046875,29675.732421875,28657.0234375,29675.732421875,18272392391
2023-08-02,23.993515014648438,24.219627380371094,22.984315872192383,23.145721435546875,393185796.0,1873.4681396484375,1877.511474609375,1822.3482666015625,1839.0897216796875,6448512422.0,29704.146484375,29987.998046875,28946.509765625,29151.958984375,19212655598
2023-08-03,23.144893646240234,23.353015899658203,22.54010009765625,22.636049270629883,365983702.0,1838.89794921875,1856.4075927734375,1825.3477783203125,1835.136474609375,4710581074.0,29161.8125,29375.70703125,28959.48828125,29178.6796875,12780357746
2023-08-04,22.632715225219727,23.52178192138672,22.522666931152344,22.79361915588379,382245804.0,1834.8905029296875,1847.9122314453125,1817.413818359375,1827.712890625,4861242484.0,29174.3828125,29302.078125,28885.3359375,29074.091796875,12036639988
2023-08-05,22.793601989746094,22.89552879333496,22.3279972076416,22.632204055786133,250613466.0,1827.798583984375,1836.46484375,1824.8079833984375,1834.9879150390625,2866049749.0,29075.388671875,29102.46484375,28957.796875,29042.126953125,6598366353
2023-08-06,22.63254737854004,23.416099548339844,22.596603393554688,23.18569564819336,320595154.0,1834.84521484375,1836.2489013671875,1824.9866943359375,1827.4620361328125,2963395076.0,29043.701171875,29160.822265625,28963.833984375,29041.85546875,7269806994
2023-08-07,23.185405731201172,23.503938674926758,22.48735237121582,23.068756103515625,353804981.0,1827.239501953125,1842.5225830078125,1804.7166748046875,1826.9388427734375,5837881974.0,29038.513671875,29244.28125,28724.140625,29180.578125,13618163710
2023-08-08,23.069252014160156,24.727624893188477,23.021738052368164,24.211763381958008,495649796.0,1826.9310302734375,1873.84716796875,1824.4300537109375,1855.807373046875,5812855406.0,29180.01953125,30176.796875,29113.814453125,29765.4921875,17570561357
2023-08-09,24.211030960083008,24.95158576965332,24.1942081451416,24.37852668762207,447009018.0,1855.7794189453125,1869.736572265625,1845.48974609375,1854.297607421875,5870081833.0,29766.6953125,30093.435546875,29376.80078125,29561.494140625,18379521213
2023-08-10,24.3783016204834,24.809499740600586,24.150667190551758,24.613052368164062,339616018.0,1854.3482666015625,1863.3109130859375,1845.4422607421875,1850.75341796875,3760304518.0,29563.97265625,29688.564453125,29354.447265625,29429.591796875,11865344789
2023-08-11,24.610626220703125,24.865314483642578,24.359615325927734,24.582860946655273,314045619.0,1850.74169921875,1855.0660400390625,1839.5692138671875,1847.1243896484375,3353025102.0,29424.90234375,29517.7734375,29253.517578125,29397.71484375,10195168197
2023-08-12,24.585542678833008,25.11195182800293,24.405805587768555,24.90673065185547,253389584.0,1847.1719970703125,1852.281005859375,1845.71923828125,1848.889892578125,2291124840.0,29399.787109375,29465.11328125,29357.587890625,29415.96484375,6194358008
2023-08-13,24.905216217041016,24.91316032409668,24.236482620239258,24.24288558959961,263449955.0,1849.0538330078125,1859.9163818359375,1834.8043212890625,1839.2801513671875,3054625661.0,29416.59375,29441.43359375,29265.806640625,29282.9140625,7329897180
2023-08-14,24.242403030395508,25.22711753845215,24.09539794921875,25.142822265625,359715099.0,1839.323486328125,1853.8363037109375,1834.8004150390625,1844.185791015625,4083364724.0,29283.263671875,29660.25390625,29124.10546875,29408.443359375,14013695304
2023-08-15,25.147171020507812,25.241121292114258,23.761661529541016,23.89658546447754,424193111.0,1844.1641845703125,1845.547607421875,1816.3250732421875,1826.9327392578125,4483923893.0,29408.048828125,29439.12109375,29088.853515625,29170.34765625,12640195779
2023-08-16,23.900014877319336,23.993120193481445,22.48752784729004,22.811975479125977,441171937.0,1827.036376953125,1829.3612060546875,1798.9666748046875,1805.6590576171875,4976573383.0,29169.07421875,29221.9765625,28701.779296875,28701.779296875,14949271904
2023-08-17,22.811418533325195,23.380619049072266,20.304153442382812,21.70997428894043,620931325.0,1805.5673828125,1807.71484375,1551.7132568359375,1684.9334716796875,14208462072.0,28699.802734375,28745.947265625,25409.111328125,26664.55078125,31120851211
2023-08-18,21.712427139282227,22.170013427734375,21.089134216308594,21.335493087768555,411279768.0,1682.0384521484375,1698.124267578125,1644.930908203125,1660.945068359375,9645084584.0,26636.078125,26808.1953125,25668.921875,26049.556640625,24026236529
2023-08-19,21.335710525512695,22.147785186767578,21.315994262695312,21.879037857055664,244048976.0,1660.8443603515625,1693.2281494140625,1654.0758056640625,1669.471923828125,4871231360.0,26047.83203125,26249.44921875,25802.408203125,26096.205078125,10631443812
2023-08-20,21.879751205444336,22.004703521728516,21.630094528198242,21.77327537536621,198853112.0,1669.5877685546875,1692.3287353515625,1662.9014892578125,1684.85205078125,4105056995.0,26096.861328125,26260.681640625,26004.314453125,26189.583984375,9036580420
2023-08-21,21.773263931274414,21.77742576599121,20.683576583862305,21.20825958251953,339125910.0,1685.0223388671875,1685.0826416015625,1651.9598388671875,1667.26904296875,5077248383.0,26188.69140625,26220.201171875,25846.087890625,26124.140625,13371557893
2023-08-22,21.20706558227539,21.250513076782227,19.7354679107666,20.546541213989258,381594696.0,1667.279296875,1668.638671875,1596.384033203125,1633.892578125,7244623133.0,26130.748046875,26135.5078125,25520.728515625,26031.65625,14503820706
2023-08-23,20.54734992980957,21.746028900146484,20.451467514038086,21.703624725341797,404686524.0,1634.4017333984375,1696.593994140625,1629.5810546875,1679.2744140625,7191868448.0,26040.474609375,26786.8984375,25804.998046875,26431.640625,16985265785
2023-08-24,21.70798683166504,21.98844337463379,20.751087188720703,21.033031463623047,328472951.0,1679.248291015625,1682.48974609375,1641.6270751953125,1659.944580078125,5104531920.0,26431.51953125,26554.91015625,25914.92578125,26162.373046875,12871532023
2023-08-25,21.035110473632812,21.04962730407715,20.153100967407227,20.392719268798828,278312420.0,1660.2698974609375,1671.970703125,1635.9674072265625,1652.93505859375,5396997823.0,26163.6796875,26248.103515625,25786.8125,26047.66796875,12406045118
2023-08-26,20.392974853515625,20.403776168823242,20.217575073242188,20.280424118041992,144065112.0,1652.92724609375,1654.7777099609375,1643.712646484375,1646.3067626953125,2423247747.0,26047.234375,26107.384765625,25983.87890625,26008.462890625,6034817316
2023-08-27,20.28070068359375,20.870126724243164,20.26211166381836,20.78683853149414,177496132.0,1646.27197265625,1659.26708984375,1645.90283203125,1657.5130615234375,2624065031.0,26008.2421875,26165.373046875,25965.09765625,26089.693359375,6913768611
2023-08-28,20.786964416503906,20.786964416503906,20.168689727783203,20.557100296020508,200600033.0,1657.4398193359375,1659.3287353515625,1627.44677734375,1652.4573974609375,4855588534.0,26089.615234375,26198.578125,25880.599609375,26106.150390625,11002805166
2023-08-29,20.556865692138672,21.983257293701172,20.12834358215332,21.780763626098633,469679540.0,1652.274169921875,1742.6373291015625,1639.576171875,1729.7257080078125,11304916729.0,26102.486328125,28089.337890625,25912.62890625,27727.392578125,29368391712
2023-08-30,21.782026290893555,21.932714462280273,20.641664505004883,20.834903717041016,292322455.0,1729.6766357421875,1730.564697265625,1697.147216796875,1705.1121826171875,5023904190.0,27726.083984375,27760.16015625,27069.20703125,27297.265625,16343655235
2023-08-31,20.833837509155273,21.007213592529297,19.549762725830078,19.735092163085938,343649256.0,1705.364501953125,1720.011962890625,1634.8509521484375,1645.63916015625,6593153505.0,27301.9296875,27456.078125,25752.9296875,25931.47265625,20181001451
2023-09-01,19.734756469726562,19.907936096191406,19.092510223388672,19.327844619750977,286842939.0,1645.581298828125,1653.53173828125,1603.0341796875,1628.4912109375,6104510092.0,25934.021484375,26125.869140625,25362.609375,25800.724609375,17202862221
2023-09-02,19.328523635864258,19.66608428955078,19.188915252685547,19.493743896484375,200858690.0,1628.5596923828125,1644.0306396484375,1627.97607421875,1637.025390625,2943590996.0,25800.91015625,25970.28515625,25753.09375,25868.798828125,10100387473
2023-09-03,19.494253158569336,19.657276153564453,19.28093147277832,19.578746795654297,164570332.0,1637.0435791015625,1645.6451416015625,1626.0892333984375,1636.11767578125,3151878318.0,25869.47265625,26087.1484375,25817.03125,25969.56640625,8962524523
2023-09-04,19.577850341796875,19.949865341186523,19.24225616455078,19.499408721923828,220024399.0,1635.7247314453125,1642.6531982421875,1618.523681640625,1629.6552734375,3887968912.0,25968.169921875,26081.525390625,25657.025390625,25812.416015625,10680635106
2023-09-05,19.50067710876465,20.547443389892578,19.094310760498047,20.272384643554688,387328289.0,1629.9110107421875,1645.9483642578125,1610.1412353515625,1633.62939453125,4417491902.0,25814.95703125,25858.375,25589.98828125,25779.982421875,11094740040
2023-09-06,20.27223777770996,20.348989486694336,19.215927124023438,19.62002944946289,313630984.0,1633.912109375,1656.9327392578125,1611.147705078125,1632.2523193359375,4987397046.0,25783.931640625,25953.015625,25404.359375,25753.236328125,12752705327
2023-09-07,19.62108039855957,19.972978591918945,19.367788314819336,19.890499114990234,242438252.0,1632.2628173828125,1657.3037109375,1623.220458984375,1647.5982666015625,4907290296.0,25748.3125,26409.302734375,25608.201171875,26240.1953125,11088307100
2023-09-08,19.893768310546875,20.214828491210938,19.421865463256836,19.599044799804688,219114497.0,1647.8076171875,1657.1363525390625,1617.7965087890625,1636.1378173828125,4598495496.0,26245.208984375,26414.005859375,25677.48046875,25905.654296875,10817356400
2023-09-09,19.600006103515625,19.602888107299805,19.40461540222168,19.44607162475586,101925453.0,1636.0504150390625,1636.8707275390625,1629.660888671875,1635.162353515625,2081625742.0,25905.42578125,25921.9765625,25810.494140625,25895.677734375,5481314132
2023-09-10,19.44618797302246,19.44618797302246,17.87034034729004,18.248830795288086,520683204.0,1635.211669921875,1635.43310546875,1604.04052734375,1616.828857421875,4339499949.0,25895.2109375,25978.130859375,25640.26171875,25832.2265625,7899553047
2023-09-11,18.246707916259766,18.413116455078125,17.461477279663086,17.739166259765625,380225621.0,1616.769775390625,1618.3057861328125,1533.4267578125,1551.6376953125,7693700923.0,25831.71484375,25883.947265625,24930.296875,25162.654296875,14600006467
2023-09-12,17.73886489868164,18.655071258544922,17.606657028198242,17.929826736450195,361388393.0,1551.497802734375,1619.114013671875,1549.4937744140625,1592.429443359375,6813819740.0,25160.658203125,26451.939453125,25133.078125,25833.34375,18657279324
2023-09-13,17.930871963500977,18.508787155151367,17.739513397216797,18.402999877929688,356729875.0,1592.892333984375,1615.05029296875,1582.217529296875,1607.988525390625,4979469106.0,25837.5546875,26376.11328125,25781.123046875,26228.32421875,13072077070
2023-09-14,18.403322219848633,19.26730728149414,18.403322219848633,18.838306427001953,349380172.0,1608.0316162109375,1640.522705078125,1607.7353515625,1626.974365234375,5538958553.0,26228.27734375,26774.623046875,26171.451171875,26539.673828125,13811359124
2023-09-15,18.83917999267578,19.40658187866211,18.590330123901367,19.16884422302246,205202282.0,1626.8701171875,1652.1131591796875,1613.2486572265625,1641.640380859375,4348584771.0,26533.818359375,26840.498046875,26240.701171875,26608.693359375,11479735788
2023-09-16,19.169498443603516,19.41681480407715,18.917415618896484,19.140369415283203,146477836.0,1641.4464111328125,1649.9886474609375,1632.577880859375,1635.2216796875,2819575929.0,26606.19921875,26754.76953125,26473.890625,26568.28125,7402031417
2023-09-17,19.139827728271484,19.139827728271484,18.712940216064453,18.831628799438477,112594680.0,1635.2010498046875,1635.512939453125,1616.779296875,1622.896728515625,3032716258.0,26567.927734375,26617.998046875,26445.07421875,26534.1875,6774210670
2023-09-18,18.832380294799805,20.100101470947266,18.65157127380371,19.657245635986328,316245106.0,1623.0819091796875,1669.015380859375,1609.9573974609375,1637.3470458984375,5916674789.0,26532.994140625,27414.734375,26415.515625,26754.28125,15615339655
2023-09-19,19.657075881958008,20.358543395996094,19.614437103271484,20.03618812561035,253895801.0,1637.31201171875,1659.53173828125,1628.4132080078125,1643.544677734375,4405868861.0,26760.8515625,27488.763671875,26681.60546875,27211.1171875,13807690550
2023-09-20,20.03628921508789,20.48303985595703,19.85378074645996,20.3049373626709,233206126.0,1643.495361328125,1649.619140625,1610.4207763671875,1622.890625,5156431986.0,27210.228515625,27379.505859375,26864.08203125,27132.0078125,13281116604
2023-09-21,20.3048152923584,20.3048152923584,19.37391471862793,19.47907066345215,253809695.0,1622.591796875,1625.20458984375,1573.3057861328125,1584.3070068359375,5191732312.0,27129.83984375,27152.939453125,26389.30078125,26567.6328125,13371443708
2023-09-22,19.47825050354004,19.774112701416016,19.221296310424805,19.43814468383789,170874161.0,1584.0025634765625,1601.5377197265625,1579.101318359375,1593.268310546875,3460791634.0,26564.056640625,26726.078125,26495.533203125,26579.568359375,10578746709
2023-09-23,19.43851089477539,19.55816078186035,19.313749313354492,19.47390365600586,97379053.0,1593.213134765625,1598.001708984375,1588.3289794921875,1593.8577880859375,2101436678.0,26578.556640625,26634.185546875,26520.51953125,26579.390625,7404700301
2023-09-24,19.473894119262695,19.657695770263672,19.30803680419922,19.374290466308594,115380619.0,1593.82568359375,1600.207275390625,1576.7833251953125,1580.8533935546875,3086456944.0,26579.373046875,26716.05859375,26221.05078125,26256.826171875,8192867686
2023-09-25,19.3741455078125,19.703439712524414,19.217248916625977,19.40414047241211,163848456.0,1580.7474365234375,1595.8441162109375,1565.0255126953125,1588.3228759765625,4394930984.0,26253.775390625,26421.5078125,26011.46875,26298.48046875,11997833257
2023-09-26,19.40274429321289,19.5053653717041,18.941389083862305,19.023286819458008,170201883.0,1588.023193359375,1598.0977783203125,1580.16552734375,1593.417236328125,3544861160.0,26294.7578125,26389.884765625,26090.712890625,26217.25,9985498161
2023-09-27,19.02251434326172,19.44652557373047,18.774215698242188,19.130022048950195,210385139.0,1593.1082763671875,1631.9107666015625,1585.368896484375,1597.4912109375,5533036096.0,26209.498046875,26817.841796875,26111.46484375,26352.716796875,11718380997
2023-09-28,19.129474639892578,19.960865020751953,19.110307693481445,19.957616806030273,225954938.0,1597.6719970703125,1666.024169921875,1597.294677734375,1652.8826904296875,6658092168.0,26355.8125,27259.5,26327.322265625,27021.546875,14079002707
2023-09-29,19.95958137512207,20.415977478027344,19.875160217285156,20.300655364990234,219571069.0,1652.9998779296875,1687.28125,1648.656494140625,1667.94384765625,5529687537.0,27024.841796875,27225.9375,26721.763671875,26911.720703125,10396435377
2023-09-30,20.299589157104492,21.729970932006836,20.124679565429688,21.3951473236084,328987954.0,1667.83447265625,1692.5311279296875,1666.5638427734375,1671.161865234375,3155292192.0,26911.689453125,27091.794921875,26888.96875,26967.916015625,5331172801
2023-10-01,21.392059326171875,24.396018981933594,21.170072555541992,23.83648681640625,637123111.0,1671.1614990234375,1750.595703125,1670.0821533203125,1733.8104248046875,5054880180.0,26967.396484375,28047.23828125,26965.09375,27983.75,9503917434
2023-10-02,23.837955474853516,24.603424072265625,22.976022720336914,23.371700286865234,658084028.0,1732.9840087890625,1743.5635986328125,1646.07763671875,1663.6275634765625,8420552922.0,27976.798828125,28494.458984375,27347.787109375,27530.78515625,19793041322
2023-10-03,23.36992073059082,24.662073135375977,23.296710968017578,23.55269432067871,653491878.0,1662.88720703125,1670.3563232421875,1644.4964599609375,1656.6856689453125,4742827302.0,27508.251953125,27667.19140625,27216.001953125,27429.978515625,11407814187
2023-10-04,23.556915283203125,23.754377365112305,22.692842483520508,23.144786834716797,429268875.0,1656.7359619140625,1657.2535400390625,1629.4266357421875,1647.838134765625,5127524863.0,27429.07421875,27826.658203125,27248.10546875,27799.39453125,11143355314
2023-10-05,23.14655113220215,23.717647552490234,22.628948211669922,22.694141387939453,361288781.0,1647.7882080078125,1654.3790283203125,1609.8499755859375,1611.4764404296875,5403759057.0,27798.646484375,28091.861328125,27375.6015625,27415.912109375,11877253670
2023-10-06,22.692167282104492,23.70509147644043,22.692167282104492,23.424453735351562,402665506.0,1611.36572265625,1659.60986328125,1611.36572265625,1645.83154296875,4941208729.0,27412.123046875,28252.537109375,27215.552734375,27946.59765625,13492391599
2023-10-07,23.4239501953125,24.101722717285156,23.117116928100586,23.287302017211914,278403509.0,1645.8109130859375,1648.1837158203125,1631.158203125,1634.51123046875,2578994988.0,27946.78125,28028.091796875,27870.423828125,27968.83984375,6553044316
2023-10-08,23.289335250854492,23.613706588745117,23.14427947998047,23.24642562866211,190670414.0,1634.6573486328125,1641.182373046875,1618.189208984375,1633.548583984375,3315554175.0,27971.677734375,28102.169921875,27740.662109375,27935.08984375,7916875290
2023-10-09,23.244909286499023,23.353511810302734,21.814489364624023,22.118396759033203,356967743.0,1633.454833984375,1635.4478759765625,1553.0069580078125,1579.806640625,7020801716.0,27934.47265625,27989.470703125,27302.5625,27583.677734375,12007668568
2023-10-10,22.117517471313477,22.45848846435547,21.738727569580078,22.10511589050293,241087146.0,1580.112060546875,1593.7413330078125,1553.03173828125,1567.7130126953125,5254966125.0,27589.201171875,27715.84765625,27301.654296875,27391.01953125,9973350678
2023-10-11,22.105201721191406,22.39118194580078,21.679807662963867,22.00741958618164,278925381.0,1567.6807861328125,1578.2235107421875,1548.98046875,1566.2547607421875,5416504273.0,27392.076171875,27474.115234375,26561.099609375,26873.3203125,13648094333
2023-10-12,22.007484436035156,22.019926071166992,21.068971633911133,21.300268173217773,283320977.0,1566.35595703125,1566.878173828125,1523.237548828125,1539.6124267578125,5003930677.0,26873.29296875,26921.439453125,26558.3203125,26756.798828125,9392909295
2023-10-13,21.299955368041992,22.156654357910156,21.132036209106445,21.834917068481445,269268807.0,1539.432861328125,1571.7506103515625,1537.921142578125,1552.0894775390625,4575141511.0,26752.87890625,27092.697265625,26686.322265625,26862.375,15165312851
2023-10-14,21.834354400634766,22.196813583374023,21.82191276550293,22.01171875,174004594.0,1552.2637939453125,1560.3250732421875,1545.73876953125,1555.2568359375,2429214718.0,26866.203125,26969.0,26814.5859375,26861.70703125,5388116782
2023-10-15,22.010534286499023,22.135814666748047,21.711383819580078,21.922027587890625,178940996.0,1555.0760498046875,1565.7608642578125,1550.5545654296875,1558.06982421875,2923337883.0,26858.01171875,27289.169921875,26817.89453125,27159.65234375,7098201980
2023-10-16,21.92258644104004,24.41446876525879,21.92258644104004,23.98295783996582,726713710.0,1558.3134765625,1628.15625,1555.9896240234375,1600.5343017578125,8846928526.0,27162.62890625,29448.138671875,27130.47265625,28519.466796875,27833876539
2023-10-17,23.981590270996094,24.485265731811523,23.644390106201172,23.959318161010742,520830665.0,1600.6356201171875,1601.294677734375,1554.4029541015625,1565.4395751953125,5032686973.0,28522.09765625,28618.751953125,28110.185546875,28415.748046875,14872527508
2023-10-18,23.959224700927734,24.30299949645996,23.4240779876709,23.432138442993164,362606644.0,1565.3828125,1584.7269287109375,1556.736328125,1563.7498779296875,4354138855.0,28413.53125,28889.009765625,28174.251953125,28328.341796875,12724128586
2023-10-19,23.4334774017334,25.389076232910156,23.256446838378906,24.93791961669922,663249208.0,1563.9581298828125,1573.7376708984375,1543.5850830078125,1567.45703125,5035110867.0,28332.416015625,28892.474609375,28177.98828125,28719.806640625,14448058195
2023-10-20,24.937543869018555,27.31616973876953,24.774505615234375,27.033674240112305,910991447.0,1567.5709228515625,1628.6090087890625,1562.3028564453125,1604.6668701171875,6747486127.0,28732.8125,30104.0859375,28601.669921875,29682.94921875,21536125230
2023-10-21,27.034481048583984,30.14244842529297,26.71261215209961,29.386228561401367,1160814433.0,1604.822265625,1641.2418212890625,1593.447998046875,1629.304443359375,4212179634.0,29683.380859375,30287.482421875,29481.751953125,29918.412109375,11541146996
2023-10-22,29.384227752685547,29.9661922454834,28.20864486694336,29.03668212890625,665340924.0,1629.2977294921875,1667.6666259765625,1623.9847412109375,1663.429931640625,5248406817.0,29918.654296875,30199.43359375,29720.3125,29993.896484375,10446520040
2023-10-23,29.26222038269043,32.468772888183594,28.9017391204834,31.850984573364258,1581590969.0,1674.8492431640625,1794.0704345703125,1663.447998046875,1765.3826904296875,14362295879.0,30140.685546875,34370.4375,30097.828125,33086.234375,38363572311
2023-10-24,31.84965705871582,32.36031723022461,29.70209312438965,30.15153694152832,1450364573.0,1766.0146484375,1852.6844482421875,1758.6900634765625,1784.4375,15888690475.0,33077.3046875,35150.43359375,32880.76171875,33901.52734375,44934999645
2023-10-25,30.151220321655273,33.69322204589844,30.059873580932617,32.46306610107422,1458706203.0,1784.905029296875,1814.4847412109375,1762.1470947265625,1787.3975830078125,9439066475.0,33916.04296875,35133.7578125,33709.109375,34502.8203125,25254318008
2023-10-26,32.461856842041016,33.22134017944336,30.797067642211914,32.77549362182617,1015617285.0,1787.48193359375,1865.09521484375,1764.0130615234375,1804.039306640625,11196672635.0,34504.2890625,34832.91015625,33762.32421875,34156.6484375,19427195376
2023-10-27,32.77643585205078,33.30240249633789,31.52513885498047,31.73969841003418,870812666.0,1803.794921875,1804.1358642578125,1751.4400634765625,1780.0452880859375,7493399771.0,34156.5,34238.2109375,33416.88671875,33909.80078125,16418032871
2023-10-28,31.73992156982422,32.47766876220703,31.50631332397461,31.653318405151367,380462073.0,1780.084228515625,1800.6053466796875,1773.4366455078125,1776.6181640625,4226112731.0,33907.72265625,34399.390625,33874.8046875,34089.57421875,10160330825
2023-10-29,31.652101516723633,33.13132858276367,31.434202194213867,32.822608947753906,507672244.0,1776.56396484375,1810.4886474609375,1766.052978515625,1795.5460205078125,4358528382.0,34089.37109375,34743.26171875,33947.56640625,34538.48046875,11160323986
2023-10-30,32.819034576416016,35.17289352416992,32.39456558227539,34.962337493896484,1099930941.0,1795.589111328125,1829.24951171875,1779.364501953125,1810.088623046875,7534051038.0,34531.7421875,34843.93359375,34110.97265625,34502.36328125,17184860315
2023-10-31,34.95983123779297,38.54643249511719,34.9084358215332,38.51951599121094,1577034191.0,1810.131591796875,1819.97265625,1784.567626953125,1816.458984375,6477922747.0,34500.078125,34719.25390625,34083.30859375,34667.78125,15758270810
2023-11-01,38.513057708740234,46.25090026855469,37.96105194091797,41.461544036865234,3630725002.0,1815.8720703125,1858.3128662109375,1786.4095458984375,1847.0897216796875,10628825648.0,34657.2734375,35527.9296875,34170.69140625,35437.25390625,22446272005
2023-11-02,41.385948181152344,44.4891242980957,38.975345611572266,40.20756912231445,2583692673.0,1847.2598876953125,1873.885009765625,1790.11474609375,1800.6209716796875,9004197724.0,35441.578125,35919.84375,34401.57421875,34938.2421875,20998158544
2023-11-03,40.208927154541016,40.22572326660156,38.21837615966797,39.51976013183594,1755955299.0,1800.91650390625,1835.072509765625,1779.635498046875,1832.795166015625,7622864055.0,34942.47265625,34942.47265625,34133.44140625,34732.32421875,17158456701
2023-11-04,39.52021026611328,42.69524002075195,39.168792724609375,42.346595764160156,1454107898.0,1833.368896484375,1867.2613525390625,1825.736572265625,1857.6986083984375,4845080427.0,34736.32421875,35256.03125,34616.69140625,35082.1953125,9561294264
2023-11-05,42.37336730957031,42.80353927612305,40.380126953125,41.23860168457031,884855278.0,1857.3956298828125,1911.608642578125,1848.6201171875,1894.15771484375,8867152645.0,35090.01171875,35340.33984375,34594.2421875,35049.35546875,12412743996
2023-11-06,41.238563537597656,42.155067443847656,39.825077056884766,42.12858963012695,1010459088.0,1894.027099609375,1914.5826416015625,1871.9730224609375,1899.83740234375,8104122602.0,35044.7890625,35286.02734375,34765.36328125,35037.37109375,12693436420
2023-11-07,42.13777160644531,44.42584991455078,40.319908142089844,43.09254455566406,1780187159.0,1900.5997314453125,1907.5614013671875,1852.7908935546875,1888.124267578125,9203228152.0,35047.79296875,35892.41796875,34545.81640625,35443.5625,18834737789
2023-11-08,43.08591842651367,43.805057525634766,42.394229888916016,43.18988800048828,1009177437.0,1887.1190185546875,1904.5462646484375,1874.545654296875,1889.3223876953125,6751627017.0,35419.4765625,35994.41796875,35147.80078125,35655.27734375,17295394918
2023-11-09,43.18186950683594,48.703067779541016,42.608184814453125,45.444828033447266,2830770419.0,1888.9403076171875,2130.88525390625,1884.204345703125,2120.56103515625,24709695029.0,35633.6328125,37926.2578125,35592.1015625,36693.125,37762672382
2023-11-10,45.4423713684082,57.34910202026367,45.21684646606445,56.64385223388672,3795204638.0,2121.0673828125,2134.69140625,2068.13427734375,2078.289794921875,14740624457.0,36702.25,37493.80078125,36362.75390625,37313.96875,22711265155
2023-11-11,56.640995025634766,63.41544723510742,54.04486846923828,56.1026611328125,4182963132.0,2078.058349609375,2089.530517578125,2035.0821533203125,2052.7138671875,10228351203.0,37310.0703125,37407.09375,36773.66796875,37138.05078125,13924272142
2023-11-12,56.13203048706055,61.71490478515625,54.94210433959961,56.15409851074219,2987356952.0,2053.11865234375,2066.00341796875,2019.028076171875,2045.18701171875,7951011698.0,37133.9921875,37227.69140625,36779.1171875,37054.51953125,11545715999
2023-11-13,56.180625915527344,59.71365737915039,51.90705108642578,51.90705108642578,2942685126.0,2045.3544921875,2116.0107421875,2031.9542236328125,2055.265380859375,14322027970.0,37070.3046875,37405.1171875,36399.60546875,36502.35546875,19057712790
2023-11-14,51.902217864990234,57.730106353759766,51.71446228027344,56.838375091552734,3195616616.0,2054.765380859375,2065.06689453125,1939.2803955078125,1979.0526123046875,13087862495.0,36491.7890625,36753.3515625,34948.5,35537.640625,23857403554
2023-11-15,56.83993911743164,66.86766815185547,56.30898666381836,65.5344009399414,3793937162.0,1979.47265625,2061.99169921875,1968.774658203125,2060.408447265625,12626326991.0,35548.11328125,37964.89453125,35383.78125,37880.58203125,27365821679
2023-11-16,65.53944396972656,67.99214935302734,56.81013107299805,57.871402740478516,3922608772.0,2059.9658203125,2088.662353515625,1940.57421875,1960.881591796875,14651619483.0,37879.98046875,37934.625,35545.47265625,36154.76953125,26007385366
2023-11-17,57.92103958129883,60.416290283203125,54.5516471862793,58.41593551635742,3185454735.0,1961.8675537109375,1990.050537109375,1910.4454345703125,1961.28076171875,11881648738.0,36164.82421875,36704.484375,35901.234375,36596.68359375,22445028430
2023-11-18,58.39267349243164,59.283443450927734,55.062313079833984,58.512725830078125,1942321169.0,1961.6712646484375,1971.4622802734375,1921.0623779296875,1963.2850341796875,8064677046.0,36625.37109375,36839.28125,36233.3125,36585.703125,11886022717
2023-11-19,58.52428436279297,62.02115249633789,56.88264846801758,61.393558502197266,1998656461.0,1963.1800537109375,2015.6339111328125,1944.90087890625,2013.2044677734375,7716048818.0,36585.765625,37509.35546875,36414.59765625,37386.546875,12915986553
2023-11-20,61.370460510253906,61.370460510253906,56.353431701660156,56.53383255004883,1937313546.0,2011.8533935546875,2066.409912109375,1996.0443115234375,2022.2391357421875,12866464824.0,37374.07421875,37756.8203125,36882.53125,37476.95703125,20888209068
2023-11-21,56.540367126464844,57.36568832397461,51.55591583251953,52.00047302246094,2440890238.0,2022.21728515625,2035.035888671875,1937.0667724609375,1937.0667724609375,13653500841.0,37469.16015625,37631.140625,35813.8125,35813.8125,25172163756
2023-11-22,52.00212860107422,58.79156494140625,51.73749542236328,57.588558197021484,1985653842.0,1933.5831298828125,2089.51416015625,1933.1629638671875,2064.42529296875,13372200584.0,35756.5546875,37856.98046875,35670.97265625,37432.33984375,24397247860
2023-11-23,57.57801818847656,59.47392272949219,56.28756332397461,56.599369049072266,1379316733.0,2063.905517578125,2088.031982421875,2041.4642333984375,2062.210693359375,7828437946.0,37420.43359375,37643.91796875,36923.86328125,37289.62109375,14214948217
2023-11-24,56.57889175415039,58.686012268066406,56.349090576171875,56.86643981933594,1146346831.0,2062.411865234375,2132.481201171875,2060.9990234375,2081.152099609375,12141148820.0,37296.31640625,38415.33984375,37261.60546875,37720.28125,22922957823
2023-11-25,56.86628723144531,59.654144287109375,56.325279235839844,58.84648895263672,1183793273.0,2081.296142578125,2091.3427734375,2067.917236328125,2084.4130859375,5362623390.0,37721.4140625,37892.4296875,37617.41796875,37796.79296875,9099571165
2023-11-26,58.845420837402344,58.95796203613281,56.51145553588867,57.6427001953125,871154750.0,2084.177490234375,2094.095947265625,2038.6004638671875,2063.2861328125,8054814154.0,37796.828125,37820.30078125,37162.75,37479.12109375,13744796068
2023-11-27,57.628868103027344,58.02122497558594,53.71446990966797,55.06462097167969,1237763215.0,2062.390869140625,2070.606201171875,1988.120361328125,2027.4173583984375,10574810069.0,37454.19140625,37559.35546875,36750.12890625,37254.16796875,19002925720
2023-11-28,55.06262969970703,58.6068229675293,54.085323333740234,58.19437026977539,1412314015.0,2027.5172119140625,2074.9541015625,1996.814697265625,2049.338134765625,9910633038.0,37247.9921875,38368.48046875,36891.08984375,37831.0859375,21696137014
2023-11-29,58.193050384521484,61.653358459472656,57.8550910949707,59.25012969970703,1941361674.0,2049.186767578125,2071.994384765625,2020.756591796875,2029.92919921875,8945151861.0,37826.10546875,38366.11328125,37612.6328125,37858.4921875,20728546658
2023-11-30,59.253517150878906,61.43787384033203,58.946922302246094,59.24162292480469,1263841021.0,2029.3583984375,2054.4443359375,2022.4617919921875,2052.55615234375,8107789163.0,37861.1171875,38141.75390625,37531.140625,37712.74609375,18115982627
2023-12-01,59.23817825317383,61.758018493652344,58.7782096862793,59.80399703979492,1376669760.0,2052.0966796875,2109.319091796875,2046.5570068359375,2087.139892578125,10866891430.0,37718.0078125,38954.109375,37629.359375,38688.75,23512784002
2023-12-02,59.80374526977539,63.83285903930664,59.77376174926758,63.83285903930664,1346327049.0,2087.66357421875,2182.81787109375,2087.407958984375,2165.7041015625,9130124831.0,38689.27734375,39678.9375,38652.59375,39476.33203125,15534035612
2023-12-03,63.82087707519531,65.39625549316406,62.416622161865234,63.03996658325195,1368876645.0,2165.895751953125,2213.17578125,2151.720947265625,2193.691650390625,8278465782.0,39472.20703125,40135.60546875,39298.1640625,39978.390625,15769696322
2023-12-04,63.03776931762695,65.13323974609375,60.280521392822266,61.526615142822266,2211865569.0,2193.663330078125,2273.06982421875,2193.00732421875,2243.2158203125,16149367134.0,39978.62890625,42371.75,39978.62890625,41980.09765625,39856129827
2023-12-05,61.5291748046875,62.54000473022461,59.25082778930664,60.99483108520508,1693517649.0,2243.092529296875,2306.5703125,2191.17626953125,2293.841796875,15383072559.0,41986.265625,44408.6640625,41421.1484375,44080.6484375,36312154535
2023-12-06,60.97986602783203,66.38362121582031,60.97986602783203,61.902957916259766,3030993886.0,2293.628173828125,2310.713134765625,2225.0810546875,2231.661376953125,12790612571.0,44080.0234375,44265.76953125,43478.08203125,43746.4453125,29909761586
2023-12-07,61.934043884277344,69.30046844482422,61.873008728027344,67.83782958984375,3002455075.0,2233.2177734375,2380.729736328125,2225.050537109375,2357.57958984375,14766891042.0,43769.1328125,44042.58984375,42880.6484375,43292.6640625,27635760671
2023-12-08,67.84671783447266,75.12979125976562,67.84123229980469,75.00243377685547,3612712432.0,2357.169189453125,2387.514404296875,2340.92041015625,2358.73193359375,12543458699.0,43293.13671875,44705.515625,43125.296875,44166.6015625,24421116687
2023-12-09,74.98954772949219,77.50202178955078,72.03968811035156,72.25760650634766,2893248364.0,2358.68603515625,2401.760498046875,2331.666015625,2341.17529296875,10613312823.0,44180.01953125,44361.2578125,43627.59765625,43725.984375,17368210171
2023-12-10,72.27294921875,74.72459411621094,70.91922760009766,74.70588684082031,1849363354.0,2341.440185546875,2376.749755859375,2323.40576171875,2352.462646484375,7369608905.0,43728.3828125,44034.625,43593.28515625,43779.69921875,13000481418
2023-12-11,74.71422576904297,74.8381118774414,67.21549224853516,70.36717224121094,3729540309.0,2352.49658203125,2354.9140625,2160.358154296875,2224.578857421875,17989249470.0,43792.01953125,43808.375,40234.578125,41243.83203125,40632672038
2023-12-12,70.34428405761719,72.34092712402344,65.968994140625,68.54067993164062,2366453484.0,2224.39111328125,2242.55126953125,2166.77001953125,2202.0380859375,11391132228.0,41238.734375,42048.3046875,40667.5625,41450.22265625,24779520132
2023-12-13,68.5322494506836,72.3547592163086,64.3697738647461,70.76778411865234,2414610075.0,2202.600341796875,2283.09912109375,2150.75439453125,2260.648681640625,12576395493.0,41468.46484375,43429.78125,40676.8671875,42890.7421875,26797884674
2023-12-14,70.74867248535156,76.17998504638672,69.8573226928711,75.62033081054688,2464938440.0,2260.736083984375,2331.6015625,2239.3662109375,2316.5791015625,12608711052.0,42884.26171875,43390.859375,41767.08984375,43023.97265625,25578530178
2023-12-15,75.63668823242188,79.15106964111328,72.36663818359375,72.36898803710938,2821390652.0,2316.1103515625,2316.892822265625,2214.26318359375,2219.33740234375,10259157898.0,43028.25,43087.82421875,41692.96875,41929.7578125,19639442462
2023-12-16,72.43347930908203,77.0792007446289,71.56934356689453,73.47350311279297,1781972898.0,2220.41552734375,2260.809814453125,2213.55078125,2226.926513671875,6866555430.0,41937.7421875,42664.9453125,41723.11328125,42240.1171875,14386729590
2023-12-17,73.47478485107422,74.72001647949219,70.82445526123047,71.00051879882812,1552380672.0,2226.892578125,2244.366455078125,2195.76171875,2196.481201171875,7410453853.0,42236.109375,42359.49609375,41274.54296875,41364.6640625,16678702876
2023-12-18,70.93263244628906,75.38053894042969,67.33440399169922,74.34716033935547,2281865174.0,2195.341796875,2222.019287109375,2120.12744140625,2217.2734375,10366536490.0,41348.203125,42720.296875,40530.2578125,42623.5390625,25224642008
2023-12-19,74.34918975830078,76.27140808105469,72.01061248779297,72.9897689819336,1900875405.0,2218.240966796875,2253.348876953125,2139.723388671875,2177.87255859375,10619179629.0,42641.51171875,43354.296875,41826.3359375,42270.52734375,23171001281
2023-12-20,72.989990234375,83.95745086669922,72.989990234375,82.19123077392578,3745738278.0,2177.239501953125,2263.3291015625,2161.21875,2201.911376953125,12652290807.0,42261.30078125,44275.5859375,42223.81640625,43652.25,27868908174
2023-12-21,82.1856460571289,95.32344055175781,81.23770904541016,93.85481262207031,4711493441.0,2201.7900390625,2278.12158203125,2184.856689453125,2239.54248046875,12616530536.0,43648.125,44240.66796875,43330.05078125,43869.15234375,22452766169
2023-12-22,93.85801696777344,99.12442779541016,90.79840087890625,98.00369262695312,5284203995.0,2239.59814453125,2341.947509765625,2233.53271484375,2326.52490234375,16137246310.0,43868.98828125,44367.95703125,43441.96875,43997.90234375,21028503216
2023-12-23,98.0016860961914,109.50884246826172,93.10676574707031,107.59423065185547,3957434568.0,2326.7158203125,2332.072021484375,2270.428955078125,2309.04638671875,7995772945.0,44012.19921875,44015.69921875,43351.35546875,43739.54296875,13507796558
2023-12-24,107.72513580322266,117.38066864013672,107.72513580322266,112.48521423339844,6365529251.0,2309.626708984375,2325.705078125,2249.984375,2265.692138671875,9450799236.0,43728.3671875,43945.5234375,42786.91796875,43016.1171875,18830554085
2023-12-25,112.56411743164062,125.19389343261719,108.90338134765625,121.1464614868164,5951791518.0,2265.340576171875,2303.551025390625,2254.574462890625,2272.561767578125,8036302656.0,43010.57421875,43765.09375,42765.76953125,43613.140625,21115795370
2023-12-26,121.08433532714844,121.14399719238281,104.72821807861328,112.6767349243164,6117657160.0,2272.21875,2274.557373046875,2180.225341796875,2231.46533203125,10668581464.0,43599.84765625,43603.17578125,41676.48828125,42520.40234375,30026850982
2023-12-27,112.65483093261719,115.03387451171875,105.42523193359375,107.02379608154297,4267938569.0,2231.39306640625,2392.608642578125,2215.140380859375,2378.739990234375,14161342927.0,42518.46875,43683.16015625,42167.58203125,43442.85546875,25260941032
2023-12-28,107.022705078125,109.420654296875,97.66864776611328,102.10456848144531,4492625126.0,2380.20068359375,2445.017578125,2338.703857421875,2347.566162109375,15660799060.0,43468.19921875,43804.78125,42318.55078125,42627.85546875,22992093014
2023-12-29,102.06928253173828,109.6711196899414,100.05551147460938,106.31151580810547,4445797973.0,2346.84375,2386.004638671875,2262.975830078125,2300.690673828125,12536968996.0,42614.64453125,43124.32421875,41424.0625,42099.40234375,26000021055
2023-12-30,106.29850006103516,107.3282241821289,101.06812286376953,101.84508514404297,1863177830.0,2300.399658203125,2322.021484375,2270.011962890625,2292.0654296875,6888195427.0,42091.75390625,42584.125,41556.2265625,42156.90234375,16013925945
2023-12-31,101.84417724609375,105.133544921875,99.88642883300781,101.50582122802734,1748630533.0,2291.9453125,2318.512939453125,2261.394287109375,2281.47119140625,6871481744.0,42152.09765625,42860.9375,41998.25390625,42265.1875,16397498810
2024-01-01,101.51280975341797,109.50868225097656,101.51280975341797,109.50868225097656,2157671990.0,2282.870361328125,2352.327880859375,2267.01806640625,2352.327880859375,6906765990.0,42280.234375,44175.4375,42214.9765625,44167.33203125,18426978443
2024-01-02,109.54906463623047,116.88249206542969,106.38898468017578,106.61122131347656,3782057553.0,2352.593505859375,2431.21240234375,2348.892333984375,2355.83642578125,12910543630.0,44187.140625,45899.70703125,44176.94921875,44957.96875,39335274536
2024-01-03,106.61653137207031,109.84809112548828,92.92366790771484,98.59443664550781,5472216595.0,2355.9814453125,2385.11767578125,2113.92529296875,2210.761962890625,19332933581.0,44961.6015625,45503.2421875,40813.53515625,42848.17578125,46342323118
2024-01-04,98.58697509765625,107.98246765136719,97.10832977294922,105.0775375366211,3272723247.0,2210.529052734375,2294.608154296875,2204.86572265625,2269.0380859375,11044564896.0,42855.81640625,44770.0234375,42675.17578125,44179.921875,30448091210
2024-01-05,105.05200958251953,105.23542785644531,95.9427261352539,99.97879028320312,3022127826.0,2269.409423828125,2276.7646484375,2209.537109375,2268.647216796875,10860953290.0,44192.98046875,44353.28515625,42784.71875,44162.69140625,32336029347
2024-01-06,99.98799133300781,100.03740692138672,92.02278900146484,93.85771942138672,2235902092.0,2269.5400390625,2271.359375,2219.781982421875,2241.624755859375,5970741680.0,44178.953125,44227.6328125,43475.15625,43989.1953125,16092503468
2024-01-07,93.8603515625,96.69239807128906,88.22345733642578,89.2763442993164,2288061692.0,2242.0126953125,2257.1279296875,2211.5625,2222.865966796875,6490053615.0,43998.46484375,44495.5703125,43662.23046875,43943.09765625,19330573863
2024-01-08,89.2781753540039,99.76187133789062,85.64669799804688,97.79044342041016,4152448360.0,2222.857666015625,2358.815673828125,2171.99365234375,2333.03271484375,13830287095.0,43948.70703125,47218.0,43244.08203125,46970.50390625,42746192015
2024-01-09,97.81603240966797,103.7961654663086,95.89379119873047,99.40918731689453,4070131683.0,2332.8681640625,2369.6416015625,2243.21923828125,2344.8271484375,14891130716.0,46987.640625,47893.69921875,45244.71484375,46139.73046875,39821290992
2024-01-10,99.38423919677734,105.0823745727539,92.56326293945312,102.03302001953125,4216429514.0,2344.923583984375,2626.976806640625,2341.943115234375,2582.103515625,29042100476.0,46121.5390625,47647.22265625,44483.15234375,46627.77734375,50114613298
2024-01-11,102.10365295410156,106.93573760986328,98.4124984741211,99.90943908691406,4174026719.0,2584.171630859375,2687.779052734375,2567.99365234375,2619.619140625,22575246883.0,46656.07421875,48969.37109375,45678.64453125,46368.5859375,45833734549
2024-01-12,99.91187286376953,100.2544937133789,88.30984497070312,91.72090911865234,2868799888.0,2619.177001953125,2710.421875,2460.925537109375,2524.460205078125,23623839263.0,46354.79296875,46498.13671875,41903.76953125,42853.16796875,43332698900
2024-01-13,91.7597427368164,96.91764831542969,89.7544937133789,95.73004913330078,1880329065.0,2522.933837890625,2589.079833984375,2498.594482421875,2576.597900390625,12250316867.0,42799.4453125,43234.66015625,42464.14453125,42842.3828125,20601860469
2024-01-14,95.73265075683594,102.173583984375,93.89056396484375,94.13314056396484,2736734725.0,2578.003662109375,2578.332275390625,2470.42431640625,2472.2412109375,9405587417.0,42842.26171875,43065.59765625,41724.61328125,41796.26953125,17521429522
2024-01-15,94.03654479980469,96.82123565673828,93.2411117553711,94.49022674560547,1755858499.0,2471.6669921875,2550.76904296875,2470.82080078125,2511.36376953125,9700630000.0,41715.06640625,43319.72265625,41705.41796875,42511.96875,22320220558
2024-01-16,94.43834686279297,98.59530639648438,94.39668273925781,97.62691497802734,1806576879.0,2510.627197265625,2613.56689453125,2500.00390625,2587.691162109375,11063317095.0,42499.3359375,43566.2734375,42085.99609375,43154.9453125,24062872740
2024-01-17,97.61580657958984,102.4337387084961,97.05516052246094,102.0635986328125,3220344763.0,2587.044677734375,2592.737060546875,2508.432861328125,2528.369384765625,10441017520.0,43132.1015625,43189.890625,42189.30859375,42742.65234375,20851232595
2024-01-18,102.02949523925781,102.92314147949219,92.14057922363281,94.2509536743164,2684524713.0,2528.59326171875,2546.263916015625,2426.135498046875,2467.018798828125,11900028080.0,42742.3125,42876.34765625,40631.171875,41262.05859375,25218357242
2024-01-19,94.25067138671875,95.16472625732422,87.48365783691406,93.38616943359375,2631067383.0,2468.68896484375,2501.30517578125,2414.7109375,2489.49853515625,11405278376.0,41278.4609375,42134.16015625,40297.45703125,41618.40625,25752407154
2024-01-20,93.393798828125,94.02531433105469,90.4937515258789,92.56983947753906,1204443546.0,2489.84765625,2489.84765625,2456.095703125,2469.589111328125,5297826161.0,41624.58984375,41877.89453125,41446.82421875,41665.5859375,11586690904
2024-01-21,92.58952331542969,93.71378326416016,90.84843444824219,90.84843444824219,894963197.0,2469.798583984375,2479.760498046875,2452.377685546875,2453.9130859375,4578471955.0,41671.48828125,41855.3671875,41497.0078125,41545.78515625,9344043642
2024-01-22,90.90369415283203,91.63616180419922,82.6597671508789,83.62281036376953,2662287481.0,2454.9873046875,2463.447265625,2303.502685546875,2310.826416015625,13923771728.0,41553.65234375,41651.20703125,39450.1171875,39507.3671875,31338708143
2024-01-23,83.62184143066406,85.8401870727539,79.06669616699219,84.27450561523438,2990436327.0,2310.95166015625,2348.03125,2167.282470703125,2240.68603515625,16182147521.0,39518.71484375,40127.3515625,38521.89453125,39845.55078125,29244553045
2024-01-24,84.28726196289062,89.2677230834961,83.41868591308594,88.73200988769531,2352477736.0,2241.749755859375,2261.384521484375,2197.65673828125,2233.561767578125,10134722960.0,39877.59375,40483.78515625,39508.796875,40077.07421875,22359526178
2024-01-25,88.73780059814453,89.37682342529297,85.273681640625,86.88921356201172,1674093024.0,2233.969970703125,2240.380859375,2173.6865234375,2217.710205078125,9302247037.0,40075.55078125,40254.48046875,39545.6640625,39933.80859375,18491782013
2024-01-26,86.88945007324219,93.52867126464844,86.14839172363281,92.44236755371094,2027305107.0,2217.44189453125,2280.3837890625,2196.14013671875,2267.19970703125,9975117607.0,39936.81640625,42209.38671875,39825.69140625,41816.87109375,25598119893
2024-01-27,92.38762664794922,94.43761444091797,90.84476470947266,94.16321563720703,1256585307.0,2267.3193359375,2282.54443359375,2252.38525390625,2267.885986328125,5144367230.0,41815.625,42195.6328125,41431.28125,42120.0546875,11422941934
2024-01-28,94.18190002441406,99.37737274169922,93.538330078125,95.93798065185547,2425625612.0,2268.19287109375,2306.898681640625,2242.683837890625,2257.208740234375,7296214994.0,42126.125,42797.17578125,41696.91015625,42035.59375,16858971687
2024-01-29,95.93798065185547,101.77191162109375,95.17613220214844,101.56666564941406,2604890575.0,2256.995361328125,2320.02734375,2237.711669921875,2317.064208984375,8948195551.0,42030.9140625,43305.8671875,41818.33203125,43288.24609375,20668476578
2024-01-30,101.56666564941406,106.21345520019531,101.10939025878906,101.47297668457031,3328090833.0,2317.435791015625,2388.87060546875,2298.281982421875,2344.49365234375,10173440062.0,43300.2265625,43838.9453125,42711.37109375,42952.609375,23842814518
2024-01-31,101.44925689697266,102.54806518554688,96.10359191894531,97.0287094116211,3814467068.0,2343.558837890625,2349.611328125,2264.443603515625,2282.54443359375,10807883277.0,42946.25,43717.40625,42298.9453125,42582.60546875,24673628793
2024-02-01,97.02484130859375,97.9441909790039,93.37918853759766,97.84669494628906,2951395444.0,2282.17529296875,2309.842529296875,2243.57177734375,2303.82470703125,8895583113.0,42569.76171875,43243.16796875,41879.19140625,43075.7734375,21423953779
2024-02-02,97.8346939086914,102.41262817382812,97.57415771484375,100.44052124023438,2574044077.0,2303.7060546875,2323.053466796875,2282.230224609375,2308.0380859375,7186143091.0,43077.640625,43422.48828125,42584.3359375,43185.859375,18603843039
2024-02-03,100.45113372802734,101.0589828491211,96.81257629394531,97.8799819946289,1349320819.0,2307.980224609375,2327.346923828125,2293.5380859375,2296.038330078125,4647754021.0,43184.96484375,43359.94140625,42890.80859375,42992.25,11169245236
2024-02-04,97.88506317138672,98.45758819580078,95.26637268066406,95.47695922851562,1304106726.0,2296.116943359375,2309.01123046875,2272.304931640625,2289.546142578125,5438100035.0,42994.94140625,43097.64453125,42374.83203125,42583.58203125,14802225490
2024-02-05,95.47146606445312,98.5440444946289,94.29252624511719,95.54866027832031,1635327054.0,2289.20556640625,2334.6767578125,2270.06787109375,2298.888916015625,7277068110.0,42577.62109375,43494.25,42264.81640625,42658.66796875,18715487317
2024-02-06,95.54961395263672,97.79078674316406,93.2807388305664,96.86107635498047,1699997346.0,2298.955078125,2389.826171875,2296.78857421875,2372.201904296875,9520885493.0,42657.390625,43344.1484375,42529.01953125,43084.671875,16798476726
2024-02-07,96.86189270019531,101.23660278320312,94.72022247314453,100.97927856445312,1733607189.0,2372.2626953125,2442.63623046875,2353.7060546875,2423.7451171875,9660628536.0,43090.01953125,44341.94921875,42775.95703125,44318.22265625,21126587775
2024-02-08,100.99549865722656,104.79804229736328,100.55369567871094,102.78563690185547,2288429230.0,2424.080078125,2459.556640625,2414.74951171875,2419.906494140625,9941841732.0,44332.125,45575.83984375,44332.125,45301.56640625,26154524080
2024-02-09,102.79017639160156,108.98772430419922,102.79017639160156,106.93333435058594,2852770180.0,2419.773681640625,2522.724609375,2419.36279296875,2487.515625,13634203177.0,45297.3828125,48152.49609375,45260.82421875,47147.19921875,39316770844
2024-02-10,106.93366241455078,110.74279022216797,106.93366241455078,109.1314697265625,1836561570.0,2487.650390625,2516.7197265625,2475.857666015625,2501.228271484375,6474444159.0,47153.52734375,48146.171875,46905.3203125,47771.27734375,16398681570
2024-02-11,109.1166763305664,110.55686950683594,107.35765075683594,107.49528503417969,1370383843.0,2501.1298828125,2537.67919921875,2495.21435546875,2507.570556640625,7347245813.0,47768.96875,48535.9375,47617.40625,48293.91796875,19315867136
2024-02-12,107.49263000488281,112.06966400146484,103.60929107666016,111.99275207519531,2650731894.0,2507.578857421875,2663.8427734375,2473.81201171875,2658.115966796875,13022696866.0,48296.38671875,50280.4765625,47745.76171875,49958.22265625,34511985805
2024-02-13,111.97724914550781,114.8106460571289,108.49378204345703,112.57930755615234,2709494768.0,2659.586181640625,2686.455078125,2599.16943359375,2642.185302734375,18271237044.0,49941.359375,50358.390625,48406.49609375,49742.44140625,35593051468
2024-02-14,112.57496643066406,118.3277816772461,110.87847137451172,116.97632598876953,2391239729.0,2641.685302734375,2786.8935546875,2621.025390625,2777.90234375,21448973822.0,49733.4453125,52021.37109375,49296.83203125,51826.6953125,39105608050
2024-02-15,116.98538970947266,118.3064956665039,111.77587890625,113.69940948486328,2471486178.0,2777.601318359375,2865.845458984375,2764.010498046875,2824.37890625,23734481937.0,51836.78515625,52820.06640625,51371.62890625,51938.5546875,38564360533
2024-02-16,113.6730728149414,114.25308990478516,108.34872436523438,110.44591522216797,1921299579.0,2825.480712890625,2858.450439453125,2760.3310546875,2803.69140625,17057114638.0,51937.7265625,52537.96875,51641.3671875,52160.203125,28180567298
2024-02-17,110.44330596923828,111.07304382324219,106.1252212524414,108.98401641845703,1370606631.0,2803.73583984375,2805.128662109375,2724.386962890625,2786.672607421875,17932379943.0,52161.67578125,52191.9140625,50669.66796875,51662.99609375,20009091006
2024-02-18,108.98760223388672,114.00138092041016,107.60671997070312,112.17467498779297,1516321334.0,2786.709716796875,2892.843505859375,2767.9130859375,2878.998046875,23355830478.0,51661.96875,52356.96484375,51233.70703125,52122.546875,17595377311
2024-02-19,112.17882537841797,114.71797943115234,111.08141326904297,111.4853286743164,1898655220.0,2881.296875,2983.37060546875,2860.263671875,2943.57470703125,15163110589.0,52134.8125,52483.32421875,51711.8203125,51779.14453125,21362184346
2024-02-20,111.48344421386719,112.0367431640625,104.89022827148438,108.45964050292969,2656976089.0,2944.1064453125,3031.5244140625,2879.9033203125,3013.503662109375,20341598470.0,51777.7265625,52945.05078125,50792.3125,52284.875,33353758256
2024-02-21,108.45266723632812,108.45266723632812,100.41201782226562,105.1252212524414,2246861647.0,3015.6533203125,3017.1904296875,2875.41845703125,2970.35546875,18897136867.0,52273.53515625,52368.81640625,50671.7578125,51839.1796875,28624907020
2024-02-22,105.12030792236328,106.99540710449219,101.64240264892578,101.66979217529297,1830636004.0,2969.599853515625,3030.666015625,2907.109375,2971.00732421875,18058908246.0,51854.64453125,52009.61328125,50926.29296875,51304.97265625,25413900611
2024-02-23,101.67462158203125,103.02283477783203,98.9583511352539,99.95469665527344,1483285120.0,2970.1396484375,2991.32958984375,2906.583740234375,2921.658203125,12822717059.0,51283.90625,51497.93359375,50561.77734375,50731.94921875,21427078270
2024-02-24,99.95437622070312,104.64539337158203,98.585205078125,104.1335220336914,1083637514.0,2921.962890625,3003.195068359375,2907.70068359375,2992.385986328125,10701688842.0,50736.37109375,51684.1953125,50585.4453125,51571.1015625,15174077879
2024-02-25,104.1326675415039,104.32994079589844,102.17102813720703,103.4534912109375,909662462.0,2992.36669921875,3117.428955078125,2984.39306640625,3112.697265625,14620450464.0,51565.21484375,51950.02734375,51306.171875,51733.23828125,15413239245
2024-02-26,103.4507064819336,110.58035278320312,100.4552001953125,109.91853332519531,2334408023.0,3112.529052734375,3197.375,3037.95458984375,3178.99365234375,17504464351.0,51730.5390625,54938.17578125,50931.03125,54522.40234375,34074411896
2024-02-27,109.91878509521484,112.2047119140625,105.89693450927734,108.3880844116211,2723995106.0,3178.405029296875,3287.9580078125,3167.83056640625,3244.519287109375,21090315368.0,54519.36328125,57537.83984375,54484.19921875,57085.37109375,49756832031
2024-02-28,108.39923858642578,118.05220031738281,107.46087646484375,118.05220031738281,5029492553.0,3243.893310546875,3485.450927734375,3201.575927734375,3385.703857421875,32885894265.0,57071.09765625,63913.1328125,56738.42578125,62504.7890625,83239156760
2024-02-29,118.2387466430664,134.4656982421875,117.66751861572266,125.71151733398438,6950123902.0,3386.802734375,3518.96923828125,3303.9052734375,3341.919677734375,28469171094.0,62499.18359375,63585.64453125,60498.73046875,61198.3828125,65496611844
2024-03-01,125.63670349121094,137.60186767578125,125.63670349121094,129.9904022216797,4743077738.0,3341.9658203125,3452.626220703125,3341.85107421875,3435.053955078125,16880101987.0,61168.0625,63155.1015625,60802.52734375,62440.6328125,40186368423
2024-03-02,129.98231506347656,131.45486450195312,127.6808853149414,129.70018005371094,2741772676.0,3436.1591796875,3459.747314453125,3398.89892578125,3422.0498046875,12024340617.0,62431.65234375,62458.69921875,61657.2890625,62029.84765625,23888473685
2024-03-03,129.7933807373047,132.062744140625,125.76932525634766,130.45086669921875,2875614168.0,3422.875244140625,3491.16845703125,3372.214111328125,3490.99365234375,13643324467.0,62031.578125,63230.2109375,61435.0234375,63167.37109375,26253811450
2024-03-04,130.42323303222656,134.87417602539062,127.79814147949219,133.194580078125,4429758300.0,3489.340087890625,3641.459228515625,3446.017578125,3630.433837890625,26772963830.0,63137.00390625,68537.03125,62386.51953125,68330.4140625,70670471105
2024-03-05,133.15936279296875,142.65093994140625,109.53875732421875,125.70671081542969,8980294607.0,3631.928955078125,3828.15966796875,3224.119384765625,3554.964599609375,47706899137.0,68341.0546875,69170.625,59323.91015625,63801.19921875,102802940877
2024-03-06,125.69921112060547,134.8106231689453,120.31733703613281,130.7420196533203,5146680159.0,3554.06787109375,3901.434326171875,3502.802490234375,3819.226318359375,34938642613.0,63776.05078125,67637.9296875,62848.671875,66106.8046875,68750229073
2024-03-07,130.7420196533203,149.2247314453125,130.70175170898438,143.9778594970703,7111178325.0,3818.31103515625,3939.593994140625,3738.685302734375,3874.34765625,22457177587.0,66099.7421875,68029.921875,65655.53125,66925.484375,46989543159
2024-03-08,143.97727966308594,152.4179229736328,142.53614807128906,145.2400360107422,5474659974.0,3874.830810546875,3998.826416015625,3828.36328125,3892.06103515625,26135487051.0,66938.09375,70083.0546875,66230.453125,68300.09375,59202881172
2024-03-09,145.24032592773438,149.35128784179688,144.29037475585938,144.6072540283203,2946261381.0,3892.119140625,3950.396484375,3880.658935546875,3915.4189453125,11926623780.0,68299.2578125,68673.0546875,68053.125,68498.8828125,21609650379
2024-03-10,144.60733032226562,148.6719207763672,140.83999633789062,144.5151824951172,3407621981.0,3915.590576171875,3968.7236328125,3800.564453125,3881.193115234375,15783924355.0,68500.2578125,70005.203125,68239.9765625,69019.7890625,35683977532
2024-03-11,144.5144805908203,150.01797485351562,137.6329803466797,148.75096130371094,5383624184.0,3881.23779296875,4087.050048828125,3745.125244140625,4066.445068359375,28806262507.0,69020.546875,72850.7109375,67194.8828125,72123.90625,65716656765
2024-03-12,148.7496795654297,154.94229125976562,142.87014770507812,151.01544189453125,6413617983.0,4066.6904296875,4092.2841796875,3831.889892578125,3980.273193359375,26917010932.0,72125.125,72825.65625,68728.8515625,71481.2890625,62554434520
2024-03-13,151.01544189453125,166.44876098632812,148.94561767578125,163.83981323242188,5917471836.0,3980.26513671875,4083.00732421875,3936.627197265625,4006.45703125,22028114691.0,71482.1171875,73637.4765625,71334.09375,73083.5,48212536929
2024-03-14,163.83993530273438,177.8926239013672,160.23355102539062,176.67974853515625,8399967972.0,4005.7451171875,4011.102783203125,3721.78857421875,3883.140380859375,25434810823.0,73079.375,73750.0703125,68563.0234375,71396.59375,59594605698
2024-03-15,176.67974853515625,188.50135803222656,165.4127197265625,182.96469116210938,14093348410.0,3882.85693359375,3928.775634765625,3571.774658203125,3735.22021484375,33505075433.0,71387.875,72357.1328125,65630.6953125,69403.7734375,78320453976
2024-03-16,182.96751403808594,197.65599060058594,177.46127319335938,181.88034057617188,11794134069.0,3736.10498046875,3780.89453125,3468.079345703125,3522.860107421875,20199855932.0,69392.484375,70046.2734375,64801.39453125,65315.1171875,46842198371
2024-03-17,181.88034057617188,204.29254150390625,179.22560119628906,202.12356567382812,10876218562.0,3523.02978515625,3676.263427734375,3414.17236328125,3642.4130859375,19938757095.0,65316.34375,68845.71875,64545.31640625,68390.625,44716864318
2024-03-18,202.1226043701172,209.69606018066406,194.8494110107422,195.9927520751953,11137647410.0,3642.298828125,3642.4970703125,3456.09130859375,3517.985107421875,21162220224.0,68371.3046875,68897.1328125,66594.2265625,67548.59375,49261579492
2024-03-19,195.9927520751953,198.24107360839844,166.17674255371094,170.0162811279297,11658593922.0,3518.34765625,3546.582275390625,3149.286865234375,3157.6181640625,34166976701.0,67556.1328125,68106.9296875,61536.1796875,61912.7734375,74215844794
2024-03-20,170.0162811279297,192.9118194580078,163.2962646484375,191.54962158203125,8673957460.0,3158.396728515625,3534.826416015625,3059.65478515625,3513.39306640625,36605316331.0,61930.15625,68115.2578125,60807.78515625,67913.671875,66792634382
2024-03-21,191.54962158203125,195.30612182617188,176.2833251953125,179.2207489013672,5613811275.0,3514.017578125,3586.905029296875,3412.22265625,3492.9912109375,22213647922.0,67911.5859375,68199.9921875,64580.91796875,65491.390625,44480350565
2024-03-22,179.23980712890625,181.3232421875,167.8778533935547,174.36370849609375,4150938142.0,3492.89794921875,3541.898193359375,3254.96923828125,3333.68798828125,20574952329.0,65489.9296875,66623.75,62355.37109375,63778.76171875,41401116964
2024-03-23,174.36370849609375,178.80010986328125,171.0169677734375,172.90225219726562,2711581881.0,3335.592529296875,3433.758056640625,3273.115478515625,3336.593994140625,13242137554.0,63802.72265625,65976.3984375,63038.4921875,64062.203125,24738964812
2024-03-24,172.8978729248047,186.62942504882812,171.67372131347656,183.57345581054688,2661231893.0,3336.666015625,3470.344482421875,3301.27734375,3454.636474609375,12156660941.0,64070.75390625,67622.7578125,63825.8515625,67234.171875,27206630673
2024-03-25,183.57345581054688,194.43026733398438,181.25234985351562,189.0835418701172,4066489821.0,3454.8857421875,3657.118896484375,3421.79052734375,3590.8837890625,18603921705.0,67234.09375,71162.59375,66414.8359375,69958.8125,42700139523
2024-03-26,189.08338928222656,196.2930450439453,186.75282287597656,190.69985961914062,3520179571.0,3591.085205078125,3678.789794921875,3545.4287109375,3587.5048828125,18505553577.0,69931.328125,71535.7421875,69335.609375,69987.8359375,36010437368
2024-03-27,190.69998168945312,192.49658203125,180.42044067382812,186.36146545410156,3844985014.0,3587.313720703125,3664.383056640625,3460.3935546875,3500.115234375,18753082145.0,69991.8984375,71727.6875,68381.9296875,69455.34375,40827113309
2024-03-28,186.36146545410156,190.8834686279297,180.99761962890625,189.6216278076172,2910414256.0,3500.216064453125,3609.705322265625,3465.332275390625,3561.2939453125,16419674157.0,69452.7734375,71546.0234375,68895.5078125,70744.953125,34374900617
2024-03-29,189.6216278076172,192.96981811523438,183.6461639404297,192.2279510498047,3031009580.0,3561.01171875,3583.701416015625,3475.7255859375,3511.80615234375,12712701619.0,70744.796875,70913.09375,69076.65625,69892.828125,25230851763
2024-03-30,192.2278594970703,199.73094177246094,191.21678161621094,194.3855438232422,2999311846.0,3511.82763671875,3566.08447265625,3489.902099609375,3507.9443359375,9389066783.0,69893.4453125,70355.4921875,69601.0625,69645.3046875,17130241883
2024-03-31,194.37579345703125,203.02679443359375,194.0353240966797,202.87413024902344,2342185476.0,3507.95166015625,3655.218994140625,3507.24267578125,3647.8564453125,10499881424.0,69647.78125,71377.78125,69624.8671875,71333.6484375,20050941373
2024-04-01,202.8744354248047,204.1797637939453,187.4888916015625,192.5678253173828,3872515434.0,3647.819580078125,3648.129150390625,3418.6953125,3505.030029296875,16002098681.0,71333.484375,71342.09375,68110.6953125,69702.1484375,34873527352
2024-04-02,192.5678253173828,192.56942749023438,176.132080078125,181.17225646972656,4553269015.0,3504.818359375,3506.962890625,3215.985107421875,3277.234619140625,22076539151.0,69705.0234375,69708.3828125,64586.59375,65446.97265625,50705240709
2024-04-03,181.1727294921875,191.6926727294922,177.3955078125,185.2486114501953,4160370221.0,3277.32421875,3368.111572265625,3205.649169921875,3311.44189453125,16010734587.0,65446.671875,66914.3203125,64559.8984375,65980.8125,34488018367
2024-04-04,185.2486114501953,190.06968688964844,180.51229858398438,183.95811462402344,4101220964.0,3311.495361328125,3443.20751953125,3253.3193359375,3330.04052734375,14476330517.0,65975.6953125,69291.2578125,65113.796875,68508.84375,34439527442
2024-04-05,183.95811462402344,184.977783203125,168.23606872558594,174.5015106201172,7398400404.0,3330.005859375,3345.66650390625,3214.244140625,3318.88525390625,15214447092.0,68515.7578125,68725.7578125,66011.4765625,67837.640625,33748230056
2024-04-06,174.5015106201172,179.69752502441406,173.8743133544922,178.91534423828125,4672922789.0,3318.86474609375,3397.592529296875,3308.9833984375,3354.183837890625,8956926798.0,67840.5703125,69629.6015625,67491.71875,68896.109375,19967785809
2024-04-07,178.91534423828125,182.5382080078125,177.0657958984375,179.6498565673828,1854793003.0,3354.2138671875,3458.50830078125,3346.11474609375,3453.49462890625,9931108526.0,68897.109375,70284.4296875,68851.6328125,69362.5546875,21204930369
2024-04-08,179.65069580078125,184.30287170410156,175.58998107910156,180.78477478027344,2744377905.0,3453.498779296875,3727.616455078125,3409.51171875,3695.292724609375,19055143129.0,69362.5546875,72715.359375,69064.2421875,71631.359375,37261432669
2024-04-09,180.77951049804688,180.82568359375,169.36776733398438,172.4136199951172,2688188866.0,3695.341796875,3724.92236328125,3455.107666015625,3505.163330078125,18279773833.0,71632.5,71742.5078125,68212.921875,69139.015625,36426900409
2024-04-10,172.4142608642578,175.32261657714844,163.81312561035156,173.43736267089844,3344074648.0,3505.156005859375,3561.516357421875,3415.180419921875,3543.737060546875,16872482726.0,69140.2421875,71093.4296875,67503.5625,70587.8828125,38318601774
2024-04-11,173.43736267089844,176.2355194091797,170.3934326171875,172.5763702392578,2712334365.0,3543.4521484375,3616.1943359375,3477.171142578125,3505.247802734375,14076734489.0,70575.734375,71256.234375,69571.8125,70060.609375,30153382941
2024-04-12,172.5763702392578,175.8086395263672,145.51638793945312,153.63546752929688,4727185451.0,3505.329833984375,3552.589111328125,3103.43017578125,3243.034912109375,22104869556.0,70061.3828125,71222.7421875,65254.8359375,67195.8671875,44129299406
2024-04-13,153.6344757080078,154.94395446777344,119.83334350585938,139.34169006347656,8976793985.0,3242.94091796875,3299.663818359375,2862.3935546875,3004.900390625,29930408174.0,67188.375,67931.4296875,60919.10546875,63821.47265625,52869738185
2024-04-14,139.34169006347656,152.50100708007812,131.28717041015625,151.28494262695312,7110974218.0,3005.547607421875,3174.66650390625,2914.4228515625,3156.94189453125,25486284994.0,63836.23046875,65824.4296875,62205.8515625,65738.7265625,49084320047
2024-04-15,151.2994384765625,155.96116638183594,134.5725555419922,138.5086212158203,5699439234.0,3156.830078125,3277.5615234375,3026.538818359375,3101.600341796875,21925843181.0,65739.6484375,66878.6484375,62332.0703125,63426.2109375,43595917654
2024-04-16,138.507568359375,140.27830505371094,126.86528015136719,136.27932739257812,5156084639.0,3101.140625,3127.160888671875,2997.754638671875,3084.920166015625,19441391169.0,63419.296875,64355.66796875,61716.40234375,63811.86328125,42847528078
2024-04-17,136.27911376953125,142.60438537597656,127.5289535522461,131.86618041992188,4888546522.0,3084.923583984375,3123.669677734375,2918.5537109375,2984.7275390625,17711869375.0,63831.84765625,64486.36328125,59768.5859375,61276.69140625,41915247049
2024-04-18,131.86717224121094,143.72735595703125,128.07675170898438,142.0823974609375,4193561506.0,2984.705322265625,3094.842041015625,2956.12744140625,3066.027587890625,15183777035.0,61275.31640625,64125.6875,60833.48046875,63512.75390625,36006307335
2024-04-19,142.0823974609375,147.3337860107422,128.86282348632812,142.6804962158203,5857667913.0,3065.953125,3127.114990234375,2868.7958984375,3059.278564453125,20399982867.0,63510.75,65481.59765625,59651.390625,63843.5703125,49920425401
2024-04-20,142.67845153808594,152.09918212890625,140.00570678710938,151.13356018066406,2795892211.0,3059.47802734375,3170.6728515625,3021.784912109375,3157.627197265625,9918642130.0,63851.1015625,65442.45703125,63172.40234375,64994.44140625,23097485495
2024-04-21,151.1340789794922,153.42225646972656,147.16952514648438,148.60931396484375,2211663291.0,3157.571044921875,3197.50634765625,3119.552001953125,3147.28857421875,9394387894.0,64992.81640625,65723.2421875,64277.72265625,64926.64453125,20506644853
2024-04-22,148.60931396484375,158.37271118164062,146.99169921875,157.03121948242188,2959650502.0,3147.66357421875,3236.6591796875,3131.367431640625,3201.652099609375,12063858733.0,64935.6328125,67233.9609375,64548.1796875,66837.6796875,28282686673
2024-04-23,157.03121948242188,159.94459533691406,153.3231201171875,154.70130920410156,2750685937.0,3201.588623046875,3264.41943359375,3154.58984375,3219.91162109375,11054442653.0,66839.890625,67199.2421875,65864.8671875,66407.2734375,24310975583
2024-04-24,154.70130920410156,159.58090209960938,145.77056884765625,147.74514770507812,3932336720.0,3219.95703125,3292.921630859375,3105.982177734375,3139.80517578125,14000234760.0,66408.71875,67075.3671875,63589.87109375,64276.8984375,30276655120
2024-04-25,147.74961853027344,149.3037567138672,142.2645721435547,144.89212036132812,3674969172.0,3139.624267578125,3190.976318359375,3074.8046875,3156.509521484375,13989030260.0,64275.01953125,65275.20703125,62783.6328125,64481.70703125,32155786816
2024-04-26,144.88917541503906,145.8546142578125,138.90838623046875,139.10433959960938,2564389027.0,3156.384033203125,3166.188720703125,3103.10400390625,3130.164794921875,10622333862.0,64485.37109375,64789.65625,63322.3984375,63755.3203125,24139372950
2024-04-27,139.10433959960938,142.87451171875,134.02891540527344,141.28916931152344,2373155947.0,3129.72705078125,3279.451171875,3071.340087890625,3252.168212890625,11820785577.0,63750.98828125,63898.36328125,62424.71875,63419.140625,19530783039
2024-04-28,141.28916931152344,144.51388549804688,137.23301696777344,137.85641479492188,1959005342.0,3252.24560546875,3351.176513671875,3249.149169921875,3262.774658203125,11379192678.0,63423.515625,64321.484375,62793.59765625,63113.23046875,17334827993
2024-04-29,137.8601837158203,138.7387237548828,133.70916748046875,137.7766571044922,2464951751.0,3262.3408203125,3285.46875,3116.199951171875,3215.428955078125,15032246816.0,63106.36328125,64174.87890625,61795.45703125,63841.12109375,26635912073
2024-04-30,137.7772979736328,139.6676483154297,121.63745880126953,126.96270751953125,3407320371.0,3215.381103515625,3249.37841796875,2918.228759765625,3012.286865234375,18266894653.0,63839.41796875,64703.33203125,59120.06640625,60636.85546875,37840840057
2024-05-01,126.9625473022461,135.11386108398438,119.38481140136719,134.6279754638672,4136407963.0,3011.015625,3020.17333984375,2815.92333984375,2969.78466796875,20005057445.0,60609.49609375,60780.5,56555.29296875,58254.01171875,48439780271
2024-05-02,134.6279754638672,140.28152465820312,128.26028442382812,137.81448364257812,3380078368.0,2969.79443359375,3015.05029296875,2894.329833984375,2988.16845703125,13163903903.0,58253.703125,59602.296875,56937.203125,59123.43359375,32711813559
2024-05-03,137.81448364257812,144.9600372314453,136.12342834472656,143.77255249023438,3216962298.0,2988.134521484375,3127.1552734375,2960.18212890625,3103.5419921875,12862183229.0,59122.30078125,63320.50390625,58848.3125,62889.8359375,33172023048
2024-05-04,143.77220153808594,148.9357452392578,142.56625366210938,146.1350555419922,3050187811.0,3103.61962890625,3167.541259765625,3096.267578125,3117.576416015625,8283229638.0,62891.03125,64494.95703125,62599.3515625,63891.47265625,20620477992
2024-05-05,146.1350555419922,147.91647338867188,143.47845458984375,145.71302795410156,2034794725.0,3117.636962890625,3170.05517578125,3075.586181640625,3137.2490234375,8783447639.0,63892.453125,64610.890625,62955.3046875,64031.1328125,18296164805
2024-05-06,145.71205139160156,156.62669372558594,145.58432006835938,152.80239868164062,2926902880.0,3137.51025390625,3220.15234375,3048.238525390625,3062.728759765625,13008587255.0,64038.3125,65494.90234375,62746.23828125,63161.94921875,28697928697
2024-05-07,152.80667114257812,159.05345153808594,148.0836181640625,148.1343231201172,2687619013.0,3062.7509765625,3129.081298828125,3003.013671875,3006.5771484375,11743187337.0,63162.76171875,64390.45703125,62285.98046875,62334.81640625,25930730982
2024-05-08,148.1343231201172,149.81089782714844,140.16909790039062,142.29473876953125,2502237557.0,3006.315673828125,3037.196044921875,2938.47265625,2973.6572265625,11791662158.0,62332.640625,62986.0859375,60877.12890625,61187.94140625,26088172222
2024-05-09,142.29473876953125,153.08624267578125,140.78964233398438,152.84994506835938,2249863780.0,2973.9716796875,3057.958251953125,2951.223876953125,3036.0205078125,10861947179.0,61191.19921875,63404.9140625,60648.07421875,63049.9609375,25453338161
2024-05-10,152.8529052734375,155.41159057617188,144.9387969970703,146.21690368652344,2471594251.0,3036.231201171875,3052.7294921875,2881.000732421875,2909.791259765625,12278653601.0,63055.19140625,63446.7421875,60208.78125,60792.77734375,27804954694
2024-05-11,146.2169647216797,147.4264373779297,143.33140563964844,145.3143768310547,1243751505.0,2909.845458984375,2942.1787109375,2888.083251953125,2911.60205078125,6795916454.0,60793.35546875,61451.15234375,60492.625,60793.7109375,13842272968
2024-05-12,145.3143768310547,147.57147216796875,142.8818359375,143.52081298828125,936690341.0,2911.658203125,2953.04736328125,2902.201904296875,2928.701904296875,5908941395.0,60793.50390625,61818.15625,60632.6015625,61448.39453125,13800459405
2024-05-13,143.52081298828125,150.54666137695312,138.03285217285156,147.28233337402344,2556255769.0,2928.81396484375,2994.869140625,2865.134521484375,2949.359619140625,13352264795.0,61451.21875,63422.66015625,60769.83984375,62901.44921875,27889181179
2024-05-14,147.27908325195312,148.8286895751953,141.9068603515625,142.0303955078125,2586166419.0,2949.213134765625,2959.546630859375,2863.5458984375,2881.157958984375,12444516140.0,62900.7734375,63092.125,61123.765625,61552.7890625,28186271527
2024-05-15,142.0303955078125,158.64071655273438,141.35032653808594,158.18682861328125,3585715674.0,2881.224609375,3041.602294921875,2864.7353515625,3037.056640625,14666902956.0,61553.98828125,66454.453125,61330.41015625,66267.4921875,39815167074
2024-05-16,158.18775939941406,164.31932067871094,156.7726287841797,159.116455078125,3498272951.0,3036.01416015625,3041.80712890625,2925.08740234375,2945.131103515625,13035465176.0,66256.109375,66712.4296875,64613.0546875,65231.58203125,31573077994
2024-05-17,159.116455078125,171.6060791015625,159.116455078125,169.53054809570312,3371355809.0,2945.136962890625,3120.3017578125,2934.112548828125,3094.11865234375,14449438097.0,65231.296875,67459.4609375,65119.31640625,67051.875,28031279310
2024-05-18,169.53054809570312,175.7790985107422,168.9330596923828,172.5391387939453,2479657643.0,3094.553466796875,3146.79052734375,3087.704345703125,3122.948974609375,9407051320.0,67066.2109375,67387.328125,66663.5,66940.8046875,16712277406
2024-05-19,172.53919982910156,175.1893310546875,166.7326202392578,170.0913543701172,2300080451.0,3122.82470703125,3137.1484375,3056.75439453125,3071.843017578125,8747800800.0,66937.9296875,67694.296875,65937.1796875,66278.3671875,19249094538
2024-05-20,170.0913543701172,187.44712829589844,168.0304412841797,186.52049255371094,4636864705.0,3071.85888671875,3690.805908203125,3050.2978515625,3663.85546875,31228143948.0,66278.7421875,71483.5625,66086.171875,71448.1953125,43850655717
2024-05-21,186.51951599121094,188.49383544921875,174.71170043945312,178.11614990234375,4568414163.0,3663.01123046875,3837.372802734375,3628.096435546875,3789.312744140625,37643853967.0,71443.0625,71946.4609375,69191.125,70136.53125,46932005990
2024-05-22,178.1156768798828,183.0676727294922,175.4474639892578,176.86077880859375,3833758536.0,3789.372802734375,3810.948486328125,3655.0751953125,3737.2177734375,25155809461.0,70135.3203125,70623.6953125,68977.6953125,69122.3359375,32802561717
2024-05-23,176.8631134033203,180.165283203125,167.4036865234375,175.98577880859375,5117258940.0,3737.178466796875,3943.553955078125,3552.642578125,3776.92724609375,45623656317.0,69121.3046875,70041.2734375,66356.953125,67929.5625,41895680979
2024-05-24,175.98577880859375,176.03147888183594,162.8658905029297,167.7969207763672,4013502065.0,3776.992431640625,3825.12255859375,3631.990234375,3726.9345703125,22257061429.0,67928.1328125,69220.296875,66622.671875,68526.1015625,29197308153
2024-05-25,167.7969207763672,170.3550567626953,166.11300659179688,168.43763732910156,1875205755.0,3726.9755859375,3776.006591796875,3710.5283203125,3749.236572265625,10000027764.0,68526.921875,69579.3203125,68515.8203125,69265.9453125,15473071741
2024-05-26,168.43763732910156,168.43927001953125,161.2638702392578,163.3509063720703,2543881488.0,3749.179931640625,3879.470703125,3732.02294921875,3825.8974609375,14650794791.0,69264.2890625,69506.2265625,68183.890625,68518.09375,15628433737
2024-05-27,163.3509063720703,171.98854064941406,163.33544921875,169.9961395263672,2745440475.0,3826.127197265625,3973.556396484375,3821.930419921875,3892.0068359375,18949181813.0,68512.1796875,70597.8828125,68232.5,69394.5546875,25870990717
2024-05-28,169.9961395263672,173.0171356201172,164.97340393066406,168.65084838867188,3342283019.0,3892.096923828125,3924.895751953125,3771.2138671875,3840.25634765625,19846044324.0,69392.1953125,69514.640625,67227.15625,68296.21875,32722265965
2024-05-29,168.65084838867188,173.64195251464844,167.3238525390625,168.0726776123047,2852496248.0,3840.235107421875,3880.6484375,3742.041259765625,3763.196533203125,17411416736.0,68296.3515625,68852.4609375,67101.4921875,67578.09375,26707072906
2024-05-30,168.0726776123047,172.41778564453125,163.6839599609375,166.97653198242188,2932316784.0,3763.357666015625,3823.643310546875,3702.263671875,3746.849609375,15065849797.0,67576.0859375,69500.5390625,67118.078125,68364.9921875,29509712534
2024-05-31,166.97653198242188,170.63156127929688,163.93309020996094,165.63771057128906,2415920333.0,3746.861572265625,3843.857666015625,3723.835205078125,3760.026611328125,15290700646.0,68362.515625,68999.5625,66633.421875,67491.4140625,27387283769
2024-06-01,165.63772583007812,167.73709106445312,165.5856170654297,166.03067016601562,1058869941.0,3759.88427734375,3829.294677734375,3749.840087890625,3813.198974609375,8661024535.0,67489.609375,67839.765625,67386.1953125,67706.9375,11641495604
2024-06-02,166.0296173095703,166.9154815673828,161.6532440185547,163.24990844726562,1562269041.0,3813.275634765625,3834.911865234375,3752.41455078125,3780.89599609375,11126903059.0,67710.2734375,68409.1640625,67315.5234375,67751.6015625,17110588415
2024-06-03,163.25015258789062,167.03875732421875,161.8537139892578,164.9234619140625,2182487608.0,3780.854248046875,3848.60302734375,3758.919921875,3766.38916015625,14082454300.0,67753.8984375,70230.8203125,67589.8359375,68804.78125,32401285324
2024-06-04,164.92506408691406,171.8168182373047,164.51553344726562,171.8019256591797,2057558426.0,3766.476318359375,3831.364990234375,3738.13427734375,3812.515869140625,13331489271.0,68804.5703125,71047.40625,68564.640625,70567.765625,33149696545
2024-06-05,171.8019256591797,175.47531127929688,171.38299560546875,173.48291015625,2405906612.0,3812.560791015625,3887.48583984375,3778.65576171875,3864.260986328125,15480034434.0,70568.3515625,71735.4140625,70390.7109375,71082.8203125,32810771409
2024-06-06,173.48291015625,174.30470275878906,167.8642120361328,170.01622009277344,1965442993.0,3864.263427734375,3878.05224609375,3761.775390625,3811.60595703125,13606583873.0,71082.84375,71625.734375,70119.125,70757.1640625,25223152007
2024-06-07,170.01583862304688,172.4381561279297,155.79876708984375,162.50704956054688,3298527575.0,3811.666015625,3838.4521484375,3615.2802734375,3678.629150390625,18220286186.0,70759.1875,71907.8515625,68507.2578125,69342.5859375,36188381096
2024-06-08,162.4967498779297,163.62017822265625,157.54295349121094,157.96890258789062,1722237785.0,3677.400390625,3707.497314453125,3669.637939453125,3680.949951171875,9096091805.0,69324.1796875,69533.3203125,69210.7421875,69305.7734375,14262185861
2024-06-09,157.96371459960938,162.91897583007812,156.76876831054688,162.08360290527344,1475878151.0,3680.93603515625,3719.36767578125,3668.12353515625,3705.90380859375,7910768788.0,69297.4921875,69817.5234375,69160.84375,69647.9921875,13534028500
2024-06-10,162.07888793945312,162.8277587890625,157.77020263671875,158.9280242919922,1815361482.0,3705.877197265625,3711.4287109375,3648.16455078125,3666.717529296875,10377300126.0,69644.3125,70146.0703125,69232.421875,69512.28125,20597699541
2024-06-11,158.9341278076172,159.52310180664062,145.8651885986328,149.42898559570312,2812642453.0,3666.35888671875,3669.890869140625,3434.7490234375,3498.33056640625,19184721538.0,69508.078125,69549.4140625,66123.6015625,67332.03125,37116136345
2024-06-12,149.4223175048828,161.51483154296875,145.82144165039062,155.1775665283203,2853692260.0,3497.89697265625,3652.4921875,3463.784912109375,3559.61767578125,17142905351.0,67321.375,69977.890625,66902.453125,68241.1875,34497940694
2024-06-13,155.19235229492188,155.19235229492188,146.1722412109375,147.31442260742188,2085097655.0,3559.725341796875,3559.725341796875,3431.33349609375,3469.28125,14472382154.0,68243.1015625,68365.78125,66304.5625,66756.3984375,28955204146
2024-06-14,147.28204345703125,148.78933715820312,140.11538696289062,143.0944366455078,2330458883.0,3467.969970703125,3528.602294921875,3366.223876953125,3480.27197265625,15793876596.0,66747.5703125,67294.6484375,65056.89453125,66011.09375,27403884779
2024-06-15,143.07408142089844,145.5409698486328,143.02365112304688,145.41221618652344,1065293341.0,3479.78564453125,3589.887451171875,3473.45263671875,3565.549560546875,12733651076.0,66006.7421875,66402.1875,65871.7734375,66191.0,14121265576
2024-06-16,145.41796875,151.12550354003906,143.17953491210938,151.12550354003906,1147997523.0,3566.761962890625,3648.093017578125,3541.534423828125,3620.5634765625,9878388158.0,66189.359375,66894.84375,66018.25,66639.046875,13281140541
2024-06-17,151.13723754882812,151.58477783203125,140.13880920410156,143.3342742919922,2244770232.0,3622.383544921875,3634.285400390625,3468.14892578125,3511.37890625,17838856988.0,66636.515625,67188.3203125,65094.96484375,66490.296875,30006354476
2024-06-18,143.314697265625,143.61065673828125,130.28907775878906,137.50399780273438,4046511952.0,3510.565185546875,3514.17724609375,3371.59033203125,3483.681396484375,21022514455.0,66490.9765625,66556.703125,64066.95703125,65140.74609375,39481285950
2024-06-19,137.4798126220703,141.66993713378906,134.73263549804688,135.60960388183594,2241396569.0,3482.350830078125,3583.320068359375,3466.48095703125,3559.347412109375,15275373778.0,65146.66015625,65695.3515625,64693.30078125,64960.296875,21103423504
2024-06-20,135.60960388183594,141.0752410888672,132.087646484375,133.47296142578125,2343938226.0,3559.347412109375,3623.886474609375,3485.4599609375,3511.0869140625,16115123753.0,64960.296875,66438.9609375,64547.84765625,64828.65625,25641109124
2024-06-21,133.47195434570312,135.22915649414062,128.9219207763672,134.5883026123047,2214701928.0,3511.268310546875,3542.957275390625,3447.935546875,3516.07568359375,15933353456.0,64837.98828125,65007.546875,63378.89453125,64096.19921875,26188171739
2024-06-22,134.56765747070312,136.46005249023438,133.14248657226562,133.6702423095703,948392979.0,3516.55126953125,3519.49755859375,3477.169921875,3494.8134765625,7423703673.0,64113.86328125,64475.46875,63929.7578125,64252.578125,9858198793
2024-06-23,133.66000366210938,135.005859375,128.2696990966797,128.59042358398438,1063910411.0,3494.953857421875,3519.324951171875,3408.5830078125,3418.61181640625,9418141333.0,64248.96484375,64491.703125,63180.796875,63180.796875,11170471802
2024-06-24,128.59800720214844,132.3112335205078,123.6693344116211,132.24139404296875,3420423301.0,3418.783203125,3430.698974609375,3244.241455078125,3350.25634765625,23137744903.0,63173.3515625,63292.52734375,58601.69921875,60277.4140625,43152133651
2024-06-25,132.26934814453125,139.72958374023438,131.29635620117188,136.5592041015625,2517391150.0,3350.5556640625,3422.21337890625,3335.556884765625,3395.029052734375,13235546063.0,60266.28125,62258.26171875,60239.75,61804.640625,29201215431
2024-06-26,136.5549774169922,140.16876220703125,134.92576599121094,136.60914611816406,1670038554.0,3394.373291015625,3421.509521484375,3328.390625,3369.477294921875,11694054195.0,61789.67578125,62434.13671875,60695.1875,60811.27734375,22506003064
2024-06-27,136.61341857910156,150.7672119140625,135.2449951171875,149.44837951660156,2831651846.0,3368.88623046875,3470.923095703125,3362.2646484375,3444.800537109375,11771834016.0,60811.2265625,62293.86328125,60585.33203125,61604.80078125,21231745045
2024-06-28,149.4542694091797,150.0515899658203,139.30589294433594,139.70339965820312,2396070692.0,3445.498779296875,3482.95751953125,3363.4375,3373.635986328125,12861158844.0,61612.8046875,62126.09765625,59985.40234375,60320.13671875,24952866877
2024-06-29,139.7193145751953,142.8238525390625,139.6678009033203,140.01014709472656,1139066175.0,3373.68994140625,3401.730224609375,3369.552734375,3372.9677734375,6584792001.0,60319.875,61097.62109375,60300.96484375,60887.37890625,12652903396
2024-06-30,140.01272583007812,147.19932556152344,137.14137268066406,146.49249267578125,1567841881.0,3373.07568359375,3453.21142578125,3352.284423828125,3432.88916015625,8396416013.0,60888.4453125,62892.828125,60632.94921875,62678.29296875,17333226409
2024-07-01,146.4812774658203,148.7985076904297,145.8227996826172,146.59506225585938,1814659116.0,3432.607421875,3513.310791015625,3425.3232421875,3440.341552734375,12281551839.0,62673.60546875,63777.2265625,62495.51171875,62851.98046875,25468379421
2024-07-02,146.5885467529297,154.7129669189453,146.12054443359375,153.7004852294922,2024773533.0,3439.38134765625,3459.761474609375,3399.026123046875,3416.354736328125,9421757718.0,62844.41015625,63203.359375,61752.74609375,62029.015625,20151616992
2024-07-03,153.7111358642578,154.197998046875,139.5172576904297,140.73141479492188,2813419415.0,3416.2548828125,3426.332275390625,3254.521240234375,3292.916748046875,16121324440.0,62034.33203125,62187.703125,59419.38671875,60173.921875,29756701685
2024-07-04,140.71533203125,142.51486206054688,127.55081939697266,127.55081939697266,3243822145.0,3291.81787109375,3309.20361328125,3054.52197265625,3054.52197265625,20252514386.0,60147.13671875,60399.67578125,56777.8046875,56977.703125,41149609230
2024-07-05,127.60507202148438,135.84579467773438,122.44230651855469,134.3693389892578,4644036182.0,3057.833251953125,3106.152587890625,2826.014404296875,2981.5986328125,31131942647.0,57022.80859375,57497.15234375,53717.375,56662.375,55417544033
2024-07-06,134.36329650878906,144.0084686279297,132.61329650878906,143.24118041992188,2078535871.0,2981.988037109375,3080.107421875,2957.395751953125,3069.3779296875,11586293705.0,56659.07421875,58472.546875,56038.9609375,58303.5390625,20610320577
2024-07-07,143.1870574951172,143.1870574951172,131.7740936279297,131.7740936279297,1842515124.0,3067.405029296875,3072.814453125,2923.959228515625,2929.38720703125,10857947538.0,58239.4296875,58371.12109375,55793.32421875,55849.109375,20553359505
2024-07-08,131.79702758789062,141.6341094970703,128.56292724609375,139.4636993408203,3692404575.0,2929.861572265625,3090.66455078125,2826.481689453125,3018.73193359375,22627377457.0,55849.57421875,58131.3359375,54321.01953125,56705.09765625,39766159899
2024-07-09,139.537353515625,143.92938232421875,136.74093627929688,141.34844970703125,2418798702.0,3018.80322265625,3105.800537109375,3005.522216796875,3064.032958984375,15269945822.0,56704.59765625,58239.1953125,56316.875,58009.2265625,27849512607
2024-07-10,141.3741455078125,145.8537139892578,138.85604858398438,141.97479248046875,1952272010.0,3066.13720703125,3148.407470703125,3026.6083984375,3102.21875,14578679176.0,58033.8828125,59359.43359375,57178.4140625,57742.49609375,26175260526
2024-07-11,141.98280334472656,145.32443237304688,135.84751892089844,135.8832244873047,2286890972.0,3101.335205078125,3208.9384765625,3057.21923828125,3100.330810546875,15230095766.0,57729.890625,59299.43359375,57120.37890625,57344.9140625,28707803842
2024-07-12,135.86402893066406,140.42477416992188,134.15914916992188,139.52801513671875,1990173458.0,3099.989990234375,3154.6015625,3048.508056640625,3134.15869140625,12751638331.0,57341.1953125,58532.5546875,56590.17578125,57899.46484375,25604805221
2024-07-13,139.52639770507812,143.367431640625,138.17953491210938,141.9249725341797,1131518484.0,3134.550537109375,3199.989501953125,3115.080322265625,3177.19873046875,8565105946.0,57908.73828125,59787.078125,57796.44140625,59231.953125,17080061806
2024-07-14,141.92665100097656,148.54705810546875,141.92665100097656,147.622314453125,2009294488.0,3176.741455078125,3266.487548828125,3166.43115234375,3244.0791015625,10517709666.0,59225.25,61329.52734375,59225.25,60787.79296875,22223416061
2024-07-15,147.6661376953125,159.9420623779297,147.202880859375,159.93397521972656,2580623500.0,3246.131591796875,3494.098388671875,3235.776123046875,3489.552734375,18305490390.0,60815.45703125,64870.15234375,60704.9296875,64870.15234375,38094526099
2024-07-16,159.77333068847656,162.46951293945312,153.05372619628906,160.5518798828125,3034234774.0,3486.14404296875,3498.218994140625,3351.77978515625,3443.513427734375,20446664416.0,64784.41796875,65354.33984375,62487.96875,65097.1484375,41617346768
2024-07-17,160.56329345703125,163.59523010253906,155.06703186035156,155.5841064453125,2255652667.0,3446.73681640625,3516.104248046875,3379.099609375,3388.75244140625,16739123962.0,65091.83203125,66066.734375,63896.0859375,64118.79296875,32525071311
2024-07-18,155.59104919433594,161.587158203125,155.5660400390625,159.07241821289062,2044591406.0,3388.030029296875,3488.715576171875,3374.990478515625,3426.258544921875,15035622003.0,64104.73828125,65104.66015625,63246.1640625,63974.06640625,27239305337
2024-07-19,159.0923309326172,171.50674438476562,156.60653686523438,169.1858673095703,3617009839.0,3425.90869140625,3540.58837890625,3377.877685546875,3505.73486328125,17705629736.0,63972.32421875,67442.640625,63329.34375,66710.15625,37003855410
2024-07-20,169.1826171875,174.831298828125,167.55731201171875,173.89178466796875,1908476088.0,3505.721435546875,3539.904296875,3482.489013671875,3519.29541015625,10360198325.0,66709.921875,67610.734375,66299.6171875,67163.6484375,19029581250
2024-07-21,173.89373779296875,184.8703155517578,171.1182098388672,184.54161071777344,3080452915.0,3519.426513671875,3546.619140625,3415.44384765625,3536.60546875,13845913681.0,67164.9140625,68372.90625,65842.296875,68154.5234375,26652190004
2024-07-22,184.54556274414062,184.79246520996094,177.04412841796875,178.97828674316406,2808509242.0,3536.627197265625,3560.075439453125,3425.795654296875,3440.419921875,18723199034.0,68152.9765625,68480.0625,66611.296875,67585.25,42649109453
2024-07-23,178.97828674316406,180.49615478515625,170.98854064941406,172.757568359375,3230351478.0,3440.768310546875,3539.53173828125,3395.4208984375,3481.995849609375,24468405650.0,67584.8046875,67779.015625,65484.4609375,65927.671875,35605668666
2024-07-24,172.75851440429688,182.35760498046875,171.21041870117188,178.0323028564453,3112174836.0,3482.15185546875,3487.653076171875,3304.039306640625,3336.33935546875,16040945448.0,65927.859375,67113.984375,65146.99609375,65372.1328125,27470942309
2024-07-25,178.02952575683594,179.52093505859375,165.9325408935547,171.96307373046875,4067186719.0,3336.3623046875,3341.4384765625,3088.764404296875,3174.42724609375,25293745810.0,65375.875,66112.421875,63473.47265625,65777.2265625,38315761670
2024-07-26,171.9625701904297,183.53836059570312,171.87789916992188,183.13671875,2816314095.0,3174.051025390625,3285.760986328125,3172.777099609375,3275.951416015625,15993893521.0,65771.8125,68207.6015625,65743.765625,67912.0625,30488630457
2024-07-27,183.13809204101562,188.14059448242188,178.59835815429688,184.0854034423828,3248901126.0,3275.8916015625,3327.426513671875,3195.356689453125,3247.60791015625,15198233287.0,67911.8125,69398.5078125,66705.21875,67813.3359375,34691905492
2024-07-28,184.08599853515625,186.51461791992188,181.3953399658203,184.88607788085938,1852374783.0,3247.50732421875,3283.152099609375,3201.76318359375,3271.464599609375,8959236446.0,67808.65625,68301.8515625,67085.828125,68255.8671875,18043166945
2024-07-29,184.88719177246094,193.73228454589844,181.88536071777344,182.7805938720703,3654304391.0,3271.453369140625,3396.625732421875,3257.715576171875,3320.539306640625,18334852719.0,68259.0546875,69987.5390625,66532.59375,66819.9140625,40780682628
2024-07-30,182.77159118652344,184.1801300048828,176.02243041992188,179.10719299316406,2766172800.0,3320.63525390625,3365.322509765625,3235.760009765625,3278.667724609375,14045773047.0,66819.0546875,66987.671875,65323.19140625,66201.015625,31380492109
2024-07-31,179.10804748535156,184.179443359375,171.81919860839844,171.82615661621094,3055204208.0,3278.6865234375,3347.636474609375,3216.07177734375,3231.295654296875,16135380637.0,66201.2734375,66810.2109375,64532.046875,64619.25,31292785994
2024-08-01,171.82566833496094,172.68980407714844,157.98838806152344,167.672119140625,4402828194.0,3231.248779296875,3241.77734375,3078.5439453125,3201.564453125,20217639556.0,64625.83984375,65593.2421875,62248.94140625,65357.5,40975554494
2024-08-02,167.66053771972656,169.04396057128906,150.08499145507812,152.6382293701172,4507521137.0,3201.599365234375,3214.527099609375,2965.73388671875,2986.01318359375,21400241741.0,65353.5,65523.22265625,61184.89453125,61415.06640625,43060875727
2024-08-03,152.6382293701172,153.77685546875,140.22140502929688,142.9219970703125,3620526646.0,2985.950927734375,3015.296142578125,2861.177490234375,2903.3857421875,17844091431.0,61414.80859375,62148.37109375,59836.52734375,60680.09375,31753030589
2024-08-04,142.9219512939453,145.83766174316406,132.13967895507812,138.05508422851562,4333596296.0,2903.088623046875,2931.4716796875,2639.566650390625,2686.39892578125,21139601426.0,60676.09375,61062.98828125,57210.8046875,58116.9765625,31758917219
2024-08-05,138.0526885986328,139.14146423339844,110.60955810546875,129.8643035888672,14114308949.0,2686.027587890625,2695.88671875,2122.546142578125,2417.206298828125,67668132244.0,58110.296875,58268.828125,49121.23828125,53991.45703125,108991085584
2024-08-06,129.86294555664062,149.35296630859375,129.78857421875,144.09036254882812,5813459735.0,2417.269775390625,2553.5810546875,2416.527099609375,2458.723876953125,26041995921.0,53991.34765625,57059.91796875,53973.2734375,56034.31640625,49300484106
2024-08-07,144.0882110595703,155.00779724121094,142.7469024658203,144.63209533691406,5529725414.0,2458.989013671875,2551.560791015625,2312.168701171875,2336.58935546875,24264218606.0,56040.6328125,57726.8828125,54620.5078125,55027.4609375,41637562185
2024-08-08,144.63247680664062,163.02590942382812,142.01992797851562,162.9307403564453,5385642745.0,2336.9150390625,2721.95458984375,2322.529541015625,2683.352783203125,23468291180.0,55030.02734375,62673.765625,54766.7265625,61710.13671875,45298472567
2024-08-09,162.9307403564453,163.24948120117188,151.22613525390625,156.45721435546875,3217916997.0,2683.719970703125,2706.451171875,2555.2294921875,2599.5986328125,17907141655.0,61728.20703125,61751.86328125,59587.859375,60880.11328125,33425553115
2024-08-10,156.45721435546875,158.5860595703125,152.873046875,153.95916748046875,1662980960.0,2599.582275390625,2642.92578125,2580.661865234375,2610.02294921875,9361014219.0,60881.23046875,61464.51171875,60287.56640625,60945.8125,15745822278
2024-08-11,153.961669921875,157.93190002441406,141.34829711914062,141.52685546875,2411765937.0,2609.9697265625,2718.797607421875,2544.1748046875,2553.252197265625,13595441987.0,60944.890625,61778.66015625,58348.82421875,58719.484375,22759754812
2024-08-12,141.53207397460938,150.81463623046875,141.4407958984375,146.45423889160156,3380174341.0,2553.49658203125,2749.135009765625,2513.39404296875,2724.431884765625,21653090666.0,58719.39453125,60680.33203125,57688.8984375,59354.515625,37078637820
2024-08-13,146.45455932617188,149.61012268066406,143.1520233154297,146.7126922607422,2224488388.0,2724.303466796875,2737.990478515625,2613.80126953125,2703.671875,16383053029.0,59356.20703125,61572.3984375,58506.25390625,60609.56640625,30327698167
2024-08-14,146.7126922607422,151.72604370117188,142.71792602539062,143.9234619140625,2714536693.0,2703.5869140625,2775.281005859375,2636.705322265625,2662.914794921875,15825365408.0,60611.05078125,61687.7578125,58472.875,58737.26953125,29961696180
2024-08-15,143.92266845703125,147.35154724121094,138.16192626953125,142.74581909179688,3032770371.0,2662.885498046875,2675.314453125,2518.670654296875,2570.087646484375,16345801912.0,58733.26171875,59838.6484375,56161.59375,57560.09765625,35682112440
2024-08-16,142.7428741455078,144.7954559326172,136.3846435546875,139.33056640625,2707615564.0,2570.085205078125,2629.383544921875,2553.071533203125,2593.1865234375,13275561555.0,57560.2734375,59847.359375,57110.01953125,58894.10546875,29350938673
2024-08-17,139.33056640625,141.96282958984375,137.86630249023438,141.7985076904297,1199702073.0,2593.1669921875,2626.6728515625,2588.78515625,2614.546875,6676568717.0,58893.53125,59694.66796875,58814.83203125,59478.97265625,13589684021
2024-08-18,141.7985076904297,146.96298217773438,140.95962524414062,142.58688354492188,1866239536.0,2614.109619140625,2684.031005859375,2596.735107421875,2613.357177734375,9207267415.0,59468.1328125,60262.71875,58445.40234375,58483.96484375,17740625837
2024-08-19,142.58688354492188,145.9236297607422,140.74871826171875,144.34368896484375,2077549615.0,2612.718505859375,2648.284423828125,2566.401123046875,2637.306396484375,11968963282.0,58480.7109375,59612.66015625,57864.7109375,59493.453125,25911207712
2024-08-20,144.3468475341797,148.6486053466797,141.36070251464844,143.16773986816406,2124392770.0,2637.306396484375,2695.913818359375,2556.74755859375,2573.10693359375,13249483464.0,59493.453125,61396.328125,58610.8828125,59012.79296875,31613400008
2024-08-21,142.33303833007812,144.1562957763672,139.26654052734375,142.70960998535156,1923259439.0,2573.10888671875,2662.953369140625,2538.65771484375,2631.3955078125,12766015263.0,59014.98828125,61834.3515625,58823.4453125,61175.19140625,32731154072
2024-08-22,142.70960998535156,144.81321716308594,140.9344024658203,143.2579345703125,1368400829.0,2630.8642578125,2644.82373046875,2587.110595703125,2622.951416015625,10723280428.0,61168.31640625,61408.109375,59815.25390625,60381.9140625,27625734377
2024-08-23,143.2579345703125,153.771240234375,143.16477966308594,153.10708618164062,2560976300.0,2622.916015625,2799.329833984375,2622.5810546875,2764.447021484375,16857181970.0,60380.953125,64947.0625,60372.05078125,64094.35546875,42530509233
2024-08-24,153.10833740234375,162.16932678222656,152.15208435058594,160.73175048828125,2749419604.0,2765.4814453125,2820.0205078125,2737.776611328125,2769.3896484375,11765811307.0,64103.87109375,64513.7890625,63619.91796875,64178.9921875,21430585163
2024-08-25,160.73175048828125,161.94796752929688,155.50714111328125,158.90911865234375,2085078554.0,2769.09814453125,2793.012939453125,2736.0888671875,2749.15771484375,9375535539.0,64176.3671875,64996.421875,63833.51953125,64333.54296875,18827683555
2024-08-26,158.9114990234375,161.91110229492188,155.88449096679688,157.23687744140625,2588808155.0,2749.24755859375,2763.004150390625,2668.88671875,2681.340576171875,12282035835.0,64342.2265625,64489.70703125,62849.55859375,62880.66015625,27682040631
2024-08-27,157.23658752441406,159.62355041503906,145.65640258789062,146.8970947265625,2783392784.0,2681.622802734375,2700.15283203125,2401.175048828125,2458.7265625,18028996056.0,62879.70703125,63210.796875,58116.75,59504.1328125,39103882198
2024-08-28,146.8970947265625,148.69497680664062,140.97080993652344,143.89138793945312,2932401182.0,2458.90478515625,2553.820068359375,2422.293701171875,2528.41552734375,20359545410.0,59507.92578125,60236.44921875,57890.67578125,59027.625,40289564698
2024-08-29,143.8910675048828,147.2205810546875,138.2660675048828,140.0540313720703,2098251665.0,2528.3623046875,2595.97705078125,2507.50244140625,2528.792724609375,13946434277.0,59027.46875,61184.08203125,58786.2265625,59388.1796875,32224990582
2024-08-30,140.0540313720703,141.01318359375,132.4513397216797,138.09999084472656,2683385690.0,2528.732177734375,2539.915283203125,2432.83447265625,2525.822021484375,15526218255.0,59388.6015625,59896.88671875,57768.53125,59119.4765625,32292756405
2024-08-31,138.09999084472656,138.99224853515625,134.6364288330078,135.37425231933594,892155699.0,2525.859130859375,2532.389892578125,2493.70556640625,2513.393798828125,6646876013.0,59117.48046875,59432.59375,58768.78515625,58969.8984375,12403470760
2024-09-01,135.37425231933594,135.99781799316406,128.24325561523438,128.6905517578125,1974170865.0,2513.42431640625,2515.46728515625,2401.88916015625,2427.90234375,11800443265.0,58969.80078125,59062.0703125,57217.82421875,57325.48828125,24592449997
2024-09-02,128.6905517578125,135.35238647460938,127.26619720458984,135.0023651123047,2092221241.0,2427.973388671875,2563.0859375,2426.095947265625,2538.187255859375,12520444224.0,57326.96875,59403.0703125,57136.02734375,59112.48046875,27036454524
2024-09-03,135.0023651123047,137.14476013183594,127.57423400878906,127.57758331298828,1787700523.0,2538.16064453125,2552.802734375,2419.875244140625,2420.603759765625,11406800197.0,59106.19140625,59815.05859375,57425.16796875,57431.0234375,26666961053
2024-09-04,127.57758331298828,134.86917114257812,123.61295318603516,133.60391235351562,2663812153.0,2420.1923828125,2488.91650390625,2313.26513671875,2448.97705078125,16709600747.0,57430.34765625,58511.5703125,55673.1640625,57971.5390625,35627680312
2024-09-05,133.6043701171875,135.085205078125,128.14137268066406,129.32894897460938,1926178088.0,2448.98681640625,2465.38525390625,2348.86328125,2367.737548828125,13632325040.0,57971.703125,58300.58203125,55712.453125,56160.48828125,31030280656
2024-09-06,129.32894897460938,134.16807556152344,121.05538177490234,124.99007415771484,3520537699.0,2367.700927734375,2406.511962890625,2150.86328125,2223.87646484375,25825618367.0,56160.19140625,56976.109375,52598.69921875,53948.75390625,49361693566
2024-09-07,124.99007415771484,129.2908935546875,124.26908111572266,127.72156524658203,1321261949.0,2223.92919921875,2310.19482421875,2222.100830078125,2274.107177734375,11124608320.0,53949.0859375,54838.14453125,53740.0703125,54139.6875,19061486526
2024-09-08,127.72156524658203,131.51524353027344,126.81302642822266,129.98951721191406,1317794291.0,2274.437744140625,2332.359375,2243.911376953125,2297.29296875,10718443487.0,54147.93359375,55300.859375,53653.7578125,54841.56640625,18268287531
2024-09-09,129.98951721191406,136.18653869628906,127.21979522705078,135.02561950683594,2443769044.0,2297.896240234375,2379.78662109375,2274.115478515625,2358.482177734375,15887712451.0,54851.88671875,58041.125,54598.43359375,57019.53515625,34618096173
2024-09-10,135.0263671875,137.8063507080078,132.63108825683594,135.63522338867188,1642358500.0,2358.497802734375,2398.50390625,2323.07177734375,2389.5810546875,12795818970.0,57020.09765625,58029.9765625,56419.4140625,57648.7109375,28857630507
2024-09-11,135.63494873046875,135.8038787841797,128.4340057373047,132.4973907470703,2122617674.0,2389.603759765625,2389.71826171875,2279.0537109375,2339.841552734375,15355180967.0,57650.2890625,57991.3203125,55567.33984375,57343.171875,37049062672
2024-09-12,132.49708557128906,136.61480712890625,132.44332885742188,136.14190673828125,1597055803.0,2339.8408203125,2390.186767578125,2316.15771484375,2361.78173828125,12162634681.0,57343.171875,58534.359375,57330.1015625,58127.01171875,33835707949
2024-09-13,136.14190673828125,139.83250427246094,131.86395263671875,139.1005401611328,1668690414.0,2361.740966796875,2462.802978515625,2338.14404296875,2441.607177734375,13759640866.0,58130.32421875,60648.0234375,57650.11328125,60571.30078125,32490528356
2024-09-14,139.1025390625,139.7345733642578,135.9435577392578,137.17977905273438,952465288.0,2441.580810546875,2442.632080078125,2386.979736328125,2418.595703125,8170291680.0,60569.1171875,60656.72265625,59517.8828125,60005.12109375,16428405496
2024-09-15,137.17977905273438,137.92349243164062,130.9698028564453,131.4993896484375,1358403273.0,2418.26611328125,2430.38330078125,2286.628173828125,2320.897216796875,10155470375.0,60000.7265625,60381.91796875,58696.30859375,59182.8359375,18120960867
2024-09-16,131.4993896484375,132.29637145996094,129.13807678222656,131.47259521484375,1623218789.0,2320.89453125,2334.789794921875,2253.715087890625,2295.28369140625,16819033263.0,59185.2265625,59205.51171875,57501.33984375,58192.5078125,32032822113
2024-09-17,131.47244262695312,135.4871368408203,130.47569274902344,131.53707885742188,1726861492.0,2295.284423828125,2392.149169921875,2263.79296875,2341.707763671875,15356783863.0,58192.5078125,61316.08984375,57628.0703125,60308.5390625,38075570118
2024-09-18,131.53707885742188,133.99185180664062,127.25076293945312,133.99185180664062,2260675347.0,2341.73291015625,2369.72900390625,2278.66455078125,2369.72900390625,18159056422.0,60309.0,61664.06640625,59218.25390625,61649.6796875,40990702891
2024-09-19,133.99185180664062,143.9043731689453,133.99185180664062,142.83627319335938,2884543933.0,2369.374755859375,2492.20458984375,2369.374755859375,2464.752197265625,18437147349.0,61651.15625,63872.44140625,61609.8671875,62940.45703125,42710252573
2024-09-20,142.8365478515625,151.7609405517578,141.316162109375,146.56680297851562,3241123621.0,2464.7822265625,2571.99267578125,2439.3779296875,2561.072021484375,19112788620.0,62941.42578125,64119.53125,62364.60546875,63192.9765625,35177164222
2024-09-21,146.56680297851562,149.83645629882812,144.79803466796875,149.52703857421875,1385610390.0,2560.879638671875,2621.62255859375,2530.837890625,2615.857177734375,10797825021.0,63184.33984375,63543.359375,62783.10546875,63394.83984375,14408616220
2024-09-22,149.52703857421875,149.86582946777344,141.38461303710938,144.80364990234375,1597826979.0,2615.84814453125,2632.039306640625,2528.522216796875,2582.862548828125,13180663011.0,63396.8046875,63993.421875,62440.7265625,63648.7109375,20183348802
2024-09-23,144.80364990234375,148.97042846679688,142.6438446044922,144.8149871826172,2344229720.0,2582.77490234375,2701.677734375,2541.910400390625,2648.54638671875,19912841456.0,63643.1015625,64733.55859375,62628.078125,63329.80078125,31400285425
2024-09-24,144.8149871826172,153.53628540039062,143.30413818359375,152.89215087890625,2927238360.0,2648.482177734375,2671.27587890625,2593.152099609375,2654.35498046875,16658812503.0,63326.83984375,64695.21484375,62737.41796875,64301.96875,29938335243
2024-09-25,152.89096069335938,153.54763793945312,147.45013427734375,148.02342224121094,2138602628.0,2654.361572265625,2672.4619140625,2557.724365234375,2579.388671875,14119729962.0,64302.58984375,64804.50390625,62945.375,63143.14453125,25078377700
2024-09-26,148.02110290527344,157.858154296875,146.87075805664062,155.5760955810547,3009969111.0,2579.217529296875,2665.99267578125,2559.954345703125,2632.199951171875,17336033595.0,63138.546875,65790.796875,62669.26953125,65181.01953125,36873129847
2024-09-27,155.5760955810547,160.9813995361328,154.13027954101562,157.74993896484375,2765830721.0,2632.241943359375,2728.067626953125,2616.950927734375,2695.900634765625,17023020294.0,65180.6640625,66480.6953125,64852.9921875,65790.6640625,32058813449
2024-09-28,157.7519073486328,159.34521484375,155.29931640625,156.9124298095703,1300870644.0,2695.81591796875,2704.9287109375,2652.25048828125,2677.5390625,10252590559.0,65792.1796875,66255.53125,65458.03515625,65887.6484375,15243637984
2024-09-29,156.9124298095703,161.62306213378906,155.2430877685547,158.62916564941406,1773980028.0,2677.628662109375,2683.44580078125,2635.5849609375,2659.346923828125,11126215671.0,65888.8984375,66069.34375,65450.015625,65635.3046875,14788214575
2024-09-30,158.63241577148438,159.50892639160156,152.01983642578125,152.61846923828125,2376780676.0,2659.292724609375,2662.489013671875,2576.97607421875,2603.062744140625,17826446789.0,65634.65625,65635.0546875,62873.6171875,63329.5,37112957475
2024-10-01,152.61846923828125,157.25819396972656,142.8423309326172,145.28988647460938,3656164855.0,2603.26416015625,2657.615478515625,2415.07861328125,2448.921142578125,25482371785.0,63335.60546875,64110.98046875,60189.27734375,60837.0078125,50220923500
2024-10-02,145.28988647460938,148.82568359375,138.9187469482422,140.38555908203125,2892264150.0,2448.877197265625,2498.121337890625,2354.539306640625,2365.231689453125,20148256472.0,60836.32421875,62357.6875,59996.94921875,60632.78515625,40762722398
2024-10-03,140.38490295410156,142.80543518066406,133.55316162109375,136.78518676757812,2914986844.0,2365.213623046875,2402.862548828125,2311.02783203125,2349.791259765625,18051447791.0,60632.484375,61469.0390625,59878.8046875,60759.40234375,36106447279
2024-10-04,136.78518676757812,144.42678833007812,136.0756378173828,143.17227172851562,2361841303.0,2349.73291015625,2440.242431640625,2339.870849609375,2414.7939453125,14879264082.0,60754.625,62465.9921875,60459.94140625,62067.4765625,29585472513
2024-10-05,143.17227172851562,144.83428955078125,141.16966247558594,142.7117462158203,1113937760.0,2414.84716796875,2427.517578125,2390.844482421875,2415.6318359375,8152969183.0,62067.609375,62371.0234375,61689.58203125,62089.94921875,13305410749
2024-10-06,142.7117156982422,146.62001037597656,142.11424255371094,146.44236755371094,1168715645.0,2415.53173828125,2456.630615234375,2407.099365234375,2439.957763671875,8458690205.0,62084.98828125,62959.5703125,61833.1484375,62818.953125,14776233667
2024-10-07,146.44354248046875,152.1038360595703,143.60458374023438,143.99179077148438,2678803498.0,2439.94482421875,2520.40625,2405.13427734375,2421.796630859375,17414044416.0,62819.109375,64443.70703125,62152.55078125,62236.66015625,34253562610
2024-10-08,143.99179077148438,145.44879150390625,141.2363739013672,143.39442443847656,1710617951.0,2421.98095703125,2464.12744140625,2400.5107421875,2439.8408203125,14067361080.0,62221.64453125,63174.3046875,61843.5625,62131.96875,28134475157
2024-10-09,143.3953399658203,145.1295166015625,138.7974395751953,139.31553649902344,1697499287.0,2439.840087890625,2470.9130859375,2350.946533203125,2368.283447265625,14954047093.0,62131.7265625,62508.8359375,60314.61328125,60582.1015625,27670982363
2024-10-10,139.3137664794922,140.58058166503906,135.58270263671875,138.88841247558594,1770157917.0,2368.273193359375,2417.2880859375,2329.78466796875,2383.85791015625,15327769940.0,60581.9296875,61236.72265625,58895.20703125,60274.5,30452813570
2024-10-11,138.88674926757812,146.43063354492188,138.755859375,145.3811492919922,1797846253.0,2383.940185546875,2470.395751953125,2380.504638671875,2436.513427734375,13489061564.0,60275.4609375,63400.87109375,60046.125,62445.08984375,30327141594
2024-10-12,145.3811492919922,147.13690185546875,144.7617645263672,146.5002899169922,1118630507.0,2436.515625,2488.23779296875,2434.202880859375,2476.523193359375,9372169184.0,62444.6171875,63448.78515625,62443.26953125,63193.0234375,16744110886
2024-10-13,146.50033569335938,148.7133331298828,144.62364196777344,147.5724334716797,1294444111.0,2476.520263671875,2484.12939453125,2436.9697265625,2467.677001953125,9189490605.0,63192.9453125,63272.65234375,62035.63671875,62851.375,18177529690
2024-10-14,147.57025146484375,157.7541046142578,147.00582885742188,157.44512939453125,2929339176.0,2467.6474609375,2652.8818359375,2443.552978515625,2628.89990234375,21434687898.0,62848.3984375,66482.4921875,62442.15234375,66046.125,43706958056
2024-10-15,157.44512939453125,158.71575927734375,150.90951538085938,154.7206268310547,3451652506.0,2629.017578125,2685.166748046875,2537.94091796875,2606.02197265625,22003780898.0,66050.3671875,67881.6796875,64809.1953125,67041.109375,48863870879
2024-10-16,154.7206268310547,158.1370391845703,153.08169555664062,154.23422241210938,2397546608.0,2606.01953125,2644.854248046875,2589.60693359375,2611.10205078125,17012396419.0,67042.4609375,68375.2890625,66758.7265625,67612.71875,38195189534
2024-10-17,154.23817443847656,155.5516357421875,147.94349670410156,150.31602478027344,2157747733.0,2611.192138671875,2646.8740234375,2577.305908203125,2604.2734375,15150712321.0,67617.078125,67912.2109375,66647.390625,67399.8359375,32790898511
2024-10-18,150.3227081298828,156.53741455078125,149.70101928710938,154.97593688964844,1754226839.0,2604.814453125,2674.371826171875,2595.958984375,2641.55224609375,17043738652.0,67419.109375,68969.75,67177.8203125,68418.7890625,36857165014
2024-10-19,154.97593688964844,159.71041870117188,153.91282653808594,159.6393585205078,1440375026.0,2641.48828125,2661.872802734375,2631.656982421875,2648.656982421875,8557834553.0,68418.9765625,68668.0078125,68024.640625,68362.734375,14443497908
2024-10-20,159.64122009277344,167.5856475830078,157.76573181152344,166.9398193359375,2579198899.0,2648.665771484375,2756.436767578125,2635.94580078125,2746.364013671875,14559296242.0,68364.1796875,69359.0078125,68105.71875,69001.703125,18975847518
2024-10-21,166.93861389160156,171.4306640625,161.8105010986328,166.2168731689453,3924173188.0,2746.3056640625,2765.549560546875,2655.29443359375,2665.712158203125,17328615363.0,69002.0,69462.734375,66829.8515625,67367.8515625,37498611780
2024-10-22,166.2176055908203,170.7600860595703,163.28536987304688,167.26014709472656,3470792372.0,2665.65673828125,2669.7900390625,2605.61865234375,2620.197509765625,15541911074.0,67360.703125,67801.578125,66581.3671875,67361.40625,31808472566
2024-10-23,167.26063537597656,173.8150177001953,164.19381713867188,170.9324951171875,3861697575.0,2620.088623046875,2624.450439453125,2457.169921875,2509.098876953125,17876984551.0,67362.375,67402.7421875,65188.03515625,66432.1953125,32263980353
2024-10-24,171.11087036132812,178.99530029296875,170.5173797607422,177.1569366455078,3529481044.0,2523.60693359375,2559.1513671875,2506.722900390625,2534.49853515625,16128627601.0,66653.703125,68798.9609375,66454.1015625,68161.0546875,31414428647
2024-10-25,177.15713500976562,177.1919403076172,160.0352783203125,164.75689697265625,4869966180.0,2534.454833984375,2563.734130859375,2381.45068359375,2435.93408203125,22560233078.0,68165.296875,68722.15625,65521.79296875,66642.4140625,41469984306
2024-10-26,164.75599670410156,172.8228302001953,162.443359375,170.70596313476562,2755373492.0,2436.050048828125,2503.23046875,2427.46142578125,2479.603271484375,13597102184.0,66628.734375,67317.921875,66360.59375,67014.6953125,19588098156
2024-10-27,170.70596313476562,177.89515686035156,170.19244384765625,176.5491943359375,2427933420.0,2479.93701171875,2523.17138671875,2462.27197265625,2505.940673828125,9801434566.0,67023.4765625,68221.3125,66847.2265625,67929.296875,16721307878
2024-10-28,176.55368041992188,179.40797424316406,172.87225341796875,178.1049041748047,3623055701.0,2505.590576171875,2587.43017578125,2470.268310546875,2565.34814453125,18971841402.0,67922.671875,70212.265625,67535.1328125,69907.7578125,38799856657
2024-10-29,178.1036376953125,183.03944396972656,176.85548400878906,179.36074829101562,3919545873.0,2565.41796875,2680.054443359375,2560.15380859375,2637.95751953125,22185845095.0,69910.046875,73577.2109375,69729.9140625,72720.4921875,58541874402
2024-10-30,179.36074829101562,181.1526641845703,173.39939880371094,174.9249725341797,2772422773.0,2637.64013671875,2720.271484375,2600.609619140625,2657.37255859375,22382690746.0,72715.3671875,72905.296875,71411.734375,72339.5390625,40646637831
2024-10-31,174.92507934570312,176.27984619140625,167.5767822265625,168.42999267578125,2652620406.0,2657.213134765625,2667.5595703125,2501.572265625,2515.79931640625,19760409505.0,72335.046875,72662.3125,69590.5,70215.1875,40627912076
2024-11-01,168.4302215576172,173.8500213623047,164.0325469970703,166.2621307373047,3157093060.0,2515.870361328125,2583.777099609375,2467.8193359375,2511.885498046875,20215438328.0,70216.8984375,71559.015625,68779.703125,69482.46875,49989795365
2024-11-02,166.2621307373047,168.4605712890625,162.38702392578125,166.01034545898438,1618170398.0,2512.208251953125,2522.360595703125,2471.95556640625,2491.068603515625,9639457439.0,69486.0234375,69867.3515625,69033.71875,69289.2734375,18184612091
2024-11-03,166.01034545898438,166.37632751464844,158.1367645263672,162.55130004882812,2645801646.0,2491.094482421875,2495.4365234375,2411.3984375,2456.42529296875,15667779706.0,69296.3828125,69361.65625,67482.5234375,68741.1171875,34868307655
2024-11-04,162.55169677734375,164.71389770507812,155.16552734375,157.74710083007812,2809006700.0,2456.09521484375,2488.350341796875,2359.578125,2397.0263671875,17110200696.0,68742.1328125,69433.1796875,66803.6484375,67811.5078125,41184819348
2024-11-05,157.74710083007812,169.12664794921875,156.98818969726562,166.72239685058594,3243848057.0,2397.036376953125,2478.618896484375,2380.601318359375,2422.650634765625,17894057485.0,67811.171875,70522.7890625,67458.8671875,69359.5625,46046889204
2024-11-06,166.72239685058594,189.9154815673828,166.6982421875,186.9547882080078,9822932731.0,2422.539306640625,2743.964111328125,2421.81298828125,2724.169189453125,41887574364.0,69358.5,76460.15625,69322.03125,75639.078125,118592653963
2024-11-07,186.9547882080078,197.90093994140625,186.13604736328125,196.3345947265625,4700842780.0,2724.005859375,2918.744384765625,2701.5908203125,2895.58544921875,35352318438.0,75637.0859375,76943.1171875,74480.421875,75904.859375,63467654989
2024-11-08,196.3345947265625,204.96975708007812,196.02374267578125,199.9390106201172,5673142495.0,2895.597900390625,2983.744873046875,2889.484375,2962.296630859375,32303261101.0,75902.8359375,77252.75,75648.7421875,76545.4765625,55176858003
2024-11-09,199.93960571289062,203.3472900390625,195.47410583496094,200.19491577148438,3363617004.0,2962.791015625,3156.3662109375,2957.182373046875,3131.14453125,29210133088.0,76556.1875,76932.765625,75773.7890625,76778.8671875,29009480361
2024-11-10,200.19595336914062,215.1790771484375,198.9831085205078,210.6137237548828,8564655765.0,3130.729248046875,3249.9140625,3073.248779296875,3191.331298828125,47418730187.0,76775.546875,81474.421875,76565.4296875,80474.1875,82570594495
2024-11-11,210.6137237548828,223.2198028564453,204.5623016357422,222.6416778564453,10290809023.0,3191.656982421875,3389.529296875,3109.76953125,3374.81298828125,55417771668.0,80471.4140625,89604.5,80283.25,88701.484375,117966845037
2024-11-12,222.6416778564453,225.0115203857422,205.44786071777344,212.2318115234375,11308516682.0,3375.15478515625,3444.154052734375,3211.198486328125,3246.25732421875,56686078066.0,88705.5625,89956.8828125,85155.109375,87955.8125,133673285375
2024-11-13,212.2080078125,220.3391876220703,201.4705810546875,215.18455505371094,11296665808.0,3244.543212890625,3337.877197265625,3121.666015625,3192.595947265625,52010205682.0,87929.96875,93434.3515625,86256.9296875,90584.1640625,123559027869
2024-11-14,215.18446350097656,222.63914489746094,207.49681091308594,209.2190704345703,8094554275.0,3192.5205078125,3240.270751953125,3032.971923828125,3058.94873046875,35743352141.0,90574.8828125,91765.21875,86682.8125,87250.4296875,87616705248
2024-11-15,209.23623657226562,219.53878784179688,204.82801818847656,218.09490966796875,6109860311.0,3059.526123046875,3130.703857421875,3016.14404296875,3103.04052734375,32701369872.0,87284.1796875,91868.7421875,87124.8984375,91066.0078125,78243109518
2024-11-16,218.56936645507812,221.66236877441406,213.80477905273438,215.8488311767578,4698955745.0,3089.739990234375,3218.089599609375,3073.286376953125,3133.27392578125,26650658846.0,91064.3671875,91763.9453125,90094.2265625,90558.4765625,44333192814
2024-11-17,215.84779357910156,241.23533630371094,212.72816467285156,237.57553100585938,9981076722.0,3133.306640625,3160.152587890625,3039.246826171875,3075.66162109375,28348163224.0,90558.4609375,91433.0390625,88741.6640625,89845.8515625,46350159305
2024-11-18,237.57553100585938,248.19281005859375,234.4010467529297,239.79425048828125,8798714213.0,3075.722900390625,3225.130615234375,3052.4912109375,3207.8564453125,35445557613.0,89843.71875,92596.7890625,89393.59375,90542.640625,75535775084
2024-11-19,239.80088806152344,247.09056091308594,234.15306091308594,238.09754943847656,6711919414.0,3208.25048828125,3222.00439453125,3070.36279296875,3111.384033203125,29823634432.0,90536.8125,94002.8671875,90426.984375,92343.7890625,74521048295
2024-11-20,238.0925750732422,242.10787963867188,230.91055297851562,235.4236602783203,6454141445.0,3111.116943359375,3159.949462890625,3032.603271484375,3072.18798828125,29785491216.0,92341.890625,94902.0234375,91619.5,94339.4921875,71730956426
2024-11-21,235.42739868164062,259.0535583496094,230.34156799316406,257.0658874511719,10735314060.0,3072.05517578125,3388.54296875,3035.8466796875,3361.053955078125,51619069348.0,94334.640625,99014.21875,94132.6015625,98504.7265625,106024505582
2024-11-22,257.0814208984375,263.70086669921875,252.1354217529297,256.5186767578125,7249493783.0,3360.654296875,3428.46044921875,3262.808837890625,3331.600830078125,36775716442.0,98496.4296875,99655.5,97222.6640625,98997.6640625,78473580551
2024-11-23,256.5181579589844,263.83154296875,253.18743896484375,255.1785125732422,6234742858.0,3331.6455078125,3499.370849609375,3317.65478515625,3396.223388671875,38835184688.0,99006.7421875,99014.6796875,97232.890625,97777.28125,44414644677
2024-11-24,255.1785125732422,259.6256408691406,243.12216186523438,252.91952514648438,5330146683.0,3396.99951171875,3451.80224609375,3288.430908203125,3363.659912109375,27901454185.0,97778.09375,98647.1796875,95788.078125,98013.8203125,51712020623
2024-11-25,252.9160614013672,256.4226989746094,231.55198669433594,234.4466094970703,6616015635.0,3364.6015625,3545.27880859375,3304.093994140625,3413.5439453125,51544793988.0,98033.4453125,98935.03125,92642.9140625,93102.296875,80909462490
2024-11-26,234.4456787109375,239.63780212402344,222.9571990966797,230.9781951904297,6996936265.0,3412.950927734375,3461.29296875,3255.54296875,3326.517333984375,39902959158.0,93087.28125,94991.75,90770.8125,91985.3203125,91656519855
2024-11-27,230.9722137451172,243.1248016357422,228.1300506591797,242.30221557617188,5381404312.0,3326.029052734375,3687.009033203125,3303.56787109375,3657.249267578125,43383987191.0,91978.140625,97361.1796875,91778.6640625,95962.53125,71133452438
2024-11-28,242.3004608154297,245.20445251464844,233.20286560058594,237.76400756835938,4047310070.0,3656.609619140625,3664.878173828125,3531.87060546875,3579.8115234375,32362724276.0,95954.9453125,96650.203125,94677.3515625,95652.46875,52260008261
2024-11-29,237.76397705078125,246.7762908935547,236.8212432861328,243.54949951171875,4152396835.0,3579.91064453125,3647.264404296875,3538.44677734375,3593.494384765625,27622629486.0,95653.953125,98693.171875,95407.8828125,97461.5234375,54968682476
2024-11-30,243.54884338378906,245.23687744140625,237.7225341796875,237.74374389648438,3549156564.0,3593.59814453125,3739.934814453125,3572.254150390625,3705.705322265625,30670867436.0,97468.8125,97499.34375,96144.21875,96449.0546875,31634227866
2024-12-01,237.74383544921875,239.80657958984375,234.5303955078125,237.06993103027344,3726118866.0,3706.619873046875,3747.455322265625,3663.234130859375,3711.1650390625,28018113530.0,96461.3359375,97888.125,95770.1875,97279.7890625,36590695296
2024-12-02,237.0654296875,237.87661743164062,220.5511932373047,225.75619506835938,7374176295.0,3710.495361328125,3761.343017578125,3557.252197265625,3644.198486328125,47284967570.0,97276.0078125,98152.6015625,94482.8671875,95865.3046875,72680784305
2024-12-03,225.76856994628906,239.27252197265625,216.4730224609375,234.2003173828125,8404095315.0,3643.7421875,3670.2197265625,3504.226318359375,3620.711669921875,36839829742.0,95854.59375,96297.203125,93629.5625,96002.1640625,67067810961
2024-12-04,234.2003173828125,240.71958923339844,225.25491333007812,229.11929321289062,6569129896.0,3620.03759765625,3895.17431640625,3617.74462890625,3841.3310546875,56799745752.0,95988.53125,99207.328125,94660.5234375,98768.53125,77199817112
2024-12-05,229.119384765625,244.6809539794922,223.46054077148438,233.9987030029297,8820663279.0,3840.844482421875,3956.54150390625,3683.4208984375,3811.00830078125,60568296606.0,98741.5390625,103900.46875,91998.78125,96593.5703125,149218945580
2024-12-06,236.54147338867188,246.4186553955078,231.42596435546875,237.0510711669922,6726557034.0,3792.20849609375,4093.172119140625,3782.681396484375,4005.810546875,52853668566.0,97074.2265625,102039.8828125,96514.875,99920.7109375,94534772658
2024-12-07,237.0510711669922,243.1240234375,234.6590576171875,238.54795837402344,4003422914.0,4006.02880859375,4029.452880859375,3974.17626953125,4002.692626953125,22574636761.0,99916.7109375,100563.3828125,99030.8828125,99923.3359375,44177510897
2024-12-08,239.48516845703125,241.4407196044922,233.71337890625,236.67233276367188,3204778349.0,4007.690673828125,4018.0,3927.85400390625,4005.70458984375,20943378971.0,99921.9140625,101399.9921875,98771.515625,101236.015625,44125751925
2024-12-09,237.4574432373047,237.4574432373047,209.7061309814453,217.34146118164062,8610208198.0,4006.101806640625,4008.77783203125,3525.23291015625,3718.6904296875,57029832059.0,101237.0625,101272.5078125,94355.9140625,97432.71875,110676473908
2024-12-10,217.32894897460938,220.74098205566406,203.7238311767578,213.82461547851562,8419973004.0,3719.00048828125,3780.75341796875,3520.365234375,3631.833740234375,58416417599.0,97441.234375,98270.15625,94321.2578125,96675.4296875,104823780634
2024-12-11,213.83522033691406,230.5073699951172,211.99317932128906,227.44683837890625,5615074058.0,3631.276123046875,3850.765380859375,3567.56640625,3832.822021484375,35968053196.0,96656.0625,101913.359375,95747.2265625,101173.03125,85391409936
2024-12-12,227.4451141357422,234.33322143554688,225.95188903808594,227.02671813964844,4935392005.0,3833.172119140625,3987.005859375,3800.0908203125,3883.1015625,42971675764.0,101167.8046875,102524.9140625,99339.953125,100043.0,72073983533
2024-12-13,227.02671813964844,228.27305603027344,220.82472229003906,224.83729553222656,4029626623.0,3883.030029296875,3967.395263671875,3855.023681640625,3911.205322265625,34895127659.0,100046.6484375,101888.8046875,99233.28125,101459.2578125,56894751583
2024-12-14,224.83729553222656,227.241943359375,215.34423828125,219.84075927734375,2925240730.0,3910.847900390625,3943.278076171875,3826.761962890625,3868.4052734375,28756190559.0,101451.4375,102618.8828125,100634.0546875,101372.96875,40422968793
2024-12-15,219.84075927734375,225.066650390625,215.91073608398438,223.6576690673828,2969473030.0,3868.441162109375,3971.498046875,3832.0966796875,3951.941162109375,25069616984.0,101373.53125,105047.5390625,101227.03125,104298.6953125,51145914137
2024-12-16,223.6561279296875,227.04476928710938,213.48239135742188,216.3349609375,5071129914.0,3951.65283203125,4106.95556640625,3882.705322265625,3987.48095703125,46536359669.0,104293.578125,107780.578125,103322.984375,106029.71875,91020417816
2024-12-17,216.33377075195312,228.68629455566406,211.90963745117188,222.8167266845703,6445051900.0,3987.333984375,4040.337890625,3849.28662109375,3886.76611328125,35418700472.0,106030.6875,108268.4453125,105291.734375,106140.6015625,68589364868
2024-12-18,222.82318115234375,225.89439392089844,205.00486755371094,206.38174438476562,6888988933.0,3886.886962890625,3902.715576171875,3617.840576171875,3618.791259765625,48946681636.0,106147.296875,106470.609375,100041.5390625,100041.5390625,93865656139
2024-12-19,206.3828125,211.99520874023438,188.02752685546875,194.28451538085938,8043974299.0,3619.58203125,3717.662353515625,3330.87255859375,3417.927978515625,58879190250.0,100070.6875,102748.1484375,95587.6796875,97490.953125,97221662392
2024-12-20,194.2822723388672,199.36219787597656,175.90516662597656,194.2081756591797,9600073165.0,3417.93017578125,3496.327392578125,3098.20361328125,3472.553466796875,66383827229.0,97484.6953125,98098.9140625,92175.1796875,97755.9296875,105634083408
2024-12-21,194.2073974609375,201.63169860839844,178.74005126953125,181.30145263671875,5368845730.0,3472.589111328125,3552.921630859375,3293.505615234375,3337.222412109375,31579389836.0,97756.1953125,99507.1015625,96426.5234375,97224.7265625,51765334294
2024-12-22,181.2868194580078,187.53346252441406,177.13406372070312,180.16891479492188,4001292417.0,3336.998779296875,3398.657470703125,3219.294921875,3277.53515625,24780768375.0,97218.3203125,97360.265625,94202.1875,95104.9375,43147981314
2024-12-23,180.17428588867188,193.0481414794922,176.71888732910156,189.75369262695312,4922594345.0,3277.51416015625,3461.52783203125,3217.36865234375,3415.785400390625,34496081389.0,95099.390625,96416.2109375,92403.1328125,94686.2421875,65239002919
2024-12-24,189.75369262695312,198.69613647460938,186.11529541015625,196.98902893066406,3412375255.0,3415.738037109375,3535.857666015625,3355.609130859375,3492.0498046875,23083678195.0,94684.34375,99404.0625,93448.015625,98676.09375,47114953674
2024-12-25,196.99136352539062,201.6346435546875,195.35304260253906,197.4790802001953,2688415733.0,3491.95751953125,3542.833740234375,3440.09716796875,3493.2353515625,17651873225.0,98675.9140625,99478.75,97593.46875,99299.1953125,33700394629
2024-12-26,197.47515869140625,199.39797973632812,186.8555908203125,188.21810913085938,2864701219.0,3493.30419921875,3512.6044921875,3302.306396484375,3331.225830078125,22247726776.0,99297.6953125,99884.5703125,95137.8828125,95795.515625,47054980873
2024-12-27,188.216552734375,193.75335693359375,182.94712829589844,183.82847595214844,2788285851.0,3331.0537109375,3436.710693359375,3302.57568359375,3328.9169921875,24091627403.0,95704.9765625,97294.84375,93310.7421875,94164.859375,52419934565
2024-12-28,183.83338928222656,195.43544006347656,183.8333282470703,195.01353454589844,2158687217.0,3328.774658203125,3419.920166015625,3318.033935546875,3397.90234375,14305648523.0,94160.1875,95525.8984375,94014.2890625,95163.9296875,24107436185
2024-12-29,195.02244567871094,197.1810760498047,188.34100341796875,189.7442626953125,2165753102.0,3397.862548828125,3406.6484375,3321.664794921875,3349.513427734375,13440907792.0,95174.0546875,95174.875,92881.7890625,93530.2265625,29635885267
2024-12-30,189.74420166015625,196.12290954589844,185.93760681152344,191.02804565429688,3246300054.0,3349.5859375,3428.52734375,3298.804443359375,3356.392578125,26981583962.0,93527.1953125,94903.3203125,91317.1328125,92643.2109375,56188003691
2024-12-31,191.04530334472656,198.6783905029297,187.97987365722656,189.2644805908203,3276526561.0,3356.394775390625,3444.396728515625,3311.41259765625,3332.53173828125,20845452085.0,92643.25,96090.6015625,91914.03125,93429.203125,43625106843
2025-01-01,189.2669219970703,194.81849670410156,187.87945556640625,193.8737335205078,2324231668.0,3332.406494140625,3366.531494140625,3310.255859375,3353.504150390625,14195410493.0,93425.1015625,94929.8671875,92788.125,94419.7578125,24519888919
2025-01-02,193.87213134765625,209.0667266845703,193.25852966308594,207.7670440673828,4230329837.0,3353.412109375,3493.4482421875,3348.35205078125,3451.392578125,22243574698.0,94416.2890625,97739.8203125,94201.5703125,96886.875,46009564411
2025-01-03,207.76760864257812,219.5595245361328,205.65240478515625,217.74732971191406,4064420852.0,3451.680908203125,3627.0556640625,3421.83154296875,3605.009765625,21877299255.0,96881.7265625,98956.9140625,96034.6171875,98107.4296875,35611391163
2025-01-04,217.748046875,217.90504455566406,213.83145141601562,216.6229248046875,2432220391.0,3605.20068359375,3669.19677734375,3574.326904296875,3657.706787109375,16060610759.0,98106.9921875,98734.4296875,97562.9765625,98236.2265625,22342608078
2025-01-05,216.6227569580078,218.87840270996094,211.76522827148438,213.3936309814453,2403765299.0,3657.7431640625,3673.81298828125,3594.616943359375,3634.103759765625,12830306908.0,98233.90625,98813.3046875,97291.765625,98314.9609375,20525254825
2025-01-06,213.39483642578125,222.95297241210938,211.65313720703125,218.72312927246094,3408034919.0,3634.11376953125,3743.941650390625,3611.21435546875,3688.611328125,23973574043.0,98314.953125,102482.875,97926.1484375,102078.0859375,51823432705
2025-01-07,218.41293334960938,219.14230346679688,202.12490844726562,202.23025512695312,4360983978.0,3688.34130859375,3701.10693359375,3358.08984375,3381.577392578125,32235312545.0,102248.8515625,102712.484375,96132.875,96922.703125,58685738547
2025-01-08,202.22787475585938,203.06031799316406,188.9578857421875,197.55905151367188,5028291858.0,3381.615478515625,3413.682861328125,3209.214599609375,3326.329345703125,34337730882.0,96924.1640625,97258.3203125,92525.84375,95043.5234375,63875859171
2025-01-09,197.55905151367188,198.9010009765625,182.32232666015625,185.02528381347656,3815664216.0,3326.359619140625,3355.8623046875,3159.384033203125,3219.4306640625,28815726276.0,95043.484375,95349.71875,91220.84375,92484.0390625,62777261693
2025-01-10,185.0131378173828,192.75631713867188,183.86676025390625,187.5791778564453,3739014100.0,3219.49658203125,3320.50048828125,3196.1103515625,3267.489990234375,26503845190.0,92494.4921875,95770.609375,92250.09375,94701.453125,62058693684
2025-01-11,187.57118225097656,191.71881103515625,184.27743530273438,187.99551391601562,2174290937.0,3267.5224609375,3317.654296875,3219.69873046875,3282.2177734375,11772144561.0,94700.8359375,94977.6875,93840.046875,94566.59375,18860894100
2025-01-12,187.99533081054688,190.74917602539062,185.2522735595703,188.5603790283203,1544086708.0,3282.150390625,3298.018310546875,3224.510498046875,3265.951171875,11647743556.0,94565.7265625,95367.5390625,93712.5078125,94488.4375,20885130965
2025-01-13,188.55091857910156,191.77517700195312,170.6289825439453,182.83535766601562,5225490858.0,3266.095458984375,3335.193603515625,2920.5927734375,3135.499755859375,39911742769.0,94488.890625,95837.0,89260.1015625,94516.5234375,72978998252
2025-01-14,182.83299255371094,189.93731689453125,181.9566650390625,187.49859619140625,2748310371.0,3135.670166015625,3254.75146484375,3126.805908203125,3223.6845703125,22847737224.0,94519.0078125,97352.6640625,94322.15625,96534.046875,53769675818
2025-01-15,187.49818420410156,205.93495178222656,186.00299072265625,205.91134643554688,4071481523.0,3223.6845703125,3473.1015625,3186.139892578125,3450.53759765625,25991614661.0,96534.046875,100697.234375,96501.640625,100504.4921875,57805923627
2025-01-16,205.92196655273438,216.83995056152344,198.6625213623047,211.22784423828125,6099125467.0,3450.30517578125,3458.1806640625,3265.67578125,3308.34521484375,26395516475.0,100505.296875,100781.5859375,97364.4453125,99756.90625,54103781805
2025-01-17,211.22840881347656,221.8524169921875,209.96925354003906,219.62161254882812,5118230275.0,3308.191162109375,3525.54345703125,3307.31103515625,3474.107177734375,28200207229.0,100025.765625,105884.2265625,99948.90625,104462.0390625,71888972663
2025-01-18,219.62069702148438,268.74658203125,217.57504272460938,261.8697509765625,23186958912.0,3473.563720703125,3493.06005859375,3228.333740234375,3305.78955078125,32420094038.0,104124.953125,104913.203125,102226.6171875,104408.0703125,50445655726
2025-01-19,261.8724365234375,294.3349609375,239.61058044433594,250.58636474609375,33172955667.0,3305.39794921875,3444.20654296875,3127.623046875,3208.96435546875,57242875399.0,104411.2890625,106299.796875,99570.53125,101089.609375,76789928525
2025-01-20,250.62496948242188,272.1530456542969,231.63455200195312,242.25022888183594,22690757561.0,3208.933837890625,3444.28271484375,3147.52294921875,3278.035400390625,52383187336.0,101083.75,109114.8828125,99471.359375,102016.6640625,126279678351
2025-01-21,242.2365264892578,259.829345703125,231.67591857910156,250.41378784179688,10694802909.0,3278.43603515625,3365.778076171875,3202.49267578125,3327.40625,32804001146.0,102052.578125,107180.921875,100103.953125,106146.265625,88733878242
2025-01-22,250.41378784179688,271.530029296875,248.75160217285156,257.23736572265625,8880832578.0,3327.2373046875,3364.74609375,3223.385986328125,3240.224609375,22171220981.0,106136.3828125,106294.34375,103360.265625,103653.0703125,53878181052
2025-01-23,257.2362365722656,258.129150390625,242.49618530273438,253.4552001953125,9264528949.0,3240.475341796875,3346.732421875,3184.06689453125,3334.714111328125,32419520084.0,103657.671875,106820.328125,101257.8046875,103960.171875,104104515428
2025-01-24,253.4552001953125,269.8057861328125,247.6314697265625,253.36122131347656,7483041553.0,3334.808349609375,3424.89990234375,3277.3232421875,3309.554931640625,25578325671.0,103965.671875,107098.546875,102772.125,104819.484375,52388229265
2025-01-25,253.36631774902344,260.5824890136719,246.65911865234375,256.0735778808594,5035419721.0,3309.711669921875,3349.29833984375,3270.273193359375,3317.26953125,13744316078.0,104824.03125,105243.7890625,104120.375,104714.6484375,23888996502
2025-01-26,256.0738830566406,259.6344909667969,240.85243225097656,240.88345336914062,4178231600.0,3317.29150390625,3359.3125,3233.922119140625,3236.13427734375,14471528757.0,104713.2109375,105438.6484375,102507.7109375,102682.5,22543395879
2025-01-27,240.8853302001953,242.42901611328125,221.97532653808594,235.07444763183594,10736630238.0,3235.855224609375,3250.396484375,3024.091552734375,3178.92041015625,39412486482.0,102680.3046875,103214.109375,97795.9375,102087.6875,89006608428
2025-01-28,235.07296752929688,243.894775390625,225.25985717773438,227.20396423339844,5105320114.0,3179.0869140625,3222.7373046875,3040.09228515625,3077.112548828125,20718206194.0,102095.4140625,103730.8203125,100238.1875,101332.4765625,47180685494
2025-01-29,227.20278930664062,237.7097625732422,222.9235076904297,227.94493103027344,5385638692.0,3076.380126953125,3177.98046875,3055.181640625,3112.9990234375,22727786058.0,101317.5234375,104750.8046875,101283.8203125,103703.2109375,47432049818
2025-01-30,227.9530487060547,244.32595825195312,227.1376190185547,239.0231475830078,4636567306.0,3113.289794921875,3282.986328125,3093.123779296875,3247.780029296875,19958405782.0,103709.3359375,106418.765625,103321.6484375,104735.3046875,41915744521
2025-01-31,239.01669311523438,241.66659545898438,228.4788360595703,231.63790893554688,4043216055.0,3247.8671875,3437.569091796875,3214.935546875,3298.26513671875,30128115902.0,104737.5625,106026.3515625,101543.8828125,102405.0234375,45732764360
2025-02-01,231.64060974121094,233.86383056640625,213.4364013671875,213.78501892089844,3546350864.0,3298.822265625,3329.6552734375,3103.9189453125,3118.32861328125,19917507079.0,102402.796875,102755.7265625,100297.7109375,100655.90625,27757944848
2025-02-02,213.78094482421875,218.38438415527344,195.44923400878906,203.11962890625,8432593480.0,3118.611572265625,3161.894287109375,2755.474609375,2868.69287109375,42060930305.0,100661.5390625,101430.6640625,96216.078125,97688.9765625,63091816853
2025-02-03,203.1215057373047,218.64768981933594,180.4093017578125,216.1495819091797,15260840772.0,2868.07861328125,2919.477294921875,2159.280517578125,2884.566650390625,92453553253.0,97681.1015625,102514.171875,91242.890625,101405.421875,115400897748
2025-02-04,216.1505126953125,219.99588012695312,202.84884643554688,207.09197998046875,7328632702.0,2883.818359375,2888.25,2636.165771484375,2735.05126953125,48795275985.0,101398.71875,101745.6171875,96208.109375,97871.8203125,73002130211
2025-02-05,207.0771026611328,209.31875610351562,195.3905792236328,195.98814392089844,3826498437.0,2735.225830078125,2824.400146484375,2701.10498046875,2787.779052734375,31960764447.0,97878.0078125,99113.2109375,96174.828125,96615.4453125,49125911241
2025-02-06,195.98638916015625,203.8878173828125,188.16552734375,189.77249145507812,3936545265.0,2787.65869140625,2857.14208984375,2662.44580078125,2688.40087890625,29500645692.0,96610.640625,99168.609375,95707.3515625,96593.296875,45302471947
2025-02-07,189.75770568847656,203.15052795410156,188.48074340820312,192.20465087890625,4593806344.0,2688.8974609375,2798.02880859375,2564.96826171875,2622.211181640625,29526663418.0,96581.3203125,100154.140625,95653.8828125,96529.0859375,55741290456
2025-02-08,192.20254516601562,200.83197021484375,190.12876892089844,199.5998992919922,2387525186.0,2623.001953125,2665.484619140625,2591.778564453125,2632.308349609375,17059263074.0,96533.2578125,96877.8046875,95702.4921875,96482.453125,22447526395
2025-02-09,199.5897979736328,207.27464294433594,194.24131774902344,200.49755859375,3380872965.0,2632.578125,2695.222412109375,2530.435791015625,2628.72119140625,17517088276.0,96481.3125,97325.28125,94745.2578125,96500.09375,27732901800
2025-02-10,200.4982452392578,208.82749938964844,196.38076782226562,200.35635375976562,4106376694.0,2628.650146484375,2692.80859375,2564.0185546875,2661.166748046875,19414208113.0,96499.4609375,98333.21875,95320.84375,97437.5546875,40078962391
2025-02-11,200.35891723632812,205.9241943359375,195.32150268554688,197.98236083984375,3907611299.0,2661.315673828125,2724.90234375,2565.397216796875,2602.781982421875,21156550492.0,97438.1328125,98492.8984375,94875.0390625,95747.4296875,37488783272
2025-02-12,197.98385620117188,198.44981384277344,189.60842895507812,196.7738037109375,4290836657.0,2602.828125,2794.867431640625,2551.174560546875,2736.902099609375,26919387954.0,95745.6953125,98151.0234375,94101.203125,97885.859375,49340445530
2025-02-13,196.7738037109375,198.26075744628906,189.42771911621094,194.46095275878906,2755407329.0,2737.028564453125,2756.443359375,2615.667724609375,2675.902587890625,19481004625.0,97888.75,98111.0859375,95269.7109375,96623.8671875,37147280860
2025-02-14,194.45455932617188,205.12501525878906,194.3540496826172,199.9356689453125,3732334277.0,2675.939453125,2790.023681640625,2666.26806640625,2726.091552734375,17732289901.0,96623.3671875,98819.46875,96342.8046875,97508.96875,32697987277
2025-02-15,199.88677978515625,200.0533905029297,192.81378173828125,194.48208618164062,1869221857.0,2726.07470703125,2738.68115234375,2668.53173828125,2693.559814453125,10803019357.0,97508.3828125,97975.0390625,97240.1953125,97580.3515625,17047266288
2025-02-16,194.4811553955078,196.0703125,186.97987365722656,188.4864044189453,2160799161.0,2693.5625,2724.096435546875,2655.297607421875,2663.31591796875,10593602117.0,97580.4921875,97725.59375,96060.9765625,96175.03125,16536755396
2025-02-17,188.48521423339844,189.50650024414062,175.2635498046875,177.6897430419922,4345262539.0,2663.2294921875,2848.7841796875,2640.18212890625,2743.19970703125,24170425078.0,96179.0078125,97032.234375,95243.546875,95773.3828125,27336550690
2025-02-18,177.68861389160156,178.94607543945312,161.30545043945312,169.08428955078125,6684824301.0,2743.02294921875,2754.6767578125,2606.900390625,2669.3388671875,23004152928.0,95773.8125,96695.375,93388.8359375,95539.546875,37325720482
2025-02-19,169.08543395996094,174.12147521972656,163.9593963623047,169.01080322265625,3717681436.0,2669.21337890625,2735.917724609375,2656.375732421875,2715.77099609375,15272401903.0,95532.53125,96855.59375,95011.96875,96635.609375,28990872862
2025-02-20,169.00534057617188,176.588134765625,167.8734588623047,176.04888916015625,3347070717.0,2715.6826171875,2770.030517578125,2708.216064453125,2740.386474609375,15917259320.0,96632.6796875,98767.1953125,96442.671875,98333.9375,31668022771
2025-02-21,176.03500366210938,180.4339599609375,167.30506896972656,168.89163208007812,4684370707.0,2740.022216796875,2842.8271484375,2616.91943359375,2659.655517578125,31441524621.0,98340.671875,99497.96875,94852.9609375,96125.546875,49608706470
2025-02-22,168.89163208007812,174.46559143066406,168.367431640625,172.16285705566406,2026581266.0,2660.035888671875,2797.057861328125,2653.867431640625,2764.029296875,16403164397.0,96134.203125,96950.15625,95765.34375,96577.7578125,18353824477
2025-02-23,172.16346740722656,173.0360565185547,166.62765502929688,168.03811645507812,1621130854.0,2764.031005859375,2850.6103515625,2746.773681640625,2821.310302734375,20493767269.0,96577.8046875,96671.875,95270.453125,96273.921875,16999478976
2025-02-24,168.03811645507812,169.56248474121094,140.56651306152344,141.98948669433594,7062261489.0,2820.456298828125,2839.010009765625,2478.8994140625,2513.8212890625,29127380459.0,96277.9609375,96503.453125,91371.7421875,91418.171875,44046480529
2025-02-25,141.99234008789062,146.7398681640625,132.48583984375,144.10775756835938,9341433919.0,2514.2109375,2529.669189453125,2326.632080078125,2493.592529296875,40044790246.0,91437.1171875,92511.078125,86008.234375,88736.171875,92139104128
2025-02-26,144.09996032714844,144.8746795654297,130.69107055664062,134.83132934570312,4916419994.0,2493.381591796875,2503.422119140625,2255.054931640625,2331.45263671875,28815111323.0,88638.890625,89286.25,82131.8984375,84347.0234375,64597492134
2025-02-27,134.83160400390625,142.1814727783203,134.729736328125,137.6208038330078,3723520943.0,2331.51025390625,2378.08740234375,2230.4482421875,2305.484375,24286213447.0,84076.859375,87000.78125,83144.9609375,84704.2265625,52659591954
2025-02-28,137.6207733154297,148.183837890625,125.74221801757812,148.03001403808594,7544673033.0,2305.56005859375,2310.94921875,2076.169921875,2237.9052734375,35737904667.0,84705.625,85036.3203125,78248.9140625,84373.0078125,83610570576
2025-03-01,148.03021240234375,150.7871551513672,138.68467712402344,143.6757049560547,3305410077.0,2237.942138671875,2279.873046875,2144.090087890625,2216.643310546875,16135258239.0,84373.8671875,86522.3046875,83794.234375,86031.9140625,29190628396
2025-03-02,143.67672729492188,178.50856018066406,140.29757690429688,178.49549865722656,11540413390.0,2216.521728515625,2548.811767578125,2175.321533203125,2519.694580078125,34854193845.0,86036.2578125,95043.4375,85040.2109375,94248.3515625,58398341092
2025-03-03,178.4952392578125,178.6346435546875,139.79010009765625,142.02108764648438,9241009702.0,2519.531005859375,2522.316650390625,2097.076171875,2145.573974609375,31473561910.0,94248.421875,94429.75,85081.3046875,86065.671875,70072228536
2025-03-04,142.03318786621094,146.39646911621094,131.57347106933594,144.9165802001953,8035056091.0,2145.65283203125,2220.358642578125,1996.767578125,2170.01513671875,33935738380.0,86064.0703125,88911.2734375,81529.2421875,87222.1953125,68095241474
2025-03-05,144.91880798339844,149.4854736328125,140.59686279296875,146.26730346679688,4501939048.0,2169.98681640625,2272.79736328125,2156.099365234375,2241.977294921875,22105432727.0,87222.953125,90998.2421875,86379.7734375,90623.5625,50498988027
2025-03-06,146.27066040039062,152.7792510986328,142.7803955078125,143.355224609375,4204376336.0,2241.906494140625,2319.396240234375,2177.677001953125,2202.476806640625,18509069102.0,90622.359375,92804.9375,87852.140625,89961.7265625,47749810486
2025-03-07,143.355224609375,150.02325439453125,135.7171630859375,139.20913696289062,6090751623.0,2202.498291015625,2254.232421875,2103.47265625,2138.987548828125,22425792863.0,89963.28125,91191.046875,84717.6796875,86742.671875,65945677657
2025-03-08,139.20913696289062,140.90457153320312,135.48297119140625,136.94207763671875,2270939562.0,2139.7978515625,2232.3271484375,2107.72802734375,2201.51025390625,10533204814.0,86742.65625,86847.265625,85247.484375,86154.59375,18206118081
2025-03-09,136.9428253173828,139.72576904296875,125.93571472167969,126.43543243408203,3429886567.0,2201.708740234375,2210.313720703125,1991.1934814453125,2015.5091552734375,16103964994.0,86154.3046875,86471.1328125,80052.484375,80601.0390625,30899345977
2025-03-10,126.43543243408203,131.24095153808594,115.91789245605469,118.291748046875,5519806938.0,2015.430419921875,2150.706298828125,1812.766845703125,1861.1513671875,35005066442.0,80597.1484375,83955.9296875,77420.59375,78532.0,54061099422
2025-03-11,118.29167175292969,128.14886474609375,113.189208984375,125.26394653320312,5259428587.0,1859.7777099609375,1961.7977294921875,1760.9417724609375,1919.844970703125,30898385863.0,78523.875,83577.7578125,76624.25,82862.2109375,54702837196
2025-03-12,125.26190185546875,130.6551055908203,121.36756134033203,126.58324432373047,4112201839.0,1919.664794921875,1954.5711669921875,1832.01904296875,1908.982666015625,22898872951.0,82857.375,84358.578125,80635.25,83722.359375,40353484454
2025-03-13,126.58324432373047,128.15863037109375,120.90947723388672,123.28614807128906,2871050068.0,1909.015380859375,1919.688232421875,1823.525390625,1862.9696044921875,17977225564.0,83724.921875,84301.6953125,79931.8515625,81066.703125,31412940153
2025-03-14,123.2865982055664,135.6434783935547,123.11714935302734,133.31448364257812,3161542602.0,1862.9979248046875,1945.0914306640625,1861.10595703125,1909.467529296875,12122715282.0,81066.9921875,85263.2890625,80797.5625,83969.1015625,29588112414
2025-03-15,133.31324768066406,136.48133850097656,132.55995178222656,135.91253662109375,1844463215.0,1909.528076171875,1955.2384033203125,1904.9656982421875,1937.3946533203125,6456484591.0,83968.40625,84672.671875,83639.59375,84343.109375,13650491277
2025-03-16,135.9167938232422,136.468994140625,125.38740539550781,125.98810577392578,2456569508.0,1937.384765625,1940.474365234375,1863.489013671875,1887.43505859375,9292997638.0,84333.3203125,85051.6015625,82017.90625,82579.6875,21330270174
2025-03-17,125.98741912841797,130.52687072753906,125.86190032958984,128.16371154785156,2487364373.0,1887.44921875,1951.6259765625,1880.484375,1927.0029296875,10436892087.0,82576.3359375,84725.328125,82492.15625,84075.6875,25092785558
2025-03-18,128.16134643554688,128.16134643554688,121.94453430175781,125.31269836425781,2534317858.0,1927.0057373046875,1935.1820068359375,1872.5089111328125,1932.54345703125,10170844746.0,84075.71875,84075.71875,81179.9921875,82718.5,24095774594
2025-03-19,125.31228637695312,135.92552185058594,124.29732513427734,135.572509765625,3539287974.0,1932.5445556640625,2068.764404296875,1928.24951171875,2057.7490234375,20065206266.0,82718.8046875,87021.1875,82569.7265625,86854.2265625,34931960257
2025-03-20,135.57415771484375,135.77261352539062,126.85357666015625,127.49718475341797,2469659459.0,2057.951171875,2067.483642578125,1952.2432861328125,1982.099853515625,13217865782.0,86872.953125,87443.265625,83647.1953125,84167.1953125,29028988961
2025-03-21,127.49885559082031,129.95623779296875,124.97737121582031,128.43031311035156,2370317364.0,1981.85302734375,1994.8914794921875,1937.2115478515625,1964.8475341796875,9708125480.0,84164.5390625,84782.2734375,83171.0703125,84043.2421875,19030452299
2025-03-22,128.429931640625,131.57618713378906,127.93255615234375,128.4849853515625,1442831196.0,1964.9404296875,2005.0411376953125,1964.27099609375,1980.037841796875,6117036512.0,84046.2578125,84513.875,83674.78125,83832.484375,9863214091
2025-03-23,128.48448181152344,133.9619598388672,128.34225463867188,132.5993194580078,1711242607.0,1979.983642578125,2019.889404296875,1977.7093505859375,2005.2991943359375,7522339707.0,83831.8984375,86094.78125,83794.9140625,86054.375,12594615537
2025-03-24,132.5993194580078,144.88308715820312,132.16180419921875,140.86927795410156,4207560020.0,2005.7183837890625,2101.9833984375,1978.7637939453125,2077.47900390625,14044912402.0,86070.9296875,88758.7265625,85541.1953125,87498.9140625,34582604933
2025-03-25,140.87472534179688,147.05799865722656,138.3466796875,143.81707763671875,3585353324.0,2078.568115234375,2096.518310546875,2038.64453125,2067.76416015625,11735658914.0,87512.8203125,88542.3984375,86346.078125,87471.703125,30005840049
2025-03-26,143.81707763671875,145.3684844970703,136.1363525390625,137.28857421875,3083070981.0,2067.5087890625,2078.369140625,1982.412353515625,2009.1893310546875,13178523590.0,87460.234375,88292.15625,85861.453125,86900.8828125,26704046038
2025-03-27,137.29095458984375,140.1745147705078,135.92221069335938,138.34738159179688,2660348034.0,2008.9405517578125,2037.3961181640625,1987.7177734375,2002.357421875,11593274543.0,86896.2578125,87786.7265625,85837.9375,87177.1015625,24413471941
2025-03-28,138.3472442626953,138.95281982421875,127.98094177246094,129.42315673828125,3532896573.0,2002.4105224609375,2015.454345703125,1863.0106201171875,1895.5029296875,18160526498.0,87185.234375,87489.859375,83557.640625,84353.1484375,34198619509
2025-03-29,129.4245147705078,130.38050842285156,123.07389068603516,124.587646484375,2253256988.0,1895.5496826171875,1911.90087890625,1799.2008056640625,1827.3203125,12194771785.0,84352.0703125,84567.3359375,81634.140625,82597.5859375,16969396135
2025-03-30,124.58648681640625,126.6233901977539,123.3007583618164,124.64263153076172,1639017444.0,1827.31103515625,1847.570556640625,1769.4127197265625,1806.2186279296875,9854857162.0,82596.984375,83505.0,81573.25,82334.5234375,14763760943
2025-03-31,124.64402770996094,127.6968994140625,123.07923889160156,124.69412994384766,3206702485.0,1806.3165283203125,1852.5513916015625,1778.6922607421875,1823.47998046875,15765030938.0,82336.0625,83870.125,81293.890625,82548.9140625,29004228247
2025-04-01,124.6953353881836,130.0324249267578,123.94904327392578,126.68238067626953,2993289339.0,1823.5623779296875,1926.302978515625,1820.350341796875,1905.491455078125,15001220420.0,82551.921875,85487.3671875,82429.359375,85169.171875,28175650319
2025-04-02,126.67960357666016,135.69578552246094,117.74427795410156,117.75762939453125,5399672438.0,1905.484619140625,1951.1802978515625,1782.76025390625,1795.313232421875,22593742104.0,85180.609375,88466.953125,82343.5390625,82485.7109375,47584398470
2025-04-03,117.74919891357422,120.78982543945312,112.47826385498047,117.06145477294922,4633002432.0,1794.97607421875,1844.071044921875,1751.380859375,1815.63720703125,16450974373.0,82487.4765625,83909.296875,81282.1015625,83102.828125,36852112080
2025-04-04,117.06481170654297,123.90060424804688,113.60323333740234,122.78688049316406,5182517335.0,1815.60986328125,1833.956787109375,1760.588623046875,1815.335205078125,18061720814.0,83100.25,84696.1484375,81670.75,83843.8046875,45157640207
2025-04-05,122.78643035888672,122.78691101074219,117.18880462646484,120.25899505615234,1667996329.0,1815.344970703125,1826.298583984375,1767.5135498046875,1805.9732666015625,6374712479.0,83844.703125,84207.015625,82377.734375,83504.796875,14380803631
2025-04-06,120.25850677490234,120.93267822265625,104.0041275024414,105.7120132446289,3822458629.0,1805.9630126953125,1815.5748291015625,1539.43798828125,1576.72802734375,22154445576.0,83504.5078125,83704.71875,77097.7421875,78214.484375,36294853736
2025-04-07,105.7120132446289,111.47198486328125,96.58806610107422,106.90277862548828,8644174246.0,1576.9498291015625,1634.0411376953125,1415.37353515625,1555.240966796875,46073959047.0,78221.3359375,81119.0625,74436.6796875,79235.3359375,91262424987
2025-04-08,106.90526580810547,112.29893493652344,103.14452362060547,105.51219177246094,5353641480.0,1554.93212890625,1617.33984375,1447.610107421875,1472.5531005859375,21315312919.0,79218.4765625,80823.890625,76198.0234375,76271.953125,48314590749
2025-04-09,105.50959014892578,120.47077178955078,101.43473815917969,119.05754089355469,7096350476.0,1472.6014404296875,1687.18798828125,1386.79931640625,1668.0400390625,39252195855.0,76273.5625,83541.0,74589.671875,82573.953125,84213627038
2025-04-10,119.06228637695312,119.08255767822266,108.60169219970703,112.80392456054688,4310698523.0,1668.2017822265625,1669.3941650390625,1474.9141845703125,1522.518798828125,21379604307.0,82565.9765625,82700.9296875,78456.1328125,79626.140625,44718000633
2025-04-11,112.80731964111328,122.39859008789062,112.1864242553711,121.53237915039062,3953610468.0,1522.4730224609375,1587.53857421875,1505.001953125,1567.1497802734375,14871838813.0,79625.046875,84247.4765625,78936.3203125,83404.8359375,41656778779
2025-04-12,121.53269958496094,133.75885009765625,119.65934753417969,132.26055908203125,4089397536.0,1567.15576171875,1666.017578125,1546.819580078125,1643.528564453125,12110995013.0,83404.515625,85856.1875,82769.375,85287.109375,24258059104
2025-04-13,132.26258850097656,133.5068359375,125.52386474609375,128.58079528808594,3818650340.0,1643.5010986328125,1648.2867431640625,1564.8388671875,1596.685791015625,13909890792.0,85279.46875,86015.1875,83027.0078125,83684.9765625,28796984817
2025-04-14,128.5781707763672,135.18695068359375,128.23287963867188,129.3103790283203,4425565001.0,1596.8818359375,1689.8575439453125,1596.0865478515625,1622.7698974609375,16518325094.0,83694.5234375,85785.0,83690.640625,84542.390625,34090769777
2025-04-15,129.31101989746094,134.1931915283203,126.1368637084961,126.26313018798828,3272094237.0,1622.7718505859375,1659.836181640625,1585.2291259765625,1588.6324462890625,13175452875.0,84539.6953125,86429.3515625,83598.8203125,83668.9921875,28040322885
2025-04-16,126.26312255859375,133.59011840820312,123.72075653076172,131.44969177246094,4448562334.0,1589.031005859375,1610.7821044921875,1540.0338134765625,1578.1053466796875,15339621551.0,83674.5078125,85428.28125,83100.6171875,84033.8671875,29617804112
2025-04-17,131.45022583007812,135.9093475341797,129.73309326171875,134.69874572753906,3504448606.0,1578.01416015625,1615.306884765625,1564.1956787109375,1582.54833984375,11312160796.0,84030.671875,85449.0703125,83749.75,84895.75,21276866029
2025-04-18,134.70419311523438,135.868896484375,132.58799743652344,134.07350158691406,2142264993.0,1582.397216796875,1599.4168701171875,1573.9039306640625,1588.9246826171875,7123507323.0,84900.1875,85095.046875,84298.8828125,84450.8046875,12728372364
2025-04-19,134.07350158691406,140.0926055908203,133.69476318359375,139.75025939941406,2522912658.0,1588.9697265625,1629.051513671875,1585.4730224609375,1612.9228515625,7168138700.0,84450.8671875,85597.703125,84353.4609375,85063.4140625,15259300427
2025-04-20,139.75289916992188,141.8303680419922,135.77146911621094,137.77459716796875,2796023398.0,1612.966064453125,1618.436767578125,1566.6915283203125,1587.5142822265625,7642784469.0,85066.0703125,85306.3828125,83976.84375,85174.3046875,14664050812
2025-04-21,137.77459716796875,142.66159057617188,134.1223602294922,136.7043914794922,4162691832.0,1587.4609375,1656.11962890625,1566.1474609375,1579.7344970703125,15403785611.0,85171.5390625,88460.09375,85143.8359375,87518.90625,41396190190
2025-04-22,136.70184326171875,149.94924926757812,135.3777618408203,148.73941040039062,4659792312.0,1579.815185546875,1773.63916015625,1542.0003662109375,1757.3316650390625,23747917555.0,87521.875,93817.3828125,87084.53125,93441.890625,55899038456
2025-04-23,148.74000549316406,153.86874389648438,147.45079040527344,151.15272521972656,4699152180.0,1757.196533203125,1829.7099609375,1746.924072265625,1796.104248046875,22904644756.0,93427.5859375,94535.734375,91962.9609375,93699.109375,41719568821
2025-04-24,151.15394592285156,152.75404357910156,145.66134643554688,152.3036346435547,3903057847.0,1795.9794921875,1801.69140625,1724.74072265625,1769.8316650390625,15207402759.0,93692.3984375,94016.1953125,91696.7109375,93943.796875,31483175315
2025-04-25,152.32135009765625,156.04518127441406,150.12779235839844,150.91500854492188,4411923686.0,1770.003662109375,1826.696044921875,1740.3319091796875,1786.634521484375,17459399281.0,93954.25,95768.390625,92898.59375,94720.5,40915232364
2025-04-26,150.91726684570312,153.01953125,148.03741455078125,149.28936767578125,2128235815.0,1786.532958984375,1839.363037109375,1781.473876953125,1821.881103515625,11926379867.0,94714.6484375,95251.359375,93927.25,94646.9296875,17612825123
2025-04-27,149.28970336914062,150.20872497558594,145.7666015625,148.24583435058594,2015737709.0,1822.175537109375,1856.44384765625,1785.902099609375,1792.864990234375,11321944113.0,94660.90625,95301.203125,93665.3984375,93754.84375,18090367764
2025-04-28,148.2451629638672,153.20770263671875,144.89144897460938,147.8099365234375,3819502747.0,1792.4461669921875,1827.4822998046875,1747.726806640625,1798.851806640625,17043640437.0,93755.3046875,95598.4921875,92860.8046875,94978.75,32363449569
2025-04-29,147.8099365234375,150.044189453125,145.16932678222656,146.42787170410156,2872743502.0,1798.9122314453125,1842.0330810546875,1782.28125,1799.1756591796875,14734257744.0,94981.859375,95485.4140625,93796.6328125,94284.7890625,25806129921
2025-04-30,146.427490234375,148.20928955078125,140.71209716796875,147.64320373535156,3017472875.0,1799.2091064453125,1816.68994140625,1736.1429443359375,1793.775390625,14810431362.0,94286.46875,95249.3203125,92979.640625,94207.3125,28344679831
2025-05-01,147.6449737548828,153.86590576171875,147.61297607421875,150.84658813476562,3224541533.0,1794.041015625,1872.9395751953125,1793.151123046875,1839.2215576171875,15861442721.0,94212.859375,97437.9609375,94153.6328125,96492.3359375,32875889623
2025-05-02,150.8431396484375,151.73170471191406,147.45223999023438,148.05003356933594,2823970426.0,1839.1748046875,1869.530029296875,1814.73046875,1842.7078857421875,13570171872.0,96494.96875,97905.8984375,96375.9453125,96910.0703125,26421924677
2025-05-03,148.0498504638672,148.95945739746094,146.1094970703125,146.79605102539062,1567415096.0,1842.7181396484375,1848.246826171875,1812.815673828125,1833.8397216796875,8344452620.0,96904.6328125,96943.8828125,95821.2890625,95891.796875,15775154889
2025-05-04,146.79595947265625,147.68251037597656,143.82241821289062,143.98306274414062,1636835620.0,1833.647216796875,1849.99853515625,1804.4951171875,1808.59423828125,8918979887.0,95877.1875,96318.921875,94173.4296875,94315.9765625,18198688416
2025-05-05,143.98593139648438,147.61659240722656,142.89988708496094,146.69664001464844,2238980623.0,1808.7049560546875,1832.05078125,1783.3148193359375,1819.697509765625,11389336489.0,94319.5625,95193.1875,93566.265625,94748.0546875,25816260327
2025-05-06,146.69577026367188,147.0896453857422,141.6705322265625,146.7664031982422,2728680947.0,1819.7340087890625,1820.796630859375,1753.3154296875,1815.0875244140625,13206516310.0,94748.3828125,96889.1796875,93399.859375,96802.4765625,26551275827
2025-05-07,146.7668914794922,149.33984375,144.88270568847656,147.2137451171875,4316881378.0,1815.0189208984375,1849.658447265625,1788.6873779296875,1811.606689453125,50540755039.0,96800.1953125,97625.8046875,95829.3359375,97032.3203125,76983822462
2025-05-08,147.21726989746094,163.9750518798828,147.2141876220703,163.96078491210938,6372889923.0,1811.54638671875,2222.20556640625,1809.4569091796875,2206.5146484375,37777245241.0,97034.25,103969.5390625,96913.875,103241.4609375,69895404397
2025-05-09,163.96023559570312,175.86207580566406,161.24777221679688,172.82827758789062,7452318987.0,2206.128173828125,2486.0068359375,2186.054443359375,2345.50732421875,43766026875.0,103239.125,104297.4921875,102343.09375,102970.8515625,58198593958
2025-05-10,172.82769775390625,178.5718536376953,168.92941284179688,177.62181091308594,4012477696.0,2345.760498046875,2597.54345703125,2320.235107421875,2582.422607421875,30265913403.0,102973.7109375,104961.765625,102830.484375,104696.328125,42276713994
2025-05-11,177.62289428710938,179.62252807617188,169.7177276611328,173.02645874023438,4025374577.0,2582.71044921875,2603.264404296875,2441.730712890625,2510.23779296875,26496368543.0,104701.0703125,104937.9921875,103364.7421875,104106.359375,46285517406
2025-05-12,173.03668212890625,180.9514923095703,169.07826232910156,174.24789428710938,6940951587.0,2510.289306640625,2620.897216796875,2411.594482421875,2496.397705078125,32121858921.0,104106.9609375,105747.453125,100814.40625,102812.953125,63250475404
2025-05-13,174.24620056152344,184.70140075683594,166.80731201171875,184.00625610351562,5170161208.0,2496.33740234375,2736.89013671875,2418.32568359375,2680.129638671875,33528741590.0,102812.4921875,104997.421875,101515.09375,104169.8125,52608876410
2025-05-14,184.0063018798828,184.7181854248047,173.7317352294922,176.709228515625,4610872279.0,2680.26220703125,2721.949951171875,2549.68505859375,2610.063232421875,26602676588.0,104167.328125,104303.5625,102618.296875,103539.4140625,45956071155
2025-05-15,176.7086639404297,178.10504150390625,167.28016662597656,169.00999450683594,4347587992.0,2610.02783203125,2645.07421875,2482.212890625,2546.85693359375,26637688883.0,103538.828125,104153.6171875,101440.8125,103744.640625,50408241840
2025-05-16,169.0146942138672,173.95809936523438,166.75723266601562,167.33395385742188,3495576096.0,2547.058349609375,2645.60791015625,2532.027099609375,2536.297607421875,21298907763.0,103735.65625,104533.484375,103137.4765625,103489.2890625,44386499364
2025-05-17,167.33395385742188,169.76828002929688,164.22494506835938,165.9308319091797,2783616834.0,2536.297607421875,2537.78173828125,2449.0693359375,2475.75439453125,18830706230.0,103489.2890625,103716.9453125,102659.1796875,103191.0859375,37898552742
2025-05-18,165.93197631835938,176.4924774169922,165.51353454589844,173.89871215820312,3866092629.0,2475.76953125,2585.697021484375,2344.668212890625,2498.233642578125,25005164865.0,103186.953125,106597.171875,103142.6015625,106446.0078125,49887082058
2025-05-19,173.83578491210938,173.83853149414062,159.64749145507812,166.86422729492188,4498613127.0,2498.800048828125,2545.461181640625,2353.427001953125,2529.166748046875,27351331811.0,106430.53125,107068.71875,102112.6875,105606.1796875,61761126647
2025-05-20,166.8642120361328,172.86056518554688,164.77964782714844,168.4836883544922,3787047019.0,2529.135009765625,2585.619873046875,2446.44677734375,2524.173095703125,23453322578.0,105605.40625,107307.1171875,104206.515625,106791.0859375,36515726122
2025-05-21,168.48411560058594,175.5224151611328,166.30487060546875,173.68173217773438,5254974027.0,2524.1591796875,2614.060791015625,2454.537841796875,2552.34716796875,31952904125.0,106791.3125,110724.4609375,106127.234375,109678.078125,78086364051
2025-05-22,173.6822052001953,180.54624938964844,172.7552490234375,179.69094848632812,4913432701.0,2552.766845703125,2691.102294921875,2546.434814453125,2664.156982421875,26596978352.0,109673.4921875,111970.171875,109285.0703125,111673.28125,70157575642
2025-05-23,179.69146728515625,187.27975463867188,173.5706329345703,173.82542419433594,7488253558.0,2664.08203125,2731.220703125,2504.87353515625,2526.44189453125,30536501878.0,111679.359375,111798.90625,106841.3046875,107287.796875,67548133399
2025-05-24,173.8404083251953,178.1427459716797,172.79171752929688,176.0424041748047,3002798120.0,2526.387939453125,2575.13134765625,2516.01806640625,2530.646240234375,11380899856.0,107278.5078125,109454.5234375,106895.2890625,107791.15625,45903627163
2025-05-25,176.03448486328125,176.72129821777344,169.3577880859375,175.72547912597656,3395309315.0,2530.89013671875,2553.869140625,2467.880126953125,2551.763916015625,14556431364.0,107802.2734375,109313.3046875,106683.375,109035.390625,47518041841
2025-05-26,175.7256622314453,178.97799682617188,173.7002410888672,174.90789794921875,2872898398.0,2551.380859375,2598.566650390625,2530.321533203125,2564.138427734375,14936610009.0,109023.78125,110376.8828125,108735.640625,109440.3671875,45950461571
2025-05-27,174.90769958496094,179.2212677001953,171.57545471191406,176.815185546875,3737068836.0,2564.140869140625,2712.28515625,2512.588623046875,2663.06982421875,26264200536.0,109440.40625,110744.2109375,107609.5546875,108994.640625,57450176272
2025-05-28,176.8146514892578,177.37599182128906,169.10569763183594,172.18955993652344,3454599629.0,2663.01025390625,2688.7421875,2611.160888671875,2682.212890625,19087366068.0,108992.171875,109298.2890625,106812.9296875,107802.328125,49155377493
2025-05-29,172.1905975341797,175.1842803955078,166.25851440429688,166.5881805419922,3480369993.0,2681.84326171875,2784.75244140625,2620.982666015625,2632.65478515625,27567479811.0,107795.5703125,108910.046875,105374.3984375,105641.7578125,56022752042
2025-05-30,166.5934295654297,167.3471221923828,156.03465270996094,156.23471069335938,4458908034.0,2632.8359375,2648.2607421875,2510.163818359375,2529.943603515625,24599403943.0,105646.2109375,106308.9453125,103685.7890625,103998.5703125,57655287183
2025-05-31,156.23594665527344,157.9366912841797,152.441650390625,156.63894653320312,2817151487.0,2529.833984375,2550.483642578125,2484.215576171875,2529.08740234375,13992843765.0,103994.71875,104927.1015625,103136.1171875,104638.09375,38997843858
2025-06-01,156.6378936767578,157.82785034179688,150.84341430664062,157.7845458984375,2554572841.0,2529.0966796875,2547.77294921875,2472.540771484375,2536.266357421875,13287852482.0,104637.296875,105884.546875,103826.953125,105652.1015625,37397056873
2025-06-02,157.7837371826172,158.89463806152344,151.99745178222656,156.99806213378906,3070599881.0,2536.184814453125,2615.515625,2477.292724609375,2607.097412109375,16744168824.0,105649.8125,105958.3125,103727.546875,105881.53125,45819706290
2025-06-03,156.9980926513672,163.39369201660156,154.70765686035156,155.34317016601562,3739800274.0,2607.197509765625,2652.418701171875,2582.25048828125,2593.2802734375,18291179016.0,105888.4765625,106813.578125,104920.84375,105432.46875,46196508367
2025-06-04,155.3417205810547,157.85304260253906,153.17564392089844,153.35964965820312,2694510572.0,2593.482666015625,2677.970458984375,2585.73779296875,2608.64306640625,18621211035.0,105434.3671875,105997.6953125,104232.703125,104731.984375,44544857105
2025-06-05,153.3593292236328,154.5604248046875,141.90293884277344,144.54295349121094,4691163987.0,2608.607177734375,2640.60400390625,2395.753662109375,2416.28564453125,26194462737.0,104750.78125,105936.6875,100436.8828125,101575.953125,57479298400
2025-06-06,144.54290771484375,152.02252197265625,144.44039916992188,147.9131317138672,2780168622.0,2416.455078125,2530.391845703125,2387.608642578125,2477.19482421875,19407449565.0,101574.3671875,105376.7734375,101169.5703125,104390.34375,48856653697
2025-06-07,147.90805053710938,152.82553100585938,147.18727111816406,150.13406372070312,1895979261.0,2477.183349609375,2543.048828125,2459.13720703125,2526.50537109375,11664303387.0,104390.6484375,105972.7578125,103987.3125,105615.625,38365033776
2025-06-08,150.13389587402344,155.04188537597656,148.22442626953125,152.4300994873047,1928262265.0,2526.193359375,2547.467041015625,2493.920166015625,2510.787109375,12097170203.0,105617.5078125,106497.0625,105075.328125,105793.6484375,36626232328
2025-06-09,152.4300994873047,161.4990997314453,149.8399200439453,161.08865356445312,3689102023.0,2510.838134765625,2693.806640625,2479.867919921875,2681.51708984375,20605172560.0,105793.0234375,110561.421875,105400.234375,110294.1015625,55903193732
2025-06-10,161.09471130371094,165.53392028808594,156.84259033203125,165.02816772460938,4891108456.0,2681.285400390625,2824.80810546875,2658.67724609375,2813.517578125,35555755055.0,110295.6875,110380.125,108367.7109375,110257.234375,54700101509
2025-06-11,165.02816772460938,168.0181121826172,159.42578125,161.0558624267578,5292694830.0,2813.73974609375,2877.62939453125,2746.4599609375,2773.529296875,30705408054.0,110261.796875,110384.21875,108086.328125,108686.625,50842662052
2025-06-12,161.0558624267578,161.20278930664062,152.23741149902344,152.7896728515625,3655760294.0,2773.597900390625,2784.2626953125,2619.966552734375,2651.795166015625,25924959613.0,108685.9140625,108780.6953125,105785.6875,105929.0546875,54843867968
2025-06-13,152.78704833984375,152.78704833984375,141.43714904785156,148.62835693359375,6346327306.0,2651.91552734375,2651.91552734375,2443.962646484375,2579.486083984375,37986747138.0,105924.59375,106182.546875,102822.0234375,106090.96875,69550440846
2025-06-14,148.63223266601562,148.64666748046875,142.22569274902344,144.7637481689453,2159011897.0,2579.721435546875,2580.158203125,2491.49072265625,2533.444091796875,14285000473.0,106108.0859375,106203.7578125,104379.3671875,105472.40625,38007870453
2025-06-15,144.76339721679688,153.21786499023438,144.36363220214844,152.81439208984375,3600058127.0,2533.183349609375,2558.677734375,2493.20458984375,2546.837158203125,13961893828.0,105464.84375,106157.1015625,104519.8828125,105552.0234375,36744307742
2025-06-16,152.81439208984375,158.60787963867188,150.8699951171875,150.8699951171875,4629439778.0,2547.226806640625,2680.087646484375,2517.145263671875,2540.60498046875,22792449577.0,105555.59375,108915.375,104997.625,106796.7578125,50366626945
2025-06-17,150.8648681640625,154.14801025390625,145.87115478515625,147.7498016357422,4505742897.0,2540.314453125,2617.9013671875,2456.64892578125,2510.761474609375,25653232897.0,106794.1171875,107750.1953125,103396.53125,104601.1171875,55964092176
2025-06-18,147.74905395507812,149.15914916992188,143.96722412109375,146.35311889648438,3507323344.0,2510.81689453125,2546.62744140625,2469.05029296875,2524.301513671875,19873957905.0,104602.0703125,105581.8515625,103602.265625,104883.328125,47318089133
2025-06-19,146.3552703857422,147.78707885742188,143.11187744140625,147.07147216796875,2754965137.0,2524.404052734375,2546.76953125,2486.101806640625,2521.653564453125,12782730709.0,104886.7734375,105250.890625,103940.7734375,104684.2890625,37333806920
2025-06-20,147.07290649414062,148.71890258789062,136.5124053955078,140.16859436035156,4112242022.0,2521.5263671875,2569.0146484375,2371.474365234375,2407.30419921875,22592586688.0,104681.03125,106539.3828125,102372.2109375,103309.6015625,50951862476
2025-06-21,140.1680450439453,142.49974060058594,132.41424560546875,135.1610107421875,3335622844.0,2407.34765625,2448.41162109375,2222.8125,2300.49560546875,16108791762.0,103315.078125,104015.78125,100973.0625,102257.40625,38360555118
2025-06-22,135.19635009765625,137.55213928222656,126.82627868652344,131.61569213867188,4990284543.0,2298.8427734375,2313.85302734375,2116.681396484375,2228.213134765625,28458151601.0,102212.03125,103351.6328125,98286.203125,100987.140625,65536997201
2025-06-23,131.61585998535156,146.59849548339844,131.16085815429688,144.8467254638672,5742740781.0,2228.484619140625,2434.23974609375,2191.418212890625,2421.824951171875,26247439429.0,100987.4765625,106116.859375,99705.75,105577.7734375,65237759656
2025-06-24,144.8467254638672,146.5894775390625,142.56668090820312,145.95452880859375,3709899362.0,2421.83056640625,2481.222900390625,2379.5693359375,2448.0087890625,19539047009.0,105571.515625,106316.828125,104740.2421875,106045.6328125,48822986421
2025-06-25,145.95350646972656,147.77401733398438,142.55795288085938,143.505126953125,3095794422.0,2448.7373046875,2468.677978515625,2394.607421875,2419.310302734375,17158118625.0,106047.40625,108168.3984375,105881.390625,107361.2578125,51624120283
2025-06-26,143.5052947998047,147.7301483154297,138.8082275390625,139.0598602294922,3480832173.0,2419.15478515625,2519.619873046875,2399.533935546875,2416.146728515625,18300413888.0,107375.0703125,108305.546875,106666.3515625,106960.0,43891990613
2025-06-27,139.05978393554688,144.4037322998047,137.79420471191406,142.1914825439453,3327165986.0,2416.023193359375,2463.15478515625,2386.324951171875,2423.866943359375,15309834970.0,106954.921875,107772.46875,106449.9921875,107088.4296875,45353692675
2025-06-28,142.19203186035156,152.43739318847656,141.3493194580078,150.8275604248047,2847495210.0,2423.92529296875,2448.191650390625,2407.76171875,2437.109375,8273074809.0,107090.546875,107567.8828125,106883.9765625,107327.703125,30037708335
2025-06-29,150.82598876953125,154.42337036132812,149.532470703125,153.35308837890625,2462940245.0,2437.11474609375,2523.320556640625,2417.625244140625,2500.9599609375,12500580479.0,107327.8203125,108526.3046875,107230.109375,108385.5703125,35534874438
2025-06-30,153.35308837890625,159.63160705566406,149.61244201660156,154.7353057861328,4752163067.0,2500.60546875,2521.720458984375,2438.054931640625,2486.46435546875,16859727663.0,108383.4375,108798.7890625,106759.6484375,107135.3359375,42064804590
2025-07-01,154.7350311279297,155.34742736816406,145.212890625,146.9266357421875,3599415509.0,2486.428466796875,2500.591796875,2389.81591796875,2405.792724609375,15025451796.0,107144.3828125,107550.6796875,105270.2265625,105698.28125,44110692247
2025-07-02,146.92874145507812,154.4098358154297,146.232177734375,152.22763061523438,3941952132.0,2405.857421875,2616.78369140625,2378.3935546875,2571.33544921875,22792512025.0,105703.1015625,109763.65625,105157.3984375,108859.3203125,56248657737
2025-07-03,152.2285614013672,156.1884765625,150.15145874023438,152.40179443359375,3748228101.0,2570.796630859375,2635.192138671875,2558.58251953125,2591.00732421875,20873559425.0,108845.015625,110541.4609375,108605.796875,109647.9765625,50494742270
2025-07-04,152.4020233154297,153.55760192871094,145.45196533203125,147.76364135742188,3575641174.0,2590.845703125,2601.11962890625,2475.7548828125,2508.518310546875,17222740209.0,109635.65625,109751.984375,107296.3828125,108034.3359375,42616442656
2025-07-05,147.76290893554688,148.59071350097656,146.07684326171875,147.64144897460938,1579874806.0,2508.095947265625,2529.84228515625,2489.00244140625,2517.280029296875,9289382302.0,108015.8359375,108381.34375,107842.2734375,108231.1796875,30615537520
2025-07-06,147.64146423339844,153.38705444335938,146.8997344970703,151.87294006347656,2921512526.0,2517.280029296875,2603.064697265625,2505.370849609375,2571.236572265625,13190436110.0,108231.1875,109731.625,107847.015625,109232.0703125,36746020463
2025-07-07,151.8733367919922,153.27696228027344,147.78939819335938,148.87234497070312,3661294298.0,2571.395263671875,2589.324951171875,2517.903564453125,2543.01318359375,18440266947.0,109235.328125,109710.25,107527.0546875,108299.8515625,45415696597
2025-07-08,148.87196350097656,152.79660034179688,147.9498748779297,151.81039428710938,3885408944.0,2542.97265625,2626.66455078125,2525.437744140625,2615.505859375,17537487206.0,108298.2265625,109198.96875,107499.5546875,108950.2734375,44282204127
2025-07-09,151.81039428710938,157.88002014160156,150.69989013671875,157.28150939941406,4759358090.0,2615.505859375,2794.5185546875,2591.947021484375,2770.777587890625,27229452849.0,108950.2734375,111925.375,108357.6796875,111326.5546875,57927418065
2025-07-10,157.28150939941406,165.0765838623047,156.0460662841797,164.06277465820312,5703252463.0,2770.7373046875,2995.152099609375,2757.2666015625,2954.84521484375,33929201261.0,111329.1953125,116608.78125,110660.75,115987.203125,95911605728
2025-07-11,164.06253051757812,167.92196655273438,160.06564331054688,162.8833770751953,7095844188.0,2954.832763671875,3038.14111328125,2916.95654296875,2957.88623046875,36226558863.0,115986.234375,118856.4765625,115245.6875,117516.9921875,86928361085
2025-07-12,162.8833770751953,163.84532165527344,157.99803161621094,160.68484497070312,3795297694.0,2958.333740234375,2979.780029296875,2907.193603515625,2942.91162109375,16317198254.0,117530.7109375,118219.8984375,116977.0234375,117435.2265625,45524560304
2025-07-13,160.68484497070312,163.9575958251953,159.9158477783203,161.1940155029297,3865898680.0,2942.853515625,3016.3935546875,2938.736572265625,2973.35888671875,17361753131.0,117432.203125,119449.5703125,117265.4375,119116.1171875,49021091807
2025-07-14,161.1940155029297,168.33612060546875,160.7777862548828,162.2752227783203,7130680773.0,2973.22509765625,3079.985595703125,2965.32373046875,3013.350830078125,36349290556.0,119115.7890625,123091.609375,118959.1953125,119849.703125,181746419401
2025-07-15,162.27561950683594,164.12208557128906,157.60275268554688,163.950439453125,6533486768.0,3013.29345703125,3142.42724609375,2934.371337890625,3139.8896484375,39013656112.0,119853.8515625,119935.5625,115765.6875,117777.1875,98321661181
2025-07-16,163.950439453125,175.83580017089844,161.69142150878906,173.70848083496094,8415349750.0,3139.8896484375,3422.60302734375,3102.477783203125,3371.5068359375,46771354461.0,117777.1875,120065.515625,117064.8203125,118738.5078125,72162029070
2025-07-17,173.70848083496094,178.0684356689453,169.03152465820312,175.7930450439453,7913250794.0,3371.5068359375,3521.685302734375,3315.9990234375,3476.784423828125,47532846793.0,118738.5078125,120999.609375,117508.21875,119289.84375,72363841798
2025-07-18,175.79193115234375,184.36900329589844,173.91468811035156,177.38197326660156,8439352014.0,3476.1240234375,3674.855224609375,3463.38623046875,3549.016357421875,59198465810.0,119284.109375,120851.9140625,116925.984375,118003.2265625,77945799785
2025-07-19,177.3819122314453,178.369384765625,174.31314086914062,177.07012939453125,4074891432.0,3548.926025390625,3608.275634765625,3512.97314453125,3595.273681640625,26031719746.0,117998.125,118541.3984375,117388.4140625,117939.9765625,47564562765
2025-07-20,177.07049560546875,183.31976318359375,176.52830505371094,181.54603576660156,6503778374.0,3595.240478515625,3819.398681640625,3582.349609375,3759.471435546875,44600451066.0,117944.109375,118865.03125,116550.1328125,117300.7890625,57515447231
2025-07-21,181.54525756835938,198.91555786132812,178.56219482421875,195.9942626953125,11211509986.0,3758.920654296875,3856.76708984375,3705.353759765625,3763.371337890625,42611467663.0,117306.46875,119671.5625,116584.3984375,117439.5390625,69820091744
2025-07-22,195.98789978027344,205.87147521972656,194.2823028564453,205.70054626464844,14508715185.0,3762.882080078125,3798.100341796875,3624.140380859375,3749.1455078125,45248868820.0,117426.5,120269.96875,116233.2265625,119995.4140625,79217583118
2025-07-23,205.71124267578125,205.75608825683594,184.32736206054688,189.54293823242188,10671351702.0,3749.238525390625,3765.0263671875,3532.8564453125,3629.70361328125,41283228953.0,119997.4453125,120113.3515625,117391.390625,118754.9609375,66608604537
2025-07-24,189.539306640625,191.88336181640625,179.94815063476562,182.60606384277344,8921891799.0,3629.731689453125,3771.381591796875,3514.999267578125,3708.005615234375,40377960354.0,118770.984375,119535.453125,117247.96875,118368.0,72627318560
2025-07-25,182.60394287109375,186.78858947753906,176.41354370117188,186.7796630859375,8613557362.0,3708.005615234375,3744.820068359375,3579.962890625,3727.266845703125,42264509577.0,118368.0,118486.9765625,114759.8203125,117635.8828125,104857024569
2025-07-26,186.77980041503906,189.64695739746094,184.5326690673828,184.91387939453125,3756183776.0,3727.2373046875,3789.789794921875,3702.774169921875,3741.39599609375,24635287361.0,117644.84375,118335.6875,117181.2265625,117947.3671875,48508954046
2025-07-27,184.91197204589844,190.44314575195312,184.74012756347656,188.73348999023438,4713357652.0,3741.25732421875,3876.93359375,3733.681640625,3875.24658203125,28897450394.0,117944.7265625,119815.59375,117859.6875,119448.4921875,54683390892
2025-07-28,188.7321014404297,194.65802001953125,182.36875915527344,182.54156494140625,7456216270.0,3875.255859375,3940.652099609375,3756.515869140625,3787.42578125,35831336149.0,119457.5234375,119819.7890625,117441.4375,117924.4765625,64822943193
2025-07-29,182.55848693847656,186.4884490966797,178.57058715820312,181.33531188964844,5430304723.0,3788.319580078125,3883.997802734375,3716.88330078125,3793.454833984375,35540435995.0,117938.5859375,119273.8671875,116987.3671875,117922.1484375,68463107433
2025-07-30,181.33531188964844,182.3795166015625,172.34226989746094,177.6940155029297,6074764559.0,3793.58251953125,3832.884033203125,3683.14453125,3808.20166015625,34392494235.0,117921.9921875,118780.7265625,115800.828125,117831.1875,68896148592
2025-07-31,177.69378662109375,182.48248291015625,171.85279846191406,172.42434692382812,5443530167.0,3808.24609375,3877.47021484375,3685.004150390625,3696.707763671875,32839839444.0,117833.6328125,118919.984375,115505.21875,115758.203125,69370346018
2025-08-01,172.4171142578125,172.4171142578125,159.78857421875,162.87709045410156,8200357157.0,3696.144287109375,3722.585693359375,3432.3798828125,3488.365966796875,46261558200.0,115738.953125,116060.7734375,112724.4453125,113320.0859375,91294530181
2025-08-02,162.87709045410156,165.1070098876953,156.0843505859375,158.48301696777344,4455060056.0,3487.956787109375,3535.558837890625,3370.943115234375,3392.7412109375,30165065282.0,113320.390625,114021.6015625,112005.765625,112526.9140625,56870866000
2025-08-03,158.48341369628906,162.8240509033203,156.87167358398438,161.95497131347656,3702562222.0,3392.744384765625,3520.831298828125,3357.93896484375,3497.379150390625,19363593865.0,112525.8046875,114747.421875,111943.8046875,114217.671875,48099615826
2025-08-04,161.9629669189453,169.71173095703125,161.43699645996094,169.42568969726562,4977909460.0,3497.613037109375,3734.9775390625,3491.554931640625,3718.986083984375,30905749658.0,114223.921875,115729.46875,114130.40625,115071.8828125,35783028986
2025-08-05,169.4277801513672,171.56015014648438,161.64089965820312,164.096435546875,4979304041.0,3719.81787109375,3720.656494140625,3547.62109375,3611.8994140625,32778742296.0,115072.1875,115117.4375,112701.109375,114141.4453125,61039182286
2025-08-06,164.09857177734375,169.86183166503906,161.40118408203125,168.1757354736328,3851544154.0,3612.038818359375,3698.124755859375,3567.095947265625,3683.920654296875,26924415763.0,114140.9140625,115737.8359375,113372.25,115028.0,56379133510
2025-08-07,168.17543029785156,175.48870849609375,166.89454650878906,175.4854278564453,5177005321.0,3684.06201171875,3926.204345703125,3650.365966796875,3914.325927734375,38627826066.0,115030.0546875,117676.90625,114279.7109375,117496.8984375,64051649681
2025-08-08,175.48545837402344,179.35963439941406,173.70159912109375,176.76329040527344,6565011386.0,3914.110595703125,4068.84765625,3882.443115234375,4009.848876953125,45460293892.0,117505.5,117689.203125,115917.4609375,116688.7265625,59713005166
2025-08-09,176.76312255859375,183.14248657226562,176.7598419189453,180.18234252929688,5297615193.0,4009.150634765625,4323.76123046875,4007.709228515625,4263.59912109375,45279715746.0,116678.2734375,117906.609375,116363.8359375,116500.359375,54004312429
2025-08-10,180.18289184570312,185.916748046875,177.99513244628906,182.90301513671875,6719478867.0,4263.552734375,4332.21044921875,4163.9404296875,4254.2177734375,36173931367.0,116497.71875,119320.7109375,116485.1640625,119306.7578125,64755458694
2025-08-11,182.9030303955078,186.6573028564453,173.68667602539062,174.97781372070312,7353962794.0,4254.2314453125,4362.0927734375,4168.875,4226.966796875,49989853803.0,119306.8125,122321.09375,118159.03125,118731.4453125,90528784177
2025-08-12,174.9778289794922,193.4408416748047,173.8356170654297,191.85682678222656,8611505118.0,4227.20703125,4634.05517578125,4222.3623046875,4590.9248046875,57237189036.0,118717.6640625,120302.46875,118228.71875,120172.90625,72803657984
2025-08-13,191.85682678222656,204.4700164794922,191.49545288085938,201.59042358398438,11831412257.0,4590.65771484375,4784.6689453125,4566.23876953125,4756.27587890625,62550014642.0,120168.9765625,123682.453125,118939.6328125,123344.0625,90904808795
2025-08-14,201.58673095703125,209.66685485839844,187.7833709716797,192.58595275878906,14664456934.0,4756.04345703125,4788.5517578125,4461.28173828125,4548.16650390625,75681632806.0,123339.3984375,124457.1171875,117254.8828125,118359.578125,104055627395
2025-08-15,192.5877685546875,198.13832092285156,183.76400756835938,185.7412567138672,7685764515.0,4549.07568359375,4667.72998046875,4375.54541015625,4439.98876953125,55445715824.0,118365.78125,119332.3125,116864.5703125,117398.3515625,68665353159
2025-08-16,185.7395477294922,189.98114013671875,185.45777893066406,189.76699829101562,3716008732.0,4439.998046875,4493.1494140625,4379.16455078125,4426.18017578125,26816931514.0,117398.421875,117996.0625,117271.953125,117491.3515625,48036922378
2025-08-17,189.76585388183594,195.4407958984375,187.7236785888672,191.16482543945312,4221788171.0,4426.259765625,4575.87646484375,4400.71337890625,4473.271484375,31348101438.0,117492.7890625,118595.7734375,117279.5234375,117453.0625,45852169525
2025-08-18,191.16448974609375,191.35415649414062,180.4141082763672,183.0698699951172,6328028844.0,4473.33056640625,4484.009765625,4229.3798828125,4312.5048828125,53518423360.0,117453.90625,117614.171875,114723.6796875,116252.3125,72787808090
2025-08-19,183.06968688964844,185.7837371826172,175.99241638183594,176.11227416992188,5990636025.0,4312.5302734375,4355.0751953125,4070.535400390625,4073.464111328125,50440367102.0,116241.859375,116764.5,112730.3984375,112831.1796875,71657600353
2025-08-20,176.11387634277344,187.68954467773438,176.10101318359375,187.5863037109375,6283111574.0,4073.168212890625,4376.78955078125,4064.965087890625,4334.50048828125,49577862965.0,112828.0234375,114625.796875,112387.9609375,114274.7421875,67993811526
2025-08-21,187.5863037109375,189.40052795410156,179.7133331298828,180.28062438964844,5379108039.0,4334.5673828125,4338.826171875,4205.77685546875,4223.2099609375,33618359942.0,114275.6875,114802.6484375,111986.234375,112419.03125,57817883700
2025-08-22,180.27969360351562,201.93734741210938,177.47476196289062,200.64744567871094,10256417346.0,4223.73095703125,4884.22802734375,4209.47216796875,4831.3486328125,75965521535.0,112433.734375,117377.3984375,111678.9453125,116874.0859375,82528088240
2025-08-23,200.6461639404297,207.83900451660156,195.37184143066406,203.93673706054688,7845395369.0,4831.08837890625,4831.61083984375,4669.72509765625,4776.09033203125,36503623278.0,116866.3671875,116996.25,114536.109375,115374.328125,55377142586
2025-08-24,203.93714904785156,211.76023864746094,201.7071990966797,205.8523712158203,11456987571.0,4776.70458984375,4953.73291015625,4714.47265625,4779.6474609375,52405003873.0,115387.390625,115615.0859375,111060.546875,113458.4296875,73961489632
2025-08-25,205.85543823242188,213.00613403320312,186.02505493164062,187.2784423828125,13048248034.0,4779.76953125,4796.35009765625,4343.947265625,4372.98779296875,63936163545.0,113456.8984375,113637.84375,109324.28125,110124.3515625,85706860190
2025-08-26,187.26841735839844,197.84652709960938,186.17344665527344,195.90509033203125,8032115173.0,4372.88037109375,4632.0732421875,4316.30078125,4600.4267578125,53829747706.0,110124.1015625,112397.015625,108762.0390625,111802.65625,69396320317
2025-08-27,195.906005859375,211.85757446289062,194.0631103515625,202.92337036132812,12883119559.0,4600.51025390625,4659.9873046875,4489.2978515625,4503.39306640625,43509902322.0,111795.7109375,112619.4140625,110398.265625,111222.0625,62137056409
2025-08-28,202.9257049560547,216.08740234375,202.00714111328125,214.4056396484375,12079041801.0,4503.63134765625,4629.03125,4435.109375,4507.177734375,36045274078.0,111219.0546875,113450.078125,110900.921875,112544.8046875,58860155962
2025-08-29,214.40133666992188,217.83670043945312,200.43594360351562,205.22000122070312,14055051455.0,4507.63134765625,4513.859375,4272.45947265625,4360.15283203125,46899991962.0,112550.5234375,112619.0546875,107559.625,108410.8359375,77843379644
2025-08-30,205.2144775390625,206.80039978027344,197.89419555664062,202.86013793945312,5828701739.0,4360.0888671875,4413.27490234375,4264.1953125,4374.1533203125,25883112278.0,108409.40625,108929.3515625,107444.4453125,108808.0703125,51486264208
2025-08-31,202.85719299316406,206.5069580078125,200.6566925048828,200.86354064941406,5028997406.0,4374.8935546875,4497.1767578125,4373.5966796875,4390.01904296875,26683044984.0,108818.4609375,109491.0,108104.65625,108236.7109375,47986191770
2025-09-01,200.8618621826172,204.2178497314453,194.37802124023438,197.10833740234375,7253329838.0,4389.6259765625,4490.3466796875,4221.24755859375,4314.47021484375,37530746508.0,108228.75,109890.5859375,107271.1796875,109250.59375,66870372995
2025-09-02,197.10958862304688,209.48153686523438,197.09365844726562,209.48153686523438,8625200488.0,4314.39111328125,4414.93408203125,4260.45947265625,4325.36572265625,39884692334.0,109243.0703125,111748.015625,108454.03125,111200.5859375,74776999491
2025-09-03,209.4827880859375,212.82351684570312,207.58407592773438,210.74630737304688,6966454259.0,4324.6962890625,4489.19873046875,4286.2060546875,4450.38916015625,35260873497.0,111190.6953125,112600.2265625,110582.9609375,111723.2109375,61119643565
2025-09-04,210.74630737304688,211.79501342773438,202.12701416015625,202.5601806640625,5241887525.0,4450.2158203125,4483.451171875,4268.5888671875,4298.744140625,34919798552.0,111718.1484375,112208.328125,109347.2265625,110723.6015625,60131132901
2025-09-05,202.54673767089844,209.8600616455078,201.1800079345703,203.49851989746094,7780086538.0,4298.8369140625,4484.361328125,4258.0498046875,4306.98876953125,44163736676.0,110723.015625,113357.4921875,110233.3984375,110650.984375,60241647677
2025-09-06,203.49851989746094,204.5575408935547,199.64039611816406,200.24630737304688,3057210360.0,4306.97314453125,4327.43994140625,4244.7548828125,4274.2421875,18108246446.0,110650.5703125,111275.015625,110024.0859375,110224.6953125,21500719036
2025-09-07,200.2473602294922,207.86734008789062,200.22850036621094,206.4681854248047,4153166545.0,4274.1669921875,4334.2744140625,4271.5341796875,4305.34765625,17426783536.0,110221.328125,111591.078125,110211.625,111167.6171875,24618007520
2025-09-08,206.46453857421875,216.8997802734375,205.7173614501953,214.1864013671875,10019366594.0,4305.38134765625,4381.27490234375,4279.97216796875,4308.072265625,32277142378.0,111163.015625,112869.234375,110630.609375,112071.4296875,40212813407
2025-09-09,214.18653869628906,219.52349853515625,211.1582489013672,217.2506866455078,8798692220.0,4308.283203125,4381.2265625,4277.85302734375,4309.04150390625,30703320925.0,112077.578125,113225.4375,110776.703125,111530.546875,45984480722
2025-09-10,217.25039672851562,225.51246643066406,215.27252197265625,223.98690795898438,9070263027.0,4309.091796875,4450.41796875,4286.0625,4349.14599609375,39521365146.0,111531.25,114275.25,110940.078125,113955.359375,56377473784
2025-09-11,223.98568725585938,228.90882873535156,222.025146484375,228.7561798095703,9580815361.0,4349.2001953125,4471.69873046875,4339.716796875,4461.2333984375,35959212991.0,113961.4296875,115522.546875,113453.8359375,115507.5390625,45685065332
2025-09-12,228.75624084472656,243.78890991210938,228.2635498046875,242.30328369140625,13008621197.0,4461.4794921875,4734.27392578125,4453.28466796875,4715.24609375,43839753626.0,115507.7890625,116769.3828125,114794.484375,116101.578125,54785725894
2025-09-13,242.3009796142578,244.14328002929688,236.47329711914062,242.5959014892578,7478581447.0,4714.70361328125,4763.361328125,4609.12548828125,4668.1796875,34843845977.0,116093.5625,116334.6328125,115248.2734375,115950.5078125,34549454947
2025-09-14,242.59559631347656,249.12413024902344,240.21392822265625,240.5576934814453,9358190854.0,4668.17138671875,4690.64208984375,4581.84716796875,4609.59765625,28394160275.0,115950.2890625,116181.5,115222.3984375,115407.65625,32798036057
2025-09-15,240.548095703125,244.0004119873047,230.4840087890625,234.35755920410156,10017744936.0,4609.72314453125,4670.5302734375,4469.861328125,4526.8203125,40224062009.0,115399.6328125,116747.8828125,114461.0625,115444.875,52937859416
2025-09-16,234.35922241210938,240.6835174560547,231.8729705810547,236.9895782470703,7521208086.0,4526.078125,4537.599609375,4428.330078125,4503.564453125,32761501436.0,115423.7578125,117005.2734375,114813.09375,116843.1875,45781744593
2025-09-17,236.97752380371094,246.4639434814453,232.7739715576172,244.85745239257812,10420751509.0,4503.6357421875,4617.23486328125,4429.64453125,4592.7333984375,44120899417.0,116840.5078125,117328.609375,114794.9765625,116468.5078125,60528025996
2025-09-18,244.85130310058594,253.20989990234375,242.90658569335938,247.6371307373047,9258651570.0,4592.44287109375,4643.97265625,4556.27001953125,4589.9189453125,33497259158.0,116461.265625,117911.7890625,116188.796875,117137.203125,49457272032
2025-09-19,247.63824462890625,248.50660705566406,235.87193298339844,238.55270385742188,7513642552.0,4589.505859375,4620.79296875,4443.2646484375,4470.9169921875,30352619653.0,117137.671875,117479.7578125,115141.8203125,115688.859375,38828473971
2025-09-20,238.5497589111328,240.99896240234375,237.17776489257812,239.5924835205078,3518711912.0,4470.978515625,4509.81201171875,4459.1591796875,4482.265625,18056494322.0,115691.125,116191.1484375,115473.5234375,115721.9609375,22864449614
2025-09-21,239.5933074951172,241.80892944335938,235.71669006347656,236.57545471191406,3513052984.0,4482.583984375,4499.38916015625,4447.119140625,4451.3291015625,19330306133.0,115730.2265625,115901.0859375,115252.578125,115306.09375,22495852193
2025-09-22,236.57421875,236.8692626953125,216.9177703857422,220.49644470214844,12102727916.0,4451.58056640625,4457.08251953125,4092.396728515625,4202.87744140625,58221334533.0,115309.21875,115431.3125,112037.6484375,112748.5078125,70684158591
2025-09-23,220.50390625,221.3500518798828,212.8028564453125,213.71730041503906,7373425460.0,4203.021484375,4227.7314453125,4120.8154296875,4165.50390625,32460075911.0,112757.4765625,113351.9140625,111535.5703125,112014.5,47211853279
2025-09-24,213.71072387695312,216.38018798828125,206.0406036376953,211.75625610351562,8377116522.0,4165.41259765625,4206.90185546875,4081.34765625,4153.46923828125,33538388785.0,112007.6640625,113986.2734375,111229.640625,113328.6328125,48044595085
2025-09-25,211.75344848632812,212.4007568359375,192.08314514160156,192.38076782226562,12314273479.0,4153.52099609375,4162.0625,3829.0107421875,3868.333984375,68963092031.0,113330.1640625,113541.0859375,108713.3984375,109049.2890625,75528654284
2025-09-26,192.39796447753906,205.415283203125,191.12664794921875,205.35255432128906,10334548744.0,3868.69091796875,4069.168701171875,3868.43359375,4035.887939453125,47873508328.0,109041.296875,110359.1953125,108728.9765625,109712.828125,57738288949
2025-09-27,205.34518432617188,205.39913940429688,200.2690887451172,203.5833282470703,4016294139.0,4035.91455078125,4038.45166015625,3975.758056640625,4018.658203125,20382555776.0,109707.140625,109778.5,109144.296875,109681.9453125,26308042910
2025-09-28,203.58323669433594,210.89622497558594,198.3204345703125,210.7377471923828,4467879569.0,4018.65966796875,4143.00390625,3969.79296875,4141.4765625,24631307054.0,109681.9453125,112375.484375,109236.9453125,112122.640625,33371048505
2025-09-29,210.73973083496094,214.6881103515625,205.1308135986328,213.05340576171875,6886600486.0,4141.3564453125,4234.78271484375,4087.92724609375,4217.341796875,38560429932.0,112117.875,114473.5703125,111589.953125,114400.3828125,60000147466
2025-09-30,213.0449676513672,213.50680541992188,204.56564331054688,208.7431182861328,6873718512.0,4217.05517578125,4238.67138671875,4095.443603515625,4145.95751953125,37679153330.0,114396.5234375,114836.6171875,112740.5625,114056.0859375,58986330258
2025-10-01,208.7422332763672,221.67587280273438,206.62066650390625,221.67587280273438,8264703260.0,4146.03369140625,4351.1123046875,4125.5419921875,4351.1123046875,46161664723.0,114057.59375,118648.9296875,113981.3984375,118648.9296875,71328680132
2025-10-02,221.69473266601562,234.86058044433594,219.85984802246094,234.85687255859375,9665302715.0,4352.24072265625,4517.6650390625,4336.5263671875,4487.923828125,48074066058.0,118652.3828125,121086.40625,118383.15625,120681.2578125,71415163912
2025-10-03,234.85398864746094,236.7911834716797,227.67674255371094,233.00196838378906,9289248668.0,4486.9345703125,4591.44384765625,4431.47900390625,4514.87060546875,49603450230.0,120656.984375,123944.703125,119344.3125,122266.53125,83941392228
2025-10-04,233.0009765625,233.90084838867188,224.4738311767578,228.00320434570312,4553115834.0,4514.9091796875,4519.52685546875,4444.0126953125,4489.197265625,21832270764.0,122267.46875,122857.640625,121577.5703125,122425.4296875,36769171735
2025-10-05,228.00250244140625,236.77723693847656,226.89816284179688,228.6011962890625,7132874650.0,4489.05322265625,4616.533203125,4472.138671875,4515.4228515625,44880806324.0,122419.671875,125559.2109375,122191.9609375,123513.4765625,73689317763
2025-10-06,228.60110473632812,237.32254028320312,227.998046875,232.5160369873047,7521265450.0,4515.30078125,4736.208984375,4492.8701171875,4687.771484375,44992456374.0,123510.453125,126198.0703125,123196.046875,124752.53125,72568881188
2025-10-07,232.5147705078125,235.08648681640625,220.45469665527344,220.4827117919922,9339230314.0,4687.7099609375,4755.22021484375,4443.5712890625,4451.15185546875,54879425294.0,124752.140625,125184.0234375,120681.96875,121451.3828125,76149412513
2025-10-08,220.4855499267578,229.5643310546875,218.18418884277344,229.10121154785156,7198664384.0,4451.10791015625,4556.2216796875,4417.76806640625,4527.64794921875,40456628235.0,121448.3515625,124167.09375,121119.1796875,123354.8671875,65354305286
2025-10-09,229.0968780517578,229.31578063964844,217.19894409179688,220.99107360839844,7901186012.0,4526.9609375,4531.716796875,4273.5595703125,4369.1435546875,47903074596.0,123337.0703125,123739.34375,119812.03125,121705.5859375,74653009425
2025-10-10,220.99305725097656,224.25440979003906,174.06973266601562,188.6638641357422,16784427014.0,4369.0654296875,4395.57080078125,3460.222412109375,3843.0087890625,97736621123.0,121704.7421875,122509.6640625,104582.4140625,113214.3671875,153125018868
2025-10-11,188.63890075683594,190.87913513183594,173.75479125976562,178.05416870117188,12850012618.0,3840.96044921875,3882.241455078125,3652.7900390625,3750.611572265625,62475475938.0,113236.4296875,113429.7265625,109760.5625,110807.8828125,110236934340
2025-10-12,178.0561981201172,198.8739776611328,173.52139282226562,197.508544921875,11797041281.0,3750.946044921875,4195.3974609375,3701.478271484375,4164.427734375,61216174681.0,110811.515625,115805.0625,109715.5390625,115169.765625,93710414091
2025-10-13,197.51219177246094,209.2491912841797,191.9441680908203,208.36729431152344,11469454798.0,4164.04931640625,4292.845703125,4061.224609375,4245.4677734375,50253782420.0,115161.6796875,116020.484375,113821.1875,115271.078125,71582026739
2025-10-14,208.36355590820312,211.10504150390625,191.6710205078125,202.46034240722656,13600198608.0,4245.37255859375,4265.10546875,3895.9736328125,4125.412109375,67094148347.0,115264.8828125,115502.8828125,110029.484375,113118.6640625,92212917403
2025-10-15,202.4618682861328,208.33116149902344,192.70005798339844,194.02186584472656,9867608882.0,4125.361328125,4213.85595703125,3935.161376953125,3987.45947265625,50462889453.0,113113.96875,113622.3828125,110235.8359375,110783.1640625,72574132855
2025-10-16,194.02186584472656,197.95574951171875,182.2513427734375,184.68894958496094,10042886154.0,3987.14892578125,4079.648193359375,3829.654052734375,3894.75439453125,49147390731.0,110782.171875,111990.8125,107537.03125,108186.0390625,87306423067
2025-10-17,184.6862030029297,187.42857360839844,174.74417114257812,182.0347900390625,10401735741.0,3894.377685546875,3950.56689453125,3678.620361328125,3832.558837890625,57404271888.0,108179.1328125,109235.8046875,103598.4296875,106467.7890625,99703051669
2025-10-18,182.03616333007812,188.26788330078125,182.02398681640625,187.66029357910156,4108902789.0,3833.009521484375,3927.24560546875,3822.266357421875,3890.34619140625,23815676385.0,106483.734375,107490.984375,106387.453125,107198.265625,37779905278
2025-10-19,187.66029357910156,192.2006072998047,183.458251953125,187.79820251464844,4863227045.0,3890.58349609375,4029.35546875,3843.77294921875,3984.649658203125,32870655221.0,107204.3125,109488.9921875,106157.7890625,108666.7109375,47657008953
2025-10-20,187.79830932617188,194.34115600585938,184.046630859375,189.75067138671875,6103945646.0,3984.6962890625,4084.15966796875,3911.726318359375,3980.76025390625,40224612563.0,108667.4453125,111711.03125,107485.015625,110588.9296875,63507793085
2025-10-21,189.7620391845703,197.37448120117188,183.31324768066406,185.66627502441406,8186574439.0,3980.740478515625,4109.533203125,3843.227783203125,3876.76416015625,49960290350.0,110587.6328125,113996.34375,107534.75,108476.890625,101194375480
2025-10-22,185.66732788085938,187.32662963867188,177.6731414794922,180.14813232421875,7337365275.0,3877.363037109375,3890.63232421875,3718.0771484375,3808.122314453125,46173305673.0,108491.53125,109115.1328125,106778.0,107688.5859375,80807013218
2025-10-23,180.14813232421875,193.17556762695312,179.80087280273438,191.38827514648438,6358339771.0,3808.0849609375,3930.974853515625,3801.241455078125,3856.0263671875,36361652714.0,107679.4375,111288.59375,107548.4296875,110069.7265625,54944076060
2025-10-24,191.3885955810547,195.3123321533203,189.10888671875,193.5602264404297,5855077941.0,3856.033203125,4002.561767578125,3849.724853515625,3934.5673828125,34090708715.0,110069.3515625,111842.53125,109770.1484375,111033.921875,48160816980
2025-10-25,193.56082153320312,195.08335876464844,191.60333251953125,194.04037475585938,3170047006.0,3934.489990234375,3967.6455078125,3914.640625,3953.470947265625,15245229017.0,111032.6171875,111947.703125,110704.40625,111641.7265625,24707667305
2025-10-26,194.03758239746094,200.6212158203125,192.1607666015625,200.02862548828125,4753310567.0,3953.437255859375,4177.310546875,3923.192626953125,4157.9892578125,29120786315.0,111639.0546875,115260.90625,111268.484375,114472.4453125,41708524143
2025-10-27,200.02748107910156,205.02005004882812,197.59854125976562,198.74171447753906,6714497027.0,4158.0107421875,4250.669921875,4099.56982421875,4120.1220703125,40271333201.0,114479.8515625,116273.3125,113882.2890625,114119.328125,61761358733
2025-10-28,198.74099731445312,203.83175659179688,191.38519287109375,194.4427947998047,8093133805.0,4120.27490234375,4173.50537109375,3940.834228515625,3982.262451171875,39684155177.0,114129.0859375,116078.984375,112291.6796875,112956.1640625,64528066504
2025-10-29,194.43362426757812,201.6774444580078,190.6092071533203,194.41087341308594,8057327834.0,3980.759033203125,4036.35302734375,3849.538818359375,3903.35302734375,35255876156.0,112921.328125,113642.7265625,109368.71875,110055.3046875,62192043469
2025-10-30,194.40017700195312,198.0394744873047,179.2217254638672,184.62442016601562,8688393422.0,3903.322509765625,3948.22265625,3681.909423828125,3804.375244140625,39981939289.0,110059.1953125,111612.3515625,106376.6875,108305.546875,69673964814
2025-10-31,184.6289520263672,189.85353088378906,184.02078247070312,187.20947265625,5699604751.0,3805.082763671875,3900.580322265625,3797.669189453125,3847.080322265625,37800100395.0,108304.4140625,111031.8203125,108288.2734375,109556.1640625,60090359560
2025-11-01,187.20925903320312,187.34556579589844,184.0620880126953,186.3800506591797,2742470897.0,3847.17138671875,3906.7802734375,3832.634765625,3874.18798828125,17490279524.0,109558.625,110574.8984375,109372.953125,110064.015625,25871668762
2025-11-02,186.37965393066406,188.1415252685547,182.82925415039062,187.8259735107422,3213989849.0,3873.894287109375,3914.87548828125,3839.997314453125,3911.063232421875,20479611654.0,110064.4296875,111167.3125,109523.453125,110639.625,34284209459
2025-11-03,187.8260498046875,188.7412109375,163.5452880859375,166.0906982421875,10083921329.0,3911.747802734375,3912.63330078125,3560.263671875,3602.30810546875,53091469560.0,110646.90625,110764.9140625,105336.359375,106547.5234375,72852006359
2025-11-04,166.0955352783203,168.20030212402344,146.7495574951172,155.40318298339844,11720472283.0,3602.040771484375,3652.687255859375,3063.0869140625,3292.574462890625,76827517773.0,106541.421875,107264.8828125,98962.0625,101590.5234375,110967184773
2025-11-05,155.3994598388672,163.65786743164062,147.89247131347656,162.56607055664062,7278004532.0,3292.148193359375,3479.8095703125,3170.513916015625,3425.171142578125,46955882330.0,101579.234375,104534.703125,98989.9140625,103891.8359375,77584934804
2025-11-06,162.56338500976562,162.779296875,153.79432678222656,155.06591796875,5543550041.0,3425.361083984375,3454.3359375,3245.28173828125,3312.2578125,36731850433.0,103893.6640625,104147.3046875,100336.8671875,101301.2890625,63932752861
2025-11-07,155.06640625,164.09254455566406,150.44387817382812,161.7081756591797,6565811742.0,3312.029296875,3471.804931640625,3195.896728515625,3435.301025390625,42609994022.0,101286.2421875,104052.9140625,99257.0546875,103372.40625,92168030081
2025-11-08,161.70852661132812,164.70510864257812,156.08547973632812,158.10250854492188,3777278818.0,3435.1474609375,3482.268310546875,3357.713134765625,3400.3759765625,23613870398.0,103371.703125,103373.5625,101458.0390625,102282.1171875,51446691095
2025-11-09,158.1029815673828,166.2310333251953,155.38453674316406,164.45384216308594,4538025398.0,3400.0986328125,3616.43701171875,3359.717529296875,3582.621337890625,28821543888.0,102278.984375,105418.3671875,101468.875,104719.640625,59679243013
2025-11-10,164.45126342773438,170.15528869628906,163.8563995361328,167.36700439453125,5424364139.0,3583.44482421875,3656.14892578125,3508.98583984375,3568.4599609375,35638045619.0,104723.7734375,106564.6953125,104350.6484375,105996.59375,69585887229
2025-11-11,167.36734008789062,171.6073455810547,154.26486206054688,154.56832885742188,6202061657.0,3568.47265625,3644.5283203125,3404.86181640625,3415.2822265625,39734688531.0,105996.859375,107428.2578125,102457.328125,102997.46875,71130078574
2025-11-12,154.56333923339844,161.01406860351562,151.46876525878906,153.2620391845703,5979682267.0,3415.7958984375,3586.013916015625,3373.711669921875,3413.09423828125,34898956623.0,103011.4375,105297.234375,100836.6171875,101663.1875,64347179408
2025-11-13,153.2600555419922,156.98609924316406,141.3976593017578,145.1084747314453,7354986019.0,3412.994873046875,3561.86083984375,3156.03076171875,3232.757080078125,50283416669.0,101674.1484375,104005.4921875,97988.71875,99697.4921875,101546815416
2025-11-14,145.1084747314453,145.46722412109375,136.0413360595703,138.67660522460938,8170562276.0,3232.295166015625,3252.660888671875,3071.970703125,3103.78564453125,47003809463.0,99694.703125,99804.4296875,94000.734375,94397.7890625,114346441890
2025-11-15,138.67660522460938,143.59059143066406,138.67660522460938,139.5352020263672,3449336899.0,3104.230224609375,3227.690185546875,3104.230224609375,3166.63134765625,19932940649.0,94420.46875,96728.46875,94420.46875,95549.1484375,38500716654
2025-11-16,139.5326690673828,143.15945434570312,134.96566772460938,137.26573181152344,4722106857.0,3166.79345703125,3244.837646484375,3007.07275390625,3092.847412109375,30987886524.0,95556.8671875,96564.1875,92971.1640625,94177.078125,71086235862
2025-11-17,137.26535034179688,142.46754455566406,129.01918029785156,130.8482666015625,7330608944.0,3092.941650390625,3218.13037109375,2957.3095703125,3024.538818359375,41026793235.0,94180.875,95928.3671875,91214.7578125,92093.875,94186165724
2025-11-18,130.84869384765625,141.83172607421875,129.3094024658203,140.71438598632812,7400753648.0,3024.4140625,3167.9326171875,2948.329345703125,3122.97900390625,41581494270.0,92094.53125,93745.078125,89300.4609375,92948.875,101333569062
2025-11-19,140.71438598632812,142.47825622558594,130.64390563964844,136.76695251464844,6005404886.0,3122.64599609375,3122.64599609375,2871.22802734375,3023.07080078125,40229739844.0,92946.1640625,92946.1640625,88526.828125,91465.9921875,80350354656
2025-11-20,136.76776123046875,144.3306121826172,131.38912963867188,133.51715087890625,8497498957.0,3022.885498046875,3057.78857421875,2790.597900390625,2831.777587890625,43917885207.0,91459.3515625,93025.0703125,86040.796875,86631.8984375,97970645638
2025-11-21,133.5139617919922,134.7876434326172,122.27206420898438,128.50050354003906,10081815694.0,2829.2646484375,2880.60302734375,2626.87158203125,2765.69921875,51476486049.0,86528.7734375,87380.8046875,80659.8125,85090.6875,129157506112
2025-11-22,128.49856567382812,129.64389038085938,125.40487670898438,127.55120086669922,3490973210.0,2766.090576171875,2795.4267578125,2704.502197265625,2767.607421875,15408928941.0,85098.5625,85503.0078125,83490.8984375,84648.359375,40793099246
2025-11-23,127.55113220214844,133.32691955566406,127.55113220214844,130.70506286621094,3820042054.0,2767.594970703125,2856.446533203125,2767.472900390625,2801.676025390625,20358404499.0,84648.609375,88038.46875,84641.7734375,86805.0078125,58083435576
2025-11-24,130.70603942871094,139.48390197753906,128.54151916503906,138.37135314941406,6046925667.0,2801.204345703125,2982.822021484375,2763.3779296875,2952.71337890625,32491657389.0,86798.7734375,89206.3359375,85272.1953125,88270.5625,74433896110
2025-11-25,138.37889099121094,140.3466339111328,133.5081329345703,138.89114379882812,4512057787.0,2952.58447265625,2978.704345703125,2857.8359375,2957.936279296875,23336017779.0,88269.9609375,88457.3359375,86131.4296875,87341.890625,64837343545
2025-11-26,138.88987731933594,144.47103881835938,135.63246154785156,143.01219177246094,5361639551.0,2958.32958984375,3043.927001953125,2889.890625,3027.81201171875,21433162961.0,87345.5859375,90581.15625,86316.8984375,90518.3671875,66496301869
2025-11-27,143.0125274658203,144.1732177734375,140.6957550048828,140.84640502929688,3419017564.0,3027.799072265625,3070.73193359375,2987.19775390625,3014.542236328125,16972780500.0,90517.765625,91897.578125,90089.515625,91285.375,57040622845
2025-11-28,140.8464813232422,143.30421447753906,136.28543090820312,137.39019775390625,4865188881.0,3014.543701171875,3095.033203125,2995.76513671875,3032.304443359375,20659958964.0,91285.3828125,92969.0859375,90257.1171875,90919.265625,60895830289
2025-11-29,137.39064025878906,137.8857879638672,135.1206817626953,136.0817108154297,2428334173.0,3032.29541015625,3051.962890625,2966.850830078125,2991.685302734375,12775481230.0,90918.7421875,91187.6171875,90260.1875,90851.7578125,37921773455
2025-11-30,136.0821075439453,139.93711853027344,133.5648193359375,133.5648193359375,3123775023.0,2991.375244140625,3051.597900390625,2978.826171875,2992.112548828125,11530446514.0,90838.2109375,91965.046875,90394.3125,90394.3125,38497902869
2025-12-01,133.5648193359375,133.60720825195312,123.31387329101562,126.70902252197266,6212210725.0,2991.923095703125,2996.8818359375,2720.4365234375,2800.18896484375,36679598313.0,90389.109375,90398.15625,83862.25,86321.5703125,87962894424
2025-12-02,126.7086181640625,140.66482543945312,126.1412582397461,138.67420959472656,6173683503.0,2800.22314453125,3032.76123046875,2784.390625,2997.939697265625,26593645111.0,86322.5390625,92316.6328125,86202.1953125,91350.203125,78546798211
2025-12-03,138.673095703125,145.73007202148438,137.94105529785156,144.89849853515625,5809364566.0,2997.801513671875,3212.559814453125,2988.14208984375,3191.57177734375,29949301036.0,91345.09375,94060.7734375,91056.390625,93527.8046875,77650204986
2025-12-04,144.89154052734375,146.7203826904297,138.0679931640625,139.0145263671875,4304817495.0,3188.343505859375,3238.555419921875,3071.31005859375,3134.31640625,27434991113.0,93454.2578125,94038.2421875,90976.1015625,92141.625,64538402681
2025-12-05,139.01397705078125,140.3798828125,131.1352996826172,133.322998046875,4557254539.0,3134.357421875,3192.45703125,2989.83154296875,3024.432861328125,28000268228.0,92133.6484375,92702.640625,88152.140625,89387.7578125,63256398633
2025-12-06,133.32437133789062,134.06983947753906,131.50657653808594,132.34844970703125,2061286212.0,3024.487548828125,3067.661376953125,3013.98193359375,3040.207763671875,10962819760.0,89389.359375,90267.4609375,88951.6640625,89272.375,37994042405
2025-12-07,132.34986877441406,136.23268127441406,128.2851104736328,132.09356689453125,3824892147.0,3040.17919921875,3148.7734375,2930.645263671875,3061.3017578125,20383496376.0,89277.8125,91740.84375,87799.5625,90405.640625,47394898960
2025-12-08,132.0959930419922,139.2073516845703,131.67465209960938,133.27822875976562,4710407082.0,3061.013671875,3177.86767578125,3043.703857421875,3125.197998046875,25262165670.0,90424.5859375,92267.1171875,89644.890625,90640.203125,57394099056
2025-12-09,133.27833557128906,144.74278259277344,131.8707275390625,137.901611328125,5869893316.0,3124.942626953125,3395.838623046875,3092.87646484375,3321.114990234375,32012553374.0,90639.703125,94601.5703125,89586.9765625,92691.7109375,66861721440
2025-12-10,137.90609741210938,142.44235229492188,135.8628692626953,136.46902465820312,5949930252.0,3321.2041015625,3446.622802734375,3290.14697265625,3325.39013671875,30694387989.0,92695.234375,94477.15625,91640.1328125,92020.9453125,65420694513
2025-12-11,136.46376037597656,137.67807006835938,129.38401794433594,136.37156677246094,5833676784.0,3324.38671875,3327.344482421875,3149.034423828125,3237.056884765625,29066243707.0,92011.3046875,93554.265625,89335.296875,92511.3359375,64532834621
2025-12-12,136.36993408203125,139.98731994628906,130.67987060546875,132.3242950439453,5282060650.0,3237.025634765625,3265.37255859375,3050.267333984375,3084.172607421875,24391003174.0,92513.6640625,92747.9296875,89532.6015625,90270.4140625,80275884583
2025-12-13,132.32403564453125,134.24513244628906,131.98580932617188,133.24746704101562,2024059188.0,3084.129638671875,3134.849365234375,3080.07861328125,3116.6953125,9916869400.0,90257.796875,90647.5703125,89800.9921875,90298.7109375,64237748110
2025-12-14,133.24761962890625,133.5909881591797,128.9016571044922,129.48109436035156,2489001258.0,3116.743896484375,3128.622802734375,3034.692626953125,3060.5947265625,15619543350.0,90296.4375,90498.109375,87634.9375,88175.1796875,50465972205
2025-12-15,129.48333740234375,134.71762084960938,123.998046875,127.75711822509766,5120043768.0,3060.4814453125,3175.1181640625,2899.685791015625,2964.18310546875,28765976892.0,88171.078125,89983.921875,85304.078125,86419.78125,45559514323
2025-12-16,127.75730895996094,129.9452667236328,125.45384979248047,129.25120544433594,3918682307.0,2964.379638671875,2978.92138671875,2890.01171875,2964.180908203125,22709189818.0,86424.40625,88170.09375,85381.6875,87843.984375,41262178223
2025-12-17,129.25282287597656,133.4417724609375,121.55805206298828,123.11980438232422,5452646038.0,2964.01953125,3025.8154296875,2791.333984375,2831.403564453125,26159825528.0,87847.6171875,90264.5703125,85316.265625,86143.7578125,44243392914
2025-12-18,123.12610626220703,128.76417541503906,117.31623077392578,119.57015228271484,5835673225.0,2831.48828125,2994.552734375,2777.11962890625,2827.069091796875,29194181349.0,86144.3671875,89412.6640625,84436.3125,85462.5078125,52667115348
2025-12-19,119.57015228271484,127.5052261352539,117.79812622070312,126.1927490234375,5045203467.0,2827.410400390625,3014.6123046875,2811.3916015625,2977.970703125,27870687989.0,85476.1328125,89339.1171875,85107.6640625,88103.3828125,46733310561
2025-12-20,126.19405364990234,126.76323699951172,125.39103698730469,125.80903625488281,1703857955.0,2977.869140625,2992.31005859375,2967.838623046875,2977.58251953125,7612418215.0,88101.671875,88497.203125,87924.875,88344.0,14688196659
2025-12-21,125.81024169921875,126.45636749267578,123.60157775878906,125.99150085449219,2335972346.0,2977.508544921875,3009.80712890625,2945.394775390625,3001.61376953125,11178096676.0,88344.703125,89027.953125,87613.203125,88621.75,19845522660
2025-12-22,125.99151611328125,128.38507080078125,124.4066162109375,125.80123138427734,3657779407.0,3001.61279296875,3073.353759765625,2965.175048828125,3006.07373046875,20342034264.0,88621.3984375,90501.9296875,87908.0703125,88490.015625,38047472118
2025-12-23,125.80123138427734,126.73116302490234,122.32801818847656,123.85721588134766,3084149409.0,3006.073974609375,3033.1962890625,2902.3330078125,2963.3740234375,21453213168.0,88490.03125,88898.3828125,86606.9765625,87414.0,43683011533
2025-12-24,123.85684204101562,124.10684204101562,120.78385925292969,122.45860290527344,2313559221.0,2962.922607421875,2975.171142578125,2888.988037109375,2945.590576171875,13984770325.0,87404.3203125,87956.8828125,86411.796875,87611.9609375,25550297986
2025-12-25,122.45835876464844,124.19391632080078,119.90099334716797,119.9471206665039,2194207451.0,2945.423095703125,2968.705078125,2891.10888671875,2903.57958984375,11828871179.0,87608.3203125,88501.7890625,86949.2578125,87234.7421875,19953216347
2025-12-26,119.94737243652344,124.92918395996094,119.57316589355469,122.19595336914062,3779508002.0,2903.625,2991.219970703125,2894.15380859375,2925.74560546875,18562196049.0,87235.5078125,89459.4296875,86628.140625,87301.4296875,42455674908
2025-12-27,122.19612121582031,124.74816131591797,121.86039733886719,124.64771270751953,1711358748.0,2925.7451171875,2957.300537109375,2917.271240234375,2947.998291015625,7378783299.0,87301.4296875,87874.78125,87182.9765625,87802.15625,13741199310
2025-12-28,124.6484146118164,125.21761322021484,123.07058715820312,125.19935607910156,2003713687.0,2947.898193359375,2957.138671875,2925.745361328125,2948.568115234375,9227601389.0,87799.34375,87986.890625,87394.953125,87835.8359375,15156557929
2025-12-29,125.19874572753906,129.30441284179688,122.42872619628906,123.12522888183594,4871847248.0,2948.55908203125,3051.94189453125,2908.748046875,2934.538330078125,25957694515.0,87835.7890625,90299.15625,86717.9140625,87138.140625,48411625849
2025-12-30,123.1244888305664,126.19066619873047,122.53900146484375,124.93132019042969,3096711898.0,2934.416259765625,3002.8046875,2916.330078125,2971.416748046875,18816704381.0,87134.3515625,89297.9375,86735.546875,88430.1328125,35586356225
2025-12-31,124.93132019042969,127.11942291259766,123.46351623535156,124.48446655273438,3627228070.0,2971.407470703125,3021.849609375,2959.143798828125,2967.03759765625,16451891101.0,88429.5859375,89080.2890625,87130.5625,87508.828125,33830210616
2026-01-01,124.4847412109375,126.98711395263672,124.0515365600586,126.76112365722656,2461653813.0,2966.997314453125,3006.01025390625,2966.84521484375,3000.394287109375,10268796662.0,87508.046875,88803.2265625,87399.40625,88731.984375,18849043990
2026-01-02,126.76112365722656,132.98789978027344,125.79122161865234,132.1336669921875,4508641946.0,3000.453125,3146.984375,2989.9013671875,3124.422607421875,25242778003.0,88733.0625,90884.4609375,88298.6171875,89944.6953125,46398906171
2026-01-03,132.13339233398438,133.60838317871094,129.93521118164062,133.29847717285156,2477037555.0,3124.310302734375,3135.025634765625,3077.4658203125,3125.91748046875,11460707919.0,89945.0546875,90679.5703125,89328.0703125,90603.1875,20774828592
2026-01-04,133.2982177734375,135.35447692871094,133.22732543945312,133.8996124267578,2982580991.0,3125.960205078125,3160.551025390625,3119.427490234375,3140.71044921875,13890479323.0,90603.0,91712.5859375,90595.1015625,91413.4921875,26770491368
2026-01-05,133.9026336669922,139.63558959960938,133.34866333007812,137.98997497558594,5200675282.0,3141.486328125,3261.245849609375,3134.0927734375,3226.13037109375,27211995956.0,91414.625,94762.0703125,91414.625,93882.5546875,53376407252
2026-01-06,137.9898223876953,143.0365753173828,136.3661346435547,141.09841918945312,5874437271.0,3226.116455078125,3303.5634765625,3184.0146484375,3295.94677734375,27853981622.0,93876.9453125,94395.296875,91286.546875,93729.03125,52430605257
2026-01-07,141.0961151123047,141.0989227294922,134.6916046142578,136.31301879882812,3910044770.0,3295.91259765625,3296.394287109375,3126.552001953125,3166.843994140625,22665982583.0,93727.46875,93738.7890625,90601.8046875,91308.0546875,43461295053
2026-01-08,136.31301879882812,139.83444213867188,132.82118225097656,138.29342651367188,4776764584.0,3166.924072265625,3179.866455078125,3052.509765625,3104.382568359375,22760237888.0,91309.640625,91485.8515625,89233.875,91027.125,42386697030
2026-01-09,138.29727172851562,140.8950653076172,135.04872131347656,135.7563934326172,5002612595.0,3104.334716796875,3140.709228515625,3058.096923828125,3083.047119140625,18879517395.0,91026.2734375,91910.671875,89625.3828125,90513.1015625,38305906684
2026-01-10,135.75704956054688,136.81883239746094,135.29322814941406,135.7270050048828,1631651535.0,3083.16650390625,3099.16748046875,3075.135498046875,3082.39599609375,6960662969.0,90510.1015625,90713.03125,90283.3984375,90386.6484375,12385895282
2026-01-11,135.72767639160156,141.0433807373047,135.6405029296875,139.49046325683594,3148787073.0,3082.407470703125,3141.9580078125,3080.747802734375,3118.88525390625,10497219711.0,90385.359375,91155.2265625,90212.0234375,90827.4609375,17165568977
2026-01-12,139.49087524414062,143.9115753173828,138.42050170898438,139.1361846923828,6095296933.0,3118.828857421875,3166.219970703125,3068.07275390625,3092.3251953125,21152711365.0,90825.859375,92395.5234375,90055.0234375,91192.9921875,41346275358
2026-01-13,139.13543701171875,147.30531311035156,137.80845642089844,145.36087036132812,6784244711.0,3092.008544921875,3352.580078125,3088.512939453125,3322.095458984375,27237310134.0,91185.3359375,96011.625,90941.9296875,95321.78125,54980674354
2026-01-14,145.36163330078125,148.21600341796875,143.52069091796875,146.7528076171875,6358680886.0,3322.192138671875,3397.897705078125,3280.378662109375,3354.72265625,33926411912.0,95322.90625,97860.6015625,94583.046875,96929.328125,60592490863
2026-01-15,146.75563049316406,146.76199340820312,141.03555297851562,142.3324432373047,4616638822.0,3354.765869140625,3382.44873046875,3276.820068359375,3317.101318359375,27598686935.0,96931.2890625,97150.171875,95103.2421875,95551.1875,53086363027
2026-01-16,142.3328857421875,145.3809814453125,140.43679809570312,144.8604736328125,3652609587.0,3317.341796875,3325.25048828125,3251.814453125,3295.482177734375,22732887284.0,95554.1015625,95801.890625,94259.2734375,95525.1171875,33248170537
2026-01-17,144.8601531982422,144.8657684326172,143.57345581054688,143.72567749023438,1900249993.0,3295.482666015625,3328.283447265625,3282.661865234375,3308.8642578125,11206492253.0,95525.15625,95598.4765625,95005.6171875,95099.921875,16021715122
2026-01-18,143.72593688964844,143.82252502441406,137.9600372314453,137.99542236328125,2984193864.0,3308.90576171875,3367.167724609375,3278.4267578125,3281.15771484375,13557863288.0,95101.1796875,95491.5078125,93588.8671875,93634.4296875,20809781232
2026-01-19,137.99720764160156,137.99765014648438,132.81777954101562,133.3386993408203,5018545520.0,3282.19921875,3282.65478515625,3166.0166015625,3186.62109375,27956112545.0,93655.671875,93660.828125,92089.25,92553.59375,39195241508
2026-01-20,133.33859252929688,134.38629150390625,125.67015838623047,125.70572662353516,5647782627.0,3186.62109375,3197.391845703125,2925.54345703125,2935.605712890625,32985301273.0,92553.6015625,92798.4296875,87814.9296875,88310.90625,53072968031
2026-01-21,125.70572662353516,131.8393096923828,125.58707427978516,129.3790740966797,5435243612.0,2935.882080078125,3064.390625,2867.264404296875,2978.901123046875,35797876195.0,88326.5078125,90430.40625,87231.5703125,89376.9609375,56330422434
2026-01-22,129.3789520263672,130.49163818359375,126.85424041748047,128.28834533691406,3212054901.0,2979.307861328125,3034.338134765625,2905.562744140625,2949.63330078125,21993593333.0,89378.5234375,90258.9609375,88438.4453125,89462.453125,35549685694
2026-01-23,128.28851318359375,129.72862243652344,125.3766098022461,127.36157989501953,3766000022.0,2949.44580078125,3013.9541015625,2892.52099609375,2953.25634765625,22417700837.0,89462.046875,91100.25,88486.359375,89503.875,38997586037
2026-01-24,127.363037109375,127.90245056152344,126.56280517578125,127.05381774902344,1620566908.0,2953.23828125,2965.46875,2942.444580078125,2948.74072265625,8198666763.0,89506.1484375,89811.609375,89044.2890625,89110.734375,14558687712
2026-01-25,127.05250549316406,127.22686004638672,117.57979583740234,118.77285766601562,5349293195.0,2948.534423828125,2955.016845703125,2785.896728515625,2815.90234375,22414089670.0,89104.765625,89193.1484375,86003.7109375,86572.21875,36124986722
2026-01-26,118.77265167236328,125.06038665771484,118.6618423461914,124.13972473144531,4273720547.0,2815.768798828125,2945.99755859375,2811.074951171875,2926.45703125,29668620102.0,86566.5234375,88743.0703125,86429.2890625,88267.140625,45329286974
2026-01-27,124.13898468017578,127.62338256835938,123.04519653320312,127.05479431152344,3683537052.0,2926.201171875,3031.03857421875,2898.3115234375,3022.2109375,27976005223.0,88257.4765625,89427.125,87228.921875,89102.5703125,38744942267
2026-01-28,127.0533218383789,127.9662857055664,124.89337921142578,125.11844635009766,3544660044.0,3022.237548828125,3040.718505859375,2981.589599609375,3006.607421875,21751566455.0,89104.046875,90439.2890625,88721.4609375,89184.5703125,39807419296
2026-01-29,125.11925506591797,125.18667602539062,115.41664123535156,117.60576629638672,6044075471.0,3006.26171875,3008.03759765625,2751.64501953125,2818.232666015625,37487198041.0,89169.8515625,89200.78125,83250.6015625,84561.5859375,64653083162
2026-01-30,117.60324096679688,118.86773681640625,112.96723175048828,117.363037109375,6818716389.0,2818.135498046875,2823.91455078125,2633.8388671875,2702.375244140625,41877689970.0,84562.7265625,84602.1640625,81071.4765625,84128.65625,72083816087
2026-01-31,117.36463165283203,118.61029052734375,99.98045349121094,105.441650390625,9542017060.0,2702.301513671875,2709.53369140625,2248.69873046875,2445.091796875,47569532203.0,84126.5,84136.921875,75815.8828125,78621.1171875,70479259159
2026-02-01,105.44039916992188,106.20301818847656,98.52946472167969,100.85052490234375,5440089988.0,2445.0693359375,2472.646240234375,2224.117919921875,2267.96484375,40358630560.0,78626.125,79322.609375,75698.8984375,76974.4453125,53372509744
2026-02-02,100.8449478149414,105.69131469726562,96.42904663085938,104.47115325927734,6949524331.0,2267.5625,2393.0634765625,2158.937255859375,2344.356689453125,48844346396.0,76968.875,79258.609375,74551.3359375,78688.765625,75140589684
2026-02-03,104.47044372558594,104.91223907470703,96.8131332397461,97.56390380859375,5824450887.0,2344.44580078125,2357.2060546875,2109.05517578125,2227.558837890625,47906083919.0,78693.5078125,79118.8515625,72897.140625,75633.546875,68249110822
2026-02-04,97.56403350830078,99.45185852050781,89.66161346435547,92.02930450439453,7163239530.0,2227.967041015625,2291.13134765625,2074.102783203125,2143.504150390625,45219604814.0,75640.09375,76864.65625,71779.9296875,73019.703125,67215363944
2026-02-05,92.02930450439453,92.90266418457031,77.77494049072266,78.18741607666016,10561367080.0,2143.618896484375,2167.139892578125,1818.664306640625,1821.68310546875,60381662655.0,73016.375,73161.5546875,62353.53515625,62702.09765625,125509410908
2026-02-06,78.18553161621094,89.50743865966797,68.69181823730469,87.46477508544922,11668451362.0,1821.12939453125,2090.328125,1748.627685546875,2063.386962890625,64998454203.0,62704.453125,71681.3046875,60074.203125,70555.390625,114674259489
2026-02-07,87.4673080444336,89.0591812133789,84.32820892333984,87.63983154296875,5200795827.0,2063.333740234375,2115.824951171875,1995.9185791015625,2090.54931640625,41145430304.0,70553.796875,71611.1484375,67364.4453125,69281.96875,62347107663
2026-02-08,87.63983154296875,88.67376708984375,85.87124633789062,87.04410552978516,3068974562.0,2090.633544921875,2148.12060546875,2066.3837890625,2088.762939453125,19541713443.0,69283.7265625,72206.90625,68852.8984375,70264.7265625,39721722619
2026-02-09,87.04224395751953,88.4691162109375,82.9388427734375,86.7017822265625,4074999909.0,2087.92138671875,2144.97607421875,2008.3623046875,2103.567626953125,26750982266.0,70243.328125,71369.96875,68291.03125,70120.78125,52081598792
2026-02-10,86.70360565185547,87.34439086914062,81.989990234375,82.91548156738281,2879051689.0,2104.181884765625,2122.021484375,1990.1405029296875,2019.4974365234375,23267337087.0,70137.390625,70464.265625,67913.09375,68793.9609375,40593063077
2026-02-11,82.91615295410156,84.22687530517578,78.39973449707031,79.2542495727539,4305057649.0,2019.580078125,2030.409423828125,1903.6851806640625,1940.621337890625,23922680362.0,68791.859375,69242.6796875,65757.3046875,66991.96875,49671946030
2026-02-12,79.25389862060547,82.10655975341797,76.66899108886719,78.34844207763672,3687924145.0,1940.8411865234375,1999.5028076171875,1897.3348388671875,1946.940673828125,20106364835.0,66992.1953125,68339.4921875,65092.109375,66221.84375,44651071271
2026-02-13,78.34674072265625,85.46414184570312,77.61656951904297,84.32254028320312,3663739655.0,1946.6107177734375,2069.456787109375,1924.136962890625,2048.52734375,20412430639.0,66213.375,69382.8359375,65835.78125,68857.84375,40820775886
2026-02-14,84.32231140136719,88.80354309082031,84.23580932617188,88.16083526611328,2954230209.0,2048.330322265625,2105.067626953125,2042.6414794921875,2086.009765625,16925555543.0,68856.984375,70481.1640625,68706.6171875,69767.625,36012397645
2026-02-15,88.16121673583984,91.07579040527344,85.0082015991211,86.00509643554688,4172988583.0,2085.95361328125,2100.47900390625,1929.3944091796875,1966.04296875,31030538835.0,69764.953125,70939.2890625,68052.546875,68788.1875,40191152750
2026-02-16,86.00759887695312,86.67033386230469,82.7319107055664,86.42878723144531,3523436883.0,1965.9232177734375,2021.0836181640625,1938.5450439453125,1997.917724609375,19219250473.0,68782.3984375,70067.234375,67301.5859375,68843.15625,33618145426
2026-02-17,86.4288330078125,87.5501708984375,83.13166046142578,85.1976089477539,3175385366.0,1997.9217529296875,2013.8560791015625,1941.7789306640625,1992.1943359375,20929890501.0,68843.09375,69201.8671875,66615.28125,67494.21875,34866936040
2026-02-18,85.19692993164062,85.85118865966797,80.5713119506836,81.56694793701172,3282222779.0,1992.195068359375,2037.1585693359375,1923.8134765625,1953.97412109375,20187307041.0,67488.0234375,68434.4296875,65845.8984375,66425.3203125,33094301643
2026-02-19,81.56705474853516,82.57433319091797,79.75370025634766,82.39324951171875,2887552822.0,1953.994140625,1985.8076171875,1906.822021484375,1948.2010498046875,17380103826.0,66425.625,67277.125,65637.4296875,66957.5234375,31492987019
2026-02-20,82.39338684082031,85.26191711425781,81.85164642333984,84.6351089477539,3866512374.0,1948.268798828125,1980.2437744140625,1923.622802734375,1969.0223388671875,21682976627.0,66958.578125,68269.03125,66452.484375,68005.421875,47507867304
2026-02-21,84.62995147705078,86.6325454711914,84.04829406738281,86.55139923095703,2146688640.0,1968.4521484375,1994.4000244140625,1957.259765625,1990.802490234375,12244962304.0,67996.2109375,68652.921875,67596.8359375,68539.7890625,21666402304
